timestamp,device_id,session,seq,temp,hum,light,ir,gas,sensor_ok,label
2026-09-20T08:50:46.043581,esp32-may-1,20260920_085045_kho_bai_tinh,1,27.4,64.0,4095.0,1.0,64.0,1,0
2026-09-20T08:50:47.008249,esp32-may-1,20260920_085045_kho_bai_tinh,2,27.4,64.0,4095.0,1.0,66.0,1,0
2026-09-20T08:50:48.243226,esp32-may-1,20260920_085045_kho_bai_tinh,3,27.3,64.0,4095.0,1.0,65.0,1,0
2026-09-20T08:50:49.267027,esp32-may-1,20260920_085045_kho_bai_tinh,4,27.3,64.0,4095.0,1.0,69.0,1,0
2026-09-20T08:50:50.039094,esp32-may-1,20260920_085045_kho_bai_tinh,5,27.3,64.0,4095.0,1.0,66.0,1,0
2026-09-20T08:50:51.113890,esp32-may-1,20260920_085045_kho_bai_tinh,6,27.3,64.0,4095.0,1.0,65.0,1,0
2026-09-20T08:50:52.030710,esp32-may-1,20260920_085045_kho_bai_tinh,7,27.3,64.0,4095.0,1.0,67.0,1,0
2026-09-20T08:50:53.157819,esp32-may-1,20260920_085045_kho_bai_tinh,8,27.3,64.0,4095.0,1.0,64.0,1,0
2026-09-20T08:50:54.181181,esp32-may-1,20260920_085045_kho_bai_tinh,9,27.4,64.0,4095.0,1.0,61.0,1,0
2026-09-20T08:50:55.053637,esp32-may-1,20260920_085045_kho_bai_tinh,10,27.4,64.0,4095.0,1.0,71.0,1,0
2026-09-20T08:50:56.234741,esp32-may-1,20260920_085045_kho_bai_tinh,11,27.4,64.0,4095.0,1.0,66.0,1,0
2026-09-20T08:50:57.049358,esp32-may-1,20260920_085045_kho_bai_tinh,12,27.4,64.0,4095.0,1.0,65.0,1,0
2026-09-20T08:50:58.072270,esp32-may-1,20260920_085045_kho_bai_tinh,13,27.4,64.0,4095.0,1.0,68.0,1,0
2026-09-20T08:50:59.010640,esp32-may-1,20260920_085045_kho_bai_tinh,14,27.4,64.0,4095.0,1.0,68.0,1,0
2026-09-20T08:51:00.119806,esp32-may-1,20260920_085045_kho_bai_tinh,15,27.4,64.0,4095.0,1.0,69.0,1,0
2026-09-20T08:51:01.009143,esp32-may-1,20260920_085045_kho_bai_tinh,16,27.4,64.0,4095.0,1.0,69.0,1,0
2026-09-20T08:51:02.170830,esp32-may-1,20260920_085045_kho_bai_tinh,17,27.4,64.0,4095.0,1.0,67.0,1,0
2026-09-20T08:51:03.193743,esp32-may-1,20260920_085045_kho_bai_tinh,18,27.4,64.0,4095.0,1.0,69.0,1,0
2026-09-20T08:51:04.033299,esp32-may-1,20260920_085045_kho_bai_tinh,19,27.3,64.0,4095.0,1.0,70.0,1,0
2026-09-20T08:51:05.005518,esp32-may-1,20260920_085045_kho_bai_tinh,20,27.3,64.0,4095.0,1.0,66.0,1,0
2026-09-20T08:51:06.263090,esp32-may-1,20260920_085045_kho_bai_tinh,21,27.4,64.0,4095.0,1.0,69.0,1,0
2026-09-20T08:51:07.028308,esp32-may-1,20260920_085045_kho_bai_tinh,22,27.4,64.0,4095.0,1.0,66.0,1,0
2026-09-20T08:51:08.106374,esp32-may-1,20260920_085045_kho_bai_tinh,23,27.4,64.0,4095.0,1.0,69.0,1,0
2026-09-20T08:51:09.190176,esp32-may-1,20260920_085045_kho_bai_tinh,24,27.4,64.0,4095.0,1.0,70.0,1,0
2026-09-20T08:51:10.034557,esp32-may-1,20260920_085045_kho_bai_tinh,25,27.4,64.0,4095.0,1.0,63.0,1,0
2026-09-20T08:51:11.003922,esp32-may-1,20260920_085045_kho_bai_tinh,26,27.4,64.0,4095.0,1.0,68.0,1,0
2026-09-20T08:51:12.203490,esp32-may-1,20260920_085045_kho_bai_tinh,27,27.4,64.0,4095.0,1.0,66.0,1,0
2026-09-20T08:51:13.241534,esp32-may-1,20260920_085045_kho_bai_tinh,28,27.4,64.0,4095.0,1.0,70.0,1,0
2026-09-20T08:51:14.029268,esp32-may-1,20260920_085045_kho_bai_tinh,29,27.4,64.0,4095.0,1.0,64.0,1,0
2026-09-20T08:51:15.068894,esp32-may-1,20260920_085045_kho_bai_tinh,30,27.4,64.0,4095.0,1.0,71.0,1,0
2026-09-20T08:51:16.028572,esp32-may-1,20260920_085045_kho_bai_tinh,31,27.4,64.0,4095.0,1.0,70.0,1,0
2026-09-20T08:51:17.009776,esp32-may-1,20260920_085045_kho_bai_tinh,32,27.4,64.0,4095.0,1.0,69.0,1,0
2026-09-20T08:51:18.244920,esp32-may-1,20260920_085045_kho_bai_tinh,33,27.4,64.0,4095.0,1.0,69.0,1,0
2026-09-20T08:51:19.116685,esp32-may-1,20260920_085045_kho_bai_tinh,34,27.4,64.0,4095.0,1.0,70.0,1,0
2026-09-20T08:51:20.036212,esp32-may-1,20260920_085045_kho_bai_tinh,35,27.3,64.0,4095.0,1.0,70.0,1,0
2026-09-20T08:51:21.008505,esp32-may-1,20260920_085045_kho_bai_tinh,36,27.3,64.0,4095.0,1.0,70.0,1,0
2026-09-20T08:51:22.028098,esp32-may-1,20260920_085045_kho_bai_tinh,37,27.4,64.0,4095.0,1.0,69.0,1,0
2026-09-20T08:51:23.009777,esp32-may-1,20260920_085045_kho_bai_tinh,38,27.4,64.0,4095.0,1.0,67.0,1,0
2026-09-20T08:51:24.182266,esp32-may-1,20260920_085045_kho_bai_tinh,39,27.4,64.0,4095.0,1.0,67.0,1,0
2026-09-20T08:51:25.206058,esp32-may-1,20260920_085045_kho_bai_tinh,40,27.4,64.0,4095.0,1.0,67.0,1,0
2026-09-20T08:51:26.230833,esp32-may-1,20260920_085045_kho_bai_tinh,41,27.4,64.0,4095.0,1.0,66.0,1,0
2026-09-20T08:51:27.049059,esp32-may-1,20260920_085045_kho_bai_tinh,42,27.4,64.0,4095.0,1.0,66.0,1,0
2026-09-20T08:51:28.115473,esp32-may-1,20260920_085045_kho_bai_tinh,43,27.3,64.0,4095.0,1.0,65.0,1,0
2026-09-20T08:51:29.009140,esp32-may-1,20260920_085045_kho_bai_tinh,44,27.3,64.0,4095.0,1.0,71.0,1,0
2026-09-20T08:51:30.175137,esp32-may-1,20260920_085045_kho_bai_tinh,45,27.4,64.0,4095.0,1.0,70.0,1,0
2026-09-20T08:51:31.048080,esp32-may-1,20260920_085045_kho_bai_tinh,46,27.4,64.0,4095.0,1.0,66.0,1,0
2026-09-20T08:51:32.171283,esp32-may-1,20260920_085045_kho_bai_tinh,47,27.4,64.0,4095.0,1.0,70.0,1,0
2026-09-20T08:51:33.009366,esp32-may-1,20260920_085045_kho_bai_tinh,48,27.4,64.0,4095.0,1.0,67.0,1,0
2026-09-20T08:51:34.221628,esp32-may-1,20260920_085045_kho_bai_tinh,49,27.4,64.0,4095.0,1.0,66.0,1,0
2026-09-20T08:51:35.008721,esp32-may-1,20260920_085045_kho_bai_tinh,50,27.4,64.0,4095.0,1.0,65.0,1,0
2026-09-20T08:51:36.060226,esp32-may-1,20260920_085045_kho_bai_tinh,51,27.4,64.0,4095.0,1.0,68.0,1,0
2026-09-20T08:51:37.289004,esp32-may-1,20260920_085045_kho_bai_tinh,52,27.4,64.0,4095.0,1.0,65.0,1,0
2026-09-20T08:51:38.109608,esp32-may-1,20260920_085045_kho_bai_tinh,53,27.4,64.0,4095.0,1.0,65.0,1,0
2026-09-20T08:51:39.039606,esp32-may-1,20260920_085045_kho_bai_tinh,54,27.4,64.0,4095.0,1.0,70.0,1,0
2026-09-20T08:51:40.155901,esp32-may-1,20260920_085045_kho_bai_tinh,55,27.3,64.0,4095.0,1.0,67.0,1,0
2026-09-20T08:51:41.182150,esp32-may-1,20260920_085045_kho_bai_tinh,56,27.3,64.0,4095.0,1.0,71.0,1,0
2026-09-20T08:51:42.203872,esp32-may-1,20260920_085045_kho_bai_tinh,57,27.4,64.0,4095.0,1.0,65.0,1,0
2026-09-20T08:51:43.005470,esp32-may-1,20260920_085045_kho_bai_tinh,58,27.4,64.0,4095.0,1.0,67.0,1,0
2026-09-20T08:51:44.253807,esp32-may-1,20260920_085045_kho_bai_tinh,59,27.4,64.0,4095.0,1.0,69.0,1,0
2026-09-20T08:51:45.278414,esp32-may-1,20260920_085045_kho_bai_tinh,60,27.4,64.0,4095.0,1.0,67.0,1,0
2026-09-20T08:51:46.030312,esp32-may-1,20260920_085045_kho_bai_tinh,61,27.4,64.0,4095.0,1.0,69.0,1,0
2026-09-20T08:51:47.007475,esp32-may-1,20260920_085045_kho_bai_tinh,62,27.4,64.0,4095.0,1.0,69.0,1,0
2026-09-20T08:51:48.145004,esp32-may-1,20260920_085045_kho_bai_tinh,63,27.4,64.0,4095.0,1.0,69.0,1,0
2026-09-20T08:51:49.036662,esp32-may-1,20260920_085045_kho_bai_tinh,64,27.4,64.0,4095.0,1.0,64.0,1,0
2026-09-20T08:51:50.193603,esp32-may-1,20260920_085045_kho_bai_tinh,65,27.3,64.0,4095.0,1.0,64.0,1,0
2026-09-20T08:51:51.007074,esp32-may-1,20260920_085045_kho_bai_tinh,66,27.3,64.0,4095.0,1.0,71.0,1,0
2026-09-20T08:51:52.030080,esp32-may-1,20260920_085045_kho_bai_tinh,67,27.4,64.0,4095.0,1.0,66.0,1,0
2026-09-20T08:51:53.001795,esp32-may-1,20260920_085045_kho_bai_tinh,68,27.4,64.0,4095.0,1.0,66.0,1,0
2026-09-20T08:51:54.083667,esp32-may-1,20260920_085045_kho_bai_tinh,69,27.4,64.0,4095.0,1.0,66.0,1,0
2026-09-20T08:51:55.163854,esp32-may-1,20260920_085045_kho_bai_tinh,70,27.4,64.0,4095.0,1.0,67.0,1,0
2026-09-20T08:51:56.029549,esp32-may-1,20260920_085045_kho_bai_tinh,71,27.4,64.0,4095.0,1.0,70.0,1,0
2026-09-20T08:51:57.001948,esp32-may-1,20260920_085045_kho_bai_tinh,72,27.4,64.0,4095.0,1.0,67.0,1,0
2026-09-20T08:51:58.027000,esp32-may-1,20260920_085045_kho_bai_tinh,73,27.4,64.0,4095.0,1.0,64.0,1,0
2026-09-20T08:51:59.000323,esp32-may-1,20260920_085045_kho_bai_tinh,74,27.4,64.0,4095.0,1.0,67.0,1,0
2026-09-20T08:52:00.027261,esp32-may-1,20260920_085045_kho_bai_tinh,75,27.4,64.0,4095.0,1.0,65.0,1,0
2026-09-20T08:52:01.001850,esp32-may-1,20260920_085045_kho_bai_tinh,76,27.4,64.0,4095.0,1.0,65.0,1,0
2026-09-20T08:52:02.030602,esp32-may-1,20260920_085045_kho_bai_tinh,77,27.4,64.0,4095.0,1.0,64.0,1,0
2026-09-20T08:52:03.006802,esp32-may-1,20260920_085045_kho_bai_tinh,78,27.4,64.0,4095.0,1.0,70.0,1,0
2026-09-20T08:52:04.171405,esp32-may-1,20260920_085045_kho_bai_tinh,79,27.4,64.0,4095.0,1.0,69.0,1,0
2026-09-20T08:52:05.005405,esp32-may-1,20260920_085045_kho_bai_tinh,80,27.4,64.0,4095.0,1.0,69.0,1,0
2026-09-20T08:52:06.031498,esp32-may-1,20260920_085045_kho_bai_tinh,81,27.4,64.0,4095.0,1.0,70.0,1,0
2026-09-20T08:52:07.190587,esp32-may-1,20260920_085045_kho_bai_tinh,82,27.4,64.0,4095.0,1.0,70.0,1,0
2026-09-20T08:52:08.027208,esp32-may-1,20260920_085045_kho_bai_tinh,83,27.4,64.0,4095.0,1.0,69.0,1,0
2026-09-20T08:52:09.441931,esp32-may-1,20260920_085045_kho_bai_tinh,84,27.4,64.0,4095.0,1.0,66.0,1,0
2026-09-20T08:52:10.033817,esp32-may-1,20260920_085045_kho_bai_tinh,85,27.4,64.0,4095.0,1.0,64.0,1,0
2026-09-20T08:52:11.001236,esp32-may-1,20260920_085045_kho_bai_tinh,86,27.4,64.0,4095.0,1.0,66.0,1,0
2026-09-20T08:52:12.030702,esp32-may-1,20260920_085045_kho_bai_tinh,87,27.4,64.0,4095.0,1.0,70.0,1,0
2026-09-20T08:52:13.004205,esp32-may-1,20260920_085045_kho_bai_tinh,88,27.4,64.0,4095.0,1.0,63.0,1,0
2026-09-20T08:52:14.154908,esp32-may-1,20260920_085045_kho_bai_tinh,89,27.4,64.0,4095.0,1.0,64.0,1,0
2026-09-20T08:52:15.021437,esp32-may-1,20260920_085045_kho_bai_tinh,90,27.4,64.0,4095.0,1.0,64.0,1,0
2026-09-20T08:52:16.057456,esp32-may-1,20260920_085045_kho_bai_tinh,91,27.4,64.0,4095.0,1.0,67.0,1,0
2026-09-20T08:52:17.398183,esp32-may-1,20260920_085045_kho_bai_tinh,92,27.4,64.0,4095.0,1.0,64.0,1,0
2026-09-20T08:52:19.375089,esp32-may-1,20260920_085045_kho_bai_tinh,93,27.7,64.0,4095.0,1.0,57.0,1,0
2026-09-20T08:52:19.941277,esp32-may-1,20260920_085045_kho_bai_tinh,94,27.7,64.0,4095.0,1.0,66.0,1,0
2026-09-20T08:52:20.791628,esp32-may-1,20260920_085045_kho_bai_tinh,95,27.4,64.0,4095.0,1.0,67.0,1,0
2026-09-20T08:52:21.771050,esp32-may-1,20260920_085045_kho_bai_tinh,96,27.4,64.0,4095.0,1.0,71.0,1,0
2026-09-20T08:52:22.958693,esp32-may-1,20260920_085045_kho_bai_tinh,97,27.4,64.0,4095.0,1.0,70.0,1,0
2026-09-20T08:52:23.982708,esp32-may-1,20260920_085045_kho_bai_tinh,98,27.4,64.0,4095.0,1.0,74.0,1,0
2026-09-20T08:52:25.007270,esp32-may-1,20260920_085045_kho_bai_tinh,99,27.4,64.0,4095.0,1.0,74.0,1,0
2026-09-20T08:52:25.768869,esp32-may-1,20260920_085045_kho_bai_tinh,100,27.4,64.0,4095.0,1.0,73.0,1,0
2026-09-20T08:52:26.800418,esp32-may-1,20260920_085045_kho_bai_tinh,101,27.4,64.0,4095.0,1.0,69.0,1,0
2026-09-20T08:52:27.800171,esp32-may-1,20260920_085045_kho_bai_tinh,102,27.4,64.0,4095.0,1.0,69.0,1,0
2026-09-20T08:52:28.794579,esp32-may-1,20260920_085045_kho_bai_tinh,103,27.4,64.0,4095.0,1.0,71.0,1,0
2026-09-20T08:52:29.767467,esp32-may-1,20260920_085045_kho_bai_tinh,104,27.4,64.0,4095.0,1.0,71.0,1,0
2026-09-20T08:52:30.946438,esp32-may-1,20260920_085045_kho_bai_tinh,105,27.4,64.0,4095.0,1.0,71.0,1,0
2026-09-20T08:52:31.969583,esp32-may-1,20260920_085045_kho_bai_tinh,106,27.4,64.0,4095.0,1.0,70.0,1,0
2026-09-20T08:52:32.993703,esp32-may-1,20260920_085045_kho_bai_tinh,107,27.4,64.0,4095.0,1.0,74.0,1,0
2026-09-20T08:52:33.812290,esp32-may-1,20260920_085045_kho_bai_tinh,108,27.4,64.0,4095.0,1.0,69.0,1,0
2026-09-20T08:52:34.842174,esp32-may-1,20260920_085045_kho_bai_tinh,109,27.4,64.0,4095.0,1.0,71.0,1,0
2026-09-20T08:52:35.860528,esp32-may-1,20260920_085045_kho_bai_tinh,110,27.4,64.0,4095.0,1.0,64.0,1,0
2026-09-20T08:52:37.094654,esp32-may-1,20260920_085045_kho_bai_tinh,111,27.4,64.0,4095.0,1.0,69.0,1,0
2026-09-20T08:52:37.909092,esp32-may-1,20260920_085045_kho_bai_tinh,112,27.4,64.0,4095.0,1.0,65.0,1,0
2026-09-20T08:52:38.796205,esp32-may-1,20260920_085045_kho_bai_tinh,113,27.4,64.0,4095.0,1.0,69.0,1,0
2026-09-20T08:52:39.955941,esp32-may-1,20260920_085045_kho_bai_tinh,114,27.4,64.0,4095.0,1.0,66.0,1,0
2026-09-20T08:52:40.794904,esp32-may-1,20260920_085045_kho_bai_tinh,115,27.4,64.0,4095.0,1.0,68.0,1,0
2026-09-20T08:52:41.799816,esp32-may-1,20260920_085045_kho_bai_tinh,116,27.4,64.0,4095.0,1.0,70.0,1,0
2026-09-20T08:52:42.793934,esp32-may-1,20260920_085045_kho_bai_tinh,117,27.5,64.0,4095.0,1.0,69.0,1,0
2026-09-20T08:52:43.856552,esp32-may-1,20260920_085045_kho_bai_tinh,118,27.5,64.0,4095.0,1.0,73.0,1,0
2026-09-20T08:52:44.870971,esp32-may-1,20260920_085045_kho_bai_tinh,119,27.4,64.0,4095.0,1.0,67.0,1,0
2026-09-20T08:52:45.807425,esp32-may-1,20260920_085045_kho_bai_tinh,120,27.4,64.0,4095.0,1.0,72.0,1,0
2026-09-20T08:52:46.795098,esp32-may-1,20260920_085045_kho_bai_tinh,121,27.5,64.0,4095.0,1.0,67.0,1,0
2026-09-20T08:52:47.766378,esp32-may-1,20260920_085045_kho_bai_tinh,122,27.5,64.0,4095.0,1.0,66.0,1,0
2026-09-20T08:52:48.967019,esp32-may-1,20260920_085045_kho_bai_tinh,123,27.4,64.0,4095.0,1.0,66.0,1,0
2026-09-20T08:52:49.786920,esp32-may-1,20260920_085045_kho_bai_tinh,124,27.4,64.0,4095.0,1.0,67.0,1,0
2026-09-20T08:52:51.014700,esp32-may-1,20260920_085045_kho_bai_tinh,125,27.4,64.0,4095.0,1.0,70.0,1,0
2026-09-20T08:52:51.771516,esp32-may-1,20260920_085045_kho_bai_tinh,126,27.4,64.0,4095.0,1.0,66.0,1,0
2026-09-20T08:52:52.793468,esp32-may-1,20260920_085045_kho_bai_tinh,127,27.4,64.0,4095.0,1.0,69.0,1,0
2026-09-20T08:52:53.763853,esp32-may-1,20260920_085045_kho_bai_tinh,128,27.4,64.0,4095.0,1.0,71.0,1,0
2026-09-20T08:52:54.905587,esp32-may-1,20260920_085045_kho_bai_tinh,129,27.4,64.0,4095.0,1.0,65.0,1,0
2026-09-20T08:52:55.929612,esp32-may-1,20260920_085045_kho_bai_tinh,130,27.4,64.0,4095.0,1.0,68.0,1,0
2026-09-20T08:52:56.954438,esp32-may-1,20260920_085045_kho_bai_tinh,131,27.5,64.0,4095.0,1.0,70.0,1,0
2026-09-20T08:52:57.977348,esp32-may-1,20260920_085045_kho_bai_tinh,132,27.5,64.0,4095.0,1.0,70.0,1,0
2026-09-20T08:52:59.009384,esp32-may-1,20260920_085045_kho_bai_tinh,133,27.5,64.0,4095.0,1.0,69.0,1,0
2026-09-20T08:52:59.768543,esp32-may-1,20260920_085045_kho_bai_tinh,134,27.5,64.0,4095.0,1.0,64.0,1,0
2026-09-20T08:53:00.846719,esp32-may-1,20260920_085045_kho_bai_tinh,135,27.5,64.0,4095.0,1.0,67.0,1,0
2026-09-20T08:53:02.124572,esp32-may-1,20260920_085045_kho_bai_tinh,136,27.5,64.0,4095.0,1.0,69.0,1,0
2026-09-20T08:53:02.894180,esp32-may-1,20260920_085045_kho_bai_tinh,137,27.5,64.0,4095.0,1.0,71.0,1,0
2026-09-20T08:53:03.918202,esp32-may-1,20260920_085045_kho_bai_tinh,138,27.5,64.0,4095.0,1.0,64.0,1,0
2026-09-20T08:53:04.968006,esp32-may-1,20260920_085045_kho_bai_tinh,139,27.5,64.0,4095.0,1.0,60.0,1,0
2026-09-20T08:53:05.769795,esp32-may-1,20260920_085045_kho_bai_tinh,140,27.5,64.0,4095.0,1.0,69.0,1,0
2026-09-20T08:53:06.793304,esp32-may-1,20260920_085045_kho_bai_tinh,141,27.5,64.0,4095.0,1.0,65.0,1,0
2026-09-20T08:53:07.810427,esp32-may-1,20260920_085045_kho_bai_tinh,142,27.5,64.0,4095.0,1.0,64.0,1,0
2026-09-20T08:53:08.833434,esp32-may-1,20260920_085045_kho_bai_tinh,143,27.5,64.0,4095.0,1.0,67.0,1,0
2026-09-20T08:53:09.857538,esp32-may-1,20260920_085045_kho_bai_tinh,144,27.5,64.0,4095.0,1.0,65.0,1,0
2026-09-20T08:53:10.880314,esp32-may-1,20260920_085045_kho_bai_tinh,145,27.5,64.0,4095.0,1.0,70.0,1,0
2026-09-20T08:53:11.904438,esp32-may-1,20260920_085045_kho_bai_tinh,146,27.5,64.0,4095.0,1.0,71.0,1,0
2026-09-20T08:53:12.927989,esp32-may-1,20260920_085045_kho_bai_tinh,147,27.4,64.0,4095.0,1.0,66.0,1,0
2026-09-20T08:53:13.952021,esp32-may-1,20260920_085045_kho_bai_tinh,148,27.4,64.0,4095.0,1.0,71.0,1,0
2026-09-20T08:53:14.831344,esp32-may-1,20260920_085045_kho_bai_tinh,149,27.5,64.0,4095.0,1.0,71.0,1,0
2026-09-20T08:53:15.766539,esp32-may-1,20260920_085045_kho_bai_tinh,150,27.5,64.0,4095.0,1.0,70.0,1,0
2026-09-20T08:53:16.848319,esp32-may-1,20260920_085045_kho_bai_tinh,151,27.5,64.0,4095.0,1.0,65.0,1,0
2026-09-20T08:53:17.843934,esp32-may-1,20260920_085045_kho_bai_tinh,152,27.5,64.0,4095.0,1.0,67.0,1,0
2026-09-20T08:53:18.866691,esp32-may-1,20260920_085045_kho_bai_tinh,153,27.4,64.0,4095.0,1.0,70.0,1,0
2026-09-20T08:53:19.893038,esp32-may-1,20260920_085045_kho_bai_tinh,154,27.4,64.0,4095.0,1.0,71.0,1,0
2026-09-20T08:53:20.916434,esp32-may-1,20260920_085045_kho_bai_tinh,155,27.5,64.0,4095.0,1.0,66.0,1,0
2026-09-20T08:53:21.772635,esp32-may-1,20260920_085045_kho_bai_tinh,156,27.5,64.0,4095.0,1.0,70.0,1,0
2026-09-20T08:53:22.968512,esp32-may-1,20260920_085045_kho_bai_tinh,157,27.5,64.0,4095.0,1.0,67.0,1,0
2026-09-20T08:53:23.986790,esp32-may-1,20260920_085045_kho_bai_tinh,158,27.5,64.0,4095.0,1.0,65.0,1,0
2026-09-20T08:53:24.790441,esp32-may-1,20260920_085045_kho_bai_tinh,159,27.6,64.0,4095.0,1.0,70.0,1,0
2026-09-20T08:53:25.830452,esp32-may-1,20260920_085045_kho_bai_tinh,160,27.6,64.0,4095.0,1.0,70.0,1,0
2026-09-20T08:53:26.854352,esp32-may-1,20260920_085045_kho_bai_tinh,161,27.5,64.0,4095.0,1.0,70.0,1,0
2026-09-20T08:53:27.776738,esp32-may-1,20260920_085045_kho_bai_tinh,162,27.5,64.0,4095.0,1.0,69.0,1,0
2026-09-20T08:53:28.797401,esp32-may-1,20260920_085045_kho_bai_tinh,163,27.5,64.0,4095.0,1.0,71.0,1,0
2026-09-20T08:53:29.767922,esp32-may-1,20260920_085045_kho_bai_tinh,164,27.5,64.0,4095.0,1.0,69.0,1,0
2026-09-20T08:53:30.951851,esp32-may-1,20260920_085045_kho_bai_tinh,165,27.4,64.0,4095.0,1.0,66.0,1,0
2026-09-20T08:53:31.975326,esp32-may-1,20260920_085045_kho_bai_tinh,166,27.4,64.0,4095.0,1.0,70.0,1,0
2026-09-20T08:53:32.998831,esp32-may-1,20260920_085045_kho_bai_tinh,167,27.5,64.0,4095.0,1.0,72.0,1,0
2026-09-20T08:53:33.818448,esp32-may-1,20260920_085045_kho_bai_tinh,168,27.5,64.0,4095.0,1.0,73.0,1,0
2026-09-20T08:53:34.794878,esp32-may-1,20260920_085045_kho_bai_tinh,169,27.5,64.0,4095.0,1.0,66.0,1,0
2026-09-20T08:53:35.864649,esp32-may-1,20260920_085045_kho_bai_tinh,170,27.5,64.0,4095.0,1.0,68.0,1,0
2026-09-20T08:53:36.788885,esp32-may-1,20260920_085045_kho_bai_tinh,171,27.5,64.0,4095.0,1.0,66.0,1,0
2026-09-20T08:53:37.768002,esp32-may-1,20260920_085045_kho_bai_tinh,172,27.5,64.0,4095.0,1.0,60.0,1,0
2026-09-20T08:53:38.937888,esp32-may-1,20260920_085045_kho_bai_tinh,173,27.5,64.0,4095.0,1.0,64.0,1,0
2026-09-20T08:53:39.764395,esp32-may-1,20260920_085045_kho_bai_tinh,174,27.5,64.0,4095.0,1.0,69.0,1,0
2026-09-20T08:53:40.795271,esp32-may-1,20260920_085045_kho_bai_tinh,175,27.5,64.0,4095.0,1.0,67.0,1,0
2026-09-20T08:53:41.768083,esp32-may-1,20260920_085045_kho_bai_tinh,176,27.5,64.0,4095.0,1.0,66.0,1,0
2026-09-20T08:53:42.828544,esp32-may-1,20260920_085045_kho_bai_tinh,177,27.5,64.0,4095.0,1.0,65.0,1,0
2026-09-20T08:53:43.852155,esp32-may-1,20260920_085045_kho_bai_tinh,178,27.5,64.0,4095.0,1.0,66.0,1,0
2026-09-20T08:53:44.875514,esp32-may-1,20260920_085045_kho_bai_tinh,179,27.5,64.0,4095.0,1.0,66.0,1,0
2026-09-20T08:53:45.899758,esp32-may-1,20260920_085045_kho_bai_tinh,180,27.5,64.0,4095.0,1.0,67.0,1,0
2026-09-20T08:53:46.924122,esp32-may-1,20260920_085045_kho_bai_tinh,181,27.6,64.0,4095.0,1.0,66.0,1,0
2026-09-20T08:53:47.765275,esp32-may-1,20260920_085045_kho_bai_tinh,182,27.6,64.0,4095.0,1.0,68.0,1,0
2026-09-20T08:53:48.972420,esp32-may-1,20260920_085045_kho_bai_tinh,183,27.5,64.0,4095.0,1.0,70.0,1,0
2026-09-20T08:53:49.995538,esp32-may-1,20260920_085045_kho_bai_tinh,184,27.5,64.0,4095.0,1.0,70.0,1,0
2026-09-20T08:53:50.793752,esp32-may-1,20260920_085045_kho_bai_tinh,185,27.5,64.0,4095.0,1.0,67.0,1,0
2026-09-20T08:53:51.838747,esp32-may-1,20260920_085045_kho_bai_tinh,186,27.5,64.0,4095.0,1.0,66.0,1,0
2026-09-20T08:53:52.863228,esp32-may-1,20260920_085045_kho_bai_tinh,187,27.5,64.0,4095.0,1.0,64.0,1,0
2026-09-20T08:53:53.887233,esp32-may-1,20260920_085045_kho_bai_tinh,188,27.5,64.0,4095.0,1.0,68.0,1,0
2026-09-20T08:53:54.912018,esp32-may-1,20260920_085045_kho_bai_tinh,189,27.5,64.0,4095.0,1.0,67.0,1,0
2026-09-20T08:53:55.950349,esp32-may-1,20260920_085045_kho_bai_tinh,190,27.5,64.0,4095.0,1.0,68.0,1,0
2026-09-20T08:53:56.811207,esp32-may-1,20260920_085045_kho_bai_tinh,191,27.5,64.0,4095.0,1.0,67.0,1,0
2026-09-20T08:53:57.991623,esp32-may-1,20260920_085045_kho_bai_tinh,192,27.5,64.0,4095.0,1.0,71.0,1,0
2026-09-20T08:53:58.784674,esp32-may-1,20260920_085045_kho_bai_tinh,193,27.5,64.0,4095.0,1.0,66.0,1,0
2026-09-20T08:53:59.825677,esp32-may-1,20260920_085045_kho_bai_tinh,194,27.5,64.0,4095.0,1.0,67.0,1,0
2026-09-20T08:54:00.849298,esp32-may-1,20260920_085045_kho_bai_tinh,195,27.5,64.0,4095.0,1.0,66.0,1,0
2026-09-20T08:54:01.874243,esp32-may-1,20260920_085045_kho_bai_tinh,196,27.5,64.0,4095.0,1.0,71.0,1,0
2026-09-20T08:54:02.898044,esp32-may-1,20260920_085045_kho_bai_tinh,197,27.5,64.0,4095.0,1.0,65.0,1,0
2026-09-20T08:54:03.921534,esp32-may-1,20260920_085045_kho_bai_tinh,198,27.5,64.0,4095.0,1.0,74.0,1,0
2026-09-20T08:54:04.791119,esp32-may-1,20260920_085045_kho_bai_tinh,199,27.6,64.0,4095.0,1.0,67.0,1,0
2026-09-20T08:54:05.767947,esp32-may-1,20260920_085045_kho_bai_tinh,200,27.6,64.0,4095.0,1.0,65.0,1,0
2026-09-20T08:54:06.996505,esp32-may-1,20260920_085045_kho_bai_tinh,201,27.5,64.0,4095.0,1.0,66.0,1,0
2026-09-20T08:54:07.761649,esp32-may-1,20260920_085045_kho_bai_tinh,202,27.5,64.0,4095.0,1.0,71.0,1,0
2026-09-20T08:54:09.040992,esp32-may-1,20260920_085045_kho_bai_tinh,203,27.5,64.0,4095.0,1.0,71.0,1,0
2026-09-20T08:54:09.862545,esp32-may-1,20260920_085045_kho_bai_tinh,204,27.5,64.0,4095.0,1.0,69.0,1,0
2026-09-20T08:54:10.884701,esp32-may-1,20260920_085045_kho_bai_tinh,205,27.5,64.0,4095.0,1.0,67.0,1,0
2026-09-20T08:54:11.857639,esp32-may-1,20260920_085045_kho_bai_tinh,206,27.5,64.0,4095.0,1.0,64.0,1,0
2026-09-20T08:54:12.934309,esp32-may-1,20260920_085045_kho_bai_tinh,207,27.5,64.0,4095.0,1.0,66.0,1,0
2026-09-20T08:54:13.956520,esp32-may-1,20260920_085045_kho_bai_tinh,208,27.5,64.0,4095.0,1.0,69.0,1,0
2026-09-20T08:54:14.789163,esp32-may-1,20260920_085045_kho_bai_tinh,209,27.5,64.0,4095.0,1.0,74.0,1,0
2026-09-20T08:54:15.800496,esp32-may-1,20260920_085045_kho_bai_tinh,210,27.5,64.0,4095.0,1.0,73.0,1,0
2026-09-20T08:54:17.223842,esp32-may-1,20260920_085045_kho_bai_tinh,211,27.5,64.0,4095.0,1.0,64.0,1,0
2026-09-20T08:54:17.951017,esp32-may-1,20260920_085045_kho_bai_tinh,212,27.5,64.0,4095.0,1.0,67.0,1,0
2026-09-20T08:54:18.977995,esp32-may-1,20260920_085045_kho_bai_tinh,213,27.6,64.0,4095.0,1.0,69.0,1,0
2026-09-20T08:54:19.795534,esp32-may-1,20260920_085045_kho_bai_tinh,214,27.6,64.0,4095.0,1.0,67.0,1,0
2026-09-20T08:54:20.795006,esp32-may-1,20260920_085045_kho_bai_tinh,215,27.6,64.0,4095.0,1.0,70.0,1,0
2026-09-20T08:54:21.842157,esp32-may-1,20260920_085045_kho_bai_tinh,216,27.6,64.0,4095.0,1.0,66.0,1,0
2026-09-20T08:54:22.786009,esp32-may-1,20260920_085045_kho_bai_tinh,217,27.6,64.0,4095.0,1.0,72.0,1,0
2026-09-20T08:54:23.891027,esp32-may-1,20260920_085045_kho_bai_tinh,218,27.6,64.0,4095.0,1.0,70.0,1,0
2026-09-20T08:54:24.794184,esp32-may-1,20260920_085045_kho_bai_tinh,219,27.5,64.0,4095.0,1.0,71.0,1,0
2026-09-20T08:54:25.797413,esp32-may-1,20260920_085045_kho_bai_tinh,220,27.5,64.0,4095.0,1.0,69.0,1,0
2026-09-20T08:54:26.962147,esp32-may-1,20260920_085045_kho_bai_tinh,221,27.6,64.0,4095.0,1.0,69.0,1,0
2026-09-20T08:54:27.986172,esp32-may-1,20260920_085045_kho_bai_tinh,222,27.6,64.0,4095.0,1.0,69.0,1,0
2026-09-20T08:54:29.019401,esp32-may-1,20260920_085045_kho_bai_tinh,223,27.5,64.0,4095.0,1.0,73.0,1,0
2026-09-20T08:54:29.768993,esp32-may-1,20260920_085045_kho_bai_tinh,224,27.5,64.0,4095.0,1.0,67.0,1,0
2026-09-20T08:54:30.788032,esp32-may-1,20260920_085045_kho_bai_tinh,225,27.5,64.0,4095.0,1.0,70.0,1,0
2026-09-20T08:54:32.193644,esp32-may-1,20260920_085045_kho_bai_tinh,226,27.5,64.0,4095.0,1.0,71.0,1,0
2026-09-20T08:54:32.902470,esp32-may-1,20260920_085045_kho_bai_tinh,227,27.5,64.0,4095.0,1.0,61.0,1,0
2026-09-20T08:54:33.783183,esp32-may-1,20260920_085045_kho_bai_tinh,228,27.5,64.0,4095.0,1.0,65.0,1,0
2026-09-20T08:54:34.948447,esp32-may-1,20260920_085045_kho_bai_tinh,229,27.5,64.0,4095.0,1.0,71.0,1,0
2026-09-20T08:54:35.762911,esp32-may-1,20260920_085045_kho_bai_tinh,230,27.5,64.0,4095.0,1.0,69.0,1,0
2026-09-20T08:54:36.790999,esp32-may-1,20260920_085045_kho_bai_tinh,231,27.5,64.0,4095.0,1.0,71.0,1,0
2026-09-20T08:54:37.765742,esp32-may-1,20260920_085045_kho_bai_tinh,232,27.5,64.0,4095.0,1.0,70.0,1,0
2026-09-20T08:54:38.790443,esp32-may-1,20260920_085045_kho_bai_tinh,233,27.6,64.0,4095.0,1.0,69.0,1,0
2026-09-20T08:54:39.837508,esp32-may-1,20260920_085045_kho_bai_tinh,234,27.6,64.0,4095.0,1.0,68.0,1,0
2026-09-20T08:54:40.891532,esp32-may-1,20260920_085045_kho_bai_tinh,235,27.6,64.0,4095.0,1.0,69.0,1,0
2026-09-20T08:54:41.911396,esp32-may-1,20260920_085045_kho_bai_tinh,236,27.6,64.0,4095.0,1.0,65.0,1,0
2026-09-20T08:54:43.273285,esp32-may-1,20260920_085045_kho_bai_tinh,237,27.6,64.0,4095.0,1.0,64.0,1,0
2026-09-20T08:54:43.963670,esp32-may-1,20260920_085045_kho_bai_tinh,238,27.6,64.0,4095.0,1.0,71.0,1,0
2026-09-20T08:54:44.787915,esp32-may-1,20260920_085045_kho_bai_tinh,239,27.6,64.0,4095.0,1.0,70.0,1,0
2026-09-20T08:54:46.168498,esp32-may-1,20260920_085045_kho_bai_tinh,240,27.6,64.0,4095.0,1.0,68.0,1,0
2026-09-20T08:54:47.263480,esp32-may-1,20260920_085045_kho_bai_tinh,241,27.6,64.0,4095.0,1.0,70.0,1,0
2026-09-20T08:54:47.892376,esp32-may-1,20260920_085045_kho_bai_tinh,242,27.6,64.0,4095.0,1.0,67.0,1,0
2026-09-20T08:54:49.284020,esp32-may-1,20260920_085045_kho_bai_tinh,243,27.6,64.0,4095.0,1.0,67.0,1,0
2026-09-20T08:54:49.897825,esp32-may-1,20260920_085045_kho_bai_tinh,244,27.6,64.0,4095.0,1.0,69.0,1,0
2026-09-20T08:54:50.796783,esp32-may-1,20260920_085045_kho_bai_tinh,245,27.6,64.0,4095.0,1.0,71.0,1,0
2026-09-20T08:54:51.945593,esp32-may-1,20260920_085045_kho_bai_tinh,246,27.6,64.0,4095.0,1.0,70.0,1,0
2026-09-20T08:54:52.872480,esp32-may-1,20260920_085045_kho_bai_tinh,247,27.5,64.0,4095.0,1.0,71.0,1,0
2026-09-20T08:54:53.764542,esp32-may-1,20260920_085045_kho_bai_tinh,248,27.5,64.0,4095.0,1.0,74.0,1,0
2026-09-20T08:54:54.826079,esp32-may-1,20260920_085045_kho_bai_tinh,249,27.6,64.0,4095.0,1.0,71.0,1,0
2026-09-20T08:54:55.764361,esp32-may-1,20260920_085045_kho_bai_tinh,250,27.6,64.0,4095.0,1.0,74.0,1,0
2026-09-20T08:54:56.863854,esp32-may-1,20260920_085045_kho_bai_tinh,251,27.5,64.0,4095.0,1.0,71.0,1,0
2026-09-20T08:54:57.756995,esp32-may-1,20260920_085045_kho_bai_tinh,252,27.5,64.0,4095.0,1.0,70.0,1,0
2026-09-20T08:54:58.793883,esp32-may-1,20260920_085045_kho_bai_tinh,253,27.5,64.0,4095.0,1.0,69.0,1,0
2026-09-20T08:54:59.762819,esp32-may-1,20260920_085045_kho_bai_tinh,254,27.5,64.0,4095.0,1.0,66.0,1,0
2026-09-20T08:55:00.789906,esp32-may-1,20260920_085045_kho_bai_tinh,255,27.5,64.0,4095.0,1.0,71.0,1,0
2026-09-20T08:55:01.759169,esp32-may-1,20260920_085045_kho_bai_tinh,256,27.5,64.0,4095.0,1.0,70.0,1,0
2026-09-20T08:55:03.006983,esp32-may-1,20260920_085045_kho_bai_tinh,257,27.6,64.0,4095.0,1.0,67.0,1,0
2026-09-20T08:55:03.758976,esp32-may-1,20260920_085045_kho_bai_tinh,258,27.6,64.0,4095.0,1.0,67.0,1,0
2026-09-20T08:55:04.791013,esp32-may-1,20260920_085045_kho_bai_tinh,259,27.6,64.0,4095.0,1.0,67.0,1,0
2026-09-20T08:55:05.760006,esp32-may-1,20260920_085045_kho_bai_tinh,260,27.6,64.0,4095.0,1.0,65.0,1,0
2026-09-20T08:55:06.796146,esp32-may-1,20260920_085045_kho_bai_tinh,261,27.6,64.0,4095.0,1.0,69.0,1,0
2026-09-20T08:55:07.763675,esp32-may-1,20260920_085045_kho_bai_tinh,262,27.6,64.0,4095.0,1.0,74.0,1,0
2026-09-20T08:55:09.052344,esp32-may-1,20260920_085045_kho_bai_tinh,263,27.6,64.0,4095.0,1.0,71.0,1,0
2026-09-20T08:55:09.763507,esp32-may-1,20260920_085045_kho_bai_tinh,264,27.6,64.0,4095.0,1.0,69.0,1,0
2026-09-20T08:55:10.991062,esp32-may-1,20260920_085045_kho_bai_tinh,265,27.6,64.0,4095.0,1.0,66.0,1,0
2026-09-20T08:55:11.763158,esp32-may-1,20260920_085045_kho_bai_tinh,266,27.6,64.0,4095.0,1.0,71.0,1,0
2026-09-20T08:55:12.793637,esp32-may-1,20260920_085045_kho_bai_tinh,267,27.6,64.0,4095.0,1.0,71.0,1,0
2026-09-20T08:55:13.765057,esp32-may-1,20260920_085045_kho_bai_tinh,268,27.6,64.0,4095.0,1.0,67.0,1,0
2026-09-20T08:55:14.883888,esp32-may-1,20260920_085045_kho_bai_tinh,269,27.6,64.0,4095.0,1.0,70.0,1,0
2026-09-20T08:55:15.766002,esp32-may-1,20260920_085045_kho_bai_tinh,270,27.6,64.0,4095.0,1.0,64.0,1,0
2026-09-20T08:55:17.616797,esp32-may-1,20260920_085045_kho_bai_tinh,271,27.6,64.0,4095.0,1.0,63.0,1,0
2026-09-20T08:55:19.248357,esp32-may-1,20260920_085045_kho_bai_tinh,272,27.6,64.0,4095.0,1.0,64.0,1,0
2026-09-20T08:55:19.799738,esp32-may-1,20260920_085045_kho_bai_tinh,273,27.6,64.0,4095.0,1.0,63.0,1,0
2026-09-20T08:55:20.622060,esp32-may-1,20260920_085045_kho_bai_tinh,274,27.6,64.0,4095.0,1.0,74.0,1,0
2026-09-20T08:55:21.610458,esp32-may-1,20260920_085045_kho_bai_tinh,275,27.6,64.0,4095.0,1.0,70.0,1,0
2026-09-20T08:55:22.664623,esp32-may-1,20260920_085045_kho_bai_tinh,276,27.6,64.0,4095.0,1.0,75.0,1,0
2026-09-20T08:55:23.608625,esp32-may-1,20260920_085045_kho_bai_tinh,277,27.6,64.0,4095.0,1.0,70.0,1,0
2026-09-20T08:55:24.712339,esp32-may-1,20260920_085045_kho_bai_tinh,278,27.6,64.0,4095.0,1.0,75.0,1,0
2026-09-20T08:55:25.604204,esp32-may-1,20260920_085045_kho_bai_tinh,279,27.6,64.0,4095.0,1.0,67.0,1,0
2026-09-20T08:55:26.762807,esp32-may-1,20260920_085045_kho_bai_tinh,280,27.6,64.0,4095.0,1.0,75.0,1,0
2026-09-20T08:55:27.839555,esp32-may-1,20260920_085045_kho_bai_tinh,281,27.6,64.0,4095.0,1.0,71.0,1,0
2026-09-20T08:55:28.582226,esp32-may-1,20260920_085045_kho_bai_tinh,282,27.6,64.0,4095.0,1.0,71.0,1,0
2026-09-20T08:55:29.627957,esp32-may-1,20260920_085045_kho_bai_tinh,283,27.6,64.0,4095.0,1.0,72.0,1,0
2026-09-20T08:55:30.652259,esp32-may-1,20260920_085045_kho_bai_tinh,284,27.6,64.0,4095.0,1.0,69.0,1,0
2026-09-20T08:55:31.645229,esp32-may-1,20260920_085045_kho_bai_tinh,285,27.6,64.0,4095.0,1.0,70.0,1,0
2026-09-20T08:55:32.576706,esp32-may-1,20260920_085045_kho_bai_tinh,286,27.6,64.0,4095.0,1.0,69.0,1,0
2026-09-20T08:55:33.606001,esp32-may-1,20260920_085045_kho_bai_tinh,287,27.6,64.0,4095.0,1.0,70.0,1,0
2026-09-20T08:55:34.750652,esp32-may-1,20260920_085045_kho_bai_tinh,288,27.6,64.0,4095.0,1.0,67.0,1,0
2026-09-20T08:55:35.603745,esp32-may-1,20260920_085045_kho_bai_tinh,289,27.6,64.0,4095.0,1.0,71.0,1,0
2026-09-20T08:55:36.795870,esp32-may-1,20260920_085045_kho_bai_tinh,290,27.6,64.0,4095.0,1.0,69.0,1,0
2026-09-20T08:55:37.602133,esp32-may-1,20260920_085045_kho_bai_tinh,291,27.6,64.0,4095.0,1.0,66.0,1,0
2026-09-20T08:55:38.848853,esp32-may-1,20260920_085045_kho_bai_tinh,292,27.6,64.0,4095.0,1.0,65.0,1,0
2026-09-20T08:55:39.614186,esp32-may-1,20260920_085045_kho_bai_tinh,293,27.6,64.0,4095.0,1.0,69.0,1,0
2026-09-20T08:55:40.579768,esp32-may-1,20260920_085045_kho_bai_tinh,294,27.6,64.0,4095.0,1.0,67.0,1,0
2026-09-20T08:55:41.714094,esp32-may-1,20260920_085045_kho_bai_tinh,295,27.6,64.0,4095.0,1.0,66.0,1,0
2026-09-20T08:55:42.735346,esp32-may-1,20260920_085045_kho_bai_tinh,296,27.6,64.0,4095.0,1.0,69.0,1,0
2026-09-20T08:55:43.603858,esp32-may-1,20260920_085045_kho_bai_tinh,297,27.5,64.0,4095.0,1.0,64.0,1,0
2026-09-20T08:55:44.785122,esp32-may-1,20260920_085045_kho_bai_tinh,298,27.5,64.0,4095.0,1.0,66.0,1,0
2026-09-20T08:55:45.602921,esp32-may-1,20260920_085045_kho_bai_tinh,299,27.6,64.0,4095.0,1.0,65.0,1,0
2026-09-20T08:55:46.588990,esp32-may-1,20260920_085045_kho_bai_tinh,300,27.6,64.0,4095.0,1.0,68.0,1,0
2026-09-20T08:55:47.650878,esp32-may-1,20260920_085045_kho_bai_tinh,301,27.6,64.0,4095.0,1.0,64.0,1,0
2026-09-20T08:55:48.574130,esp32-may-1,20260920_085045_kho_bai_tinh,302,27.6,64.0,4095.0,1.0,66.0,1,0
2026-09-20T08:55:49.605475,esp32-may-1,20260920_085045_kho_bai_tinh,303,27.6,64.0,4095.0,1.0,66.0,1,0
2026-09-20T08:55:50.723425,esp32-may-1,20260920_085045_kho_bai_tinh,304,27.6,64.0,4095.0,1.0,64.0,1,0
2026-09-20T08:55:51.748904,esp32-may-1,20260920_085045_kho_bai_tinh,305,27.6,64.0,4095.0,1.0,64.0,1,0
2026-09-20T08:55:52.583103,esp32-may-1,20260920_085045_kho_bai_tinh,306,27.6,64.0,4095.0,1.0,65.0,1,0
2026-09-20T08:55:53.794722,esp32-may-1,20260920_085045_kho_bai_tinh,307,27.6,64.0,4095.0,1.0,69.0,1,0
2026-09-20T08:55:54.578852,esp32-may-1,20260920_085045_kho_bai_tinh,308,27.6,64.0,4095.0,1.0,65.0,1,0
2026-09-20T08:55:55.637890,esp32-may-1,20260920_085045_kho_bai_tinh,309,27.6,64.0,4095.0,1.0,66.0,1,0
2026-09-20T08:55:56.574409,esp32-may-1,20260920_085045_kho_bai_tinh,310,27.6,64.0,4095.0,1.0,67.0,1,0
2026-09-20T08:55:57.685227,esp32-may-1,20260920_085045_kho_bai_tinh,311,27.6,64.0,4095.0,1.0,67.0,1,0
2026-09-20T08:55:58.579245,esp32-may-1,20260920_085045_kho_bai_tinh,312,27.6,64.0,4095.0,1.0,66.0,1,0
2026-09-20T08:55:59.733181,esp32-may-1,20260920_085045_kho_bai_tinh,313,27.6,64.0,4095.0,1.0,68.0,1,0
2026-09-20T08:56:00.576206,esp32-may-1,20260920_085045_kho_bai_tinh,314,27.6,64.0,4095.0,1.0,69.0,1,0
2026-09-20T08:56:01.603998,esp32-may-1,20260920_085045_kho_bai_tinh,315,27.6,64.0,4095.0,1.0,64.0,1,0
2026-09-20T08:56:02.574754,esp32-may-1,20260920_085045_kho_bai_tinh,316,27.6,64.0,4095.0,1.0,66.0,1,0
2026-09-20T08:56:03.623981,esp32-may-1,20260920_085045_kho_bai_tinh,317,27.6,64.0,4095.0,1.0,68.0,1,0
2026-09-20T08:56:04.573547,esp32-may-1,20260920_085045_kho_bai_tinh,318,27.6,64.0,4095.0,1.0,65.0,1,0
2026-09-20T08:56:05.603521,esp32-may-1,20260920_085045_kho_bai_tinh,319,27.6,64.0,4095.0,1.0,65.0,1,0
2026-09-20T08:56:06.696188,esp32-may-1,20260920_085045_kho_bai_tinh,320,27.6,64.0,4095.0,1.0,69.0,1,0
2026-09-20T08:56:07.604516,esp32-may-1,20260920_085045_kho_bai_tinh,321,27.6,64.0,4095.0,1.0,64.0,1,0
2026-09-20T08:56:08.573630,esp32-may-1,20260920_085045_kho_bai_tinh,322,27.6,64.0,4095.0,1.0,65.0,1,0
2026-09-20T08:56:09.603712,esp32-may-1,20260920_085045_kho_bai_tinh,323,27.7,64.0,4095.0,1.0,66.0,1,0
2026-09-20T08:56:10.791942,esp32-may-1,20260920_085045_kho_bai_tinh,324,27.7,64.0,4095.0,1.0,68.0,1,0
2026-09-20T08:56:11.598926,esp32-may-1,20260920_085045_kho_bai_tinh,325,27.6,64.0,4095.0,1.0,64.0,1,0
2026-09-20T08:56:12.635022,esp32-may-1,20260920_085045_kho_bai_tinh,326,27.6,64.0,4095.0,1.0,65.0,1,0
2026-09-20T08:56:13.661123,esp32-may-1,20260920_085045_kho_bai_tinh,327,27.6,64.0,4095.0,1.0,65.0,1,0
2026-09-20T08:56:14.682422,esp32-may-1,20260920_085045_kho_bai_tinh,328,27.6,64.0,4095.0,1.0,65.0,1,0
2026-09-20T08:56:15.709594,esp32-may-1,20260920_085045_kho_bai_tinh,329,27.6,64.0,4095.0,1.0,64.0,1,0
2026-09-20T08:56:17.755518,esp32-may-1,20260920_085045_kho_bai_tinh,330,27.6,64.0,4095.0,1.0,67.0,1,0
2026-09-20T08:56:18.986052,esp32-may-1,20260920_085045_kho_bai_tinh,331,27.6,64.0,4095.0,1.0,58.0,1,0
2026-09-20T08:56:19.915054,esp32-may-1,20260920_085045_kho_bai_tinh,332,27.6,64.0,4095.0,1.0,61.0,1,0
2026-09-20T08:56:20.734615,esp32-may-1,20260920_085045_kho_bai_tinh,333,27.6,64.0,4095.0,1.0,66.0,1,0
2026-09-20T08:56:21.754813,esp32-may-1,20260920_085045_kho_bai_tinh,334,27.6,64.0,4095.0,1.0,69.0,1,0
2026-09-20T08:56:22.771743,esp32-may-1,20260920_085045_kho_bai_tinh,335,27.6,64.0,4095.0,1.0,71.0,1,0
2026-09-20T08:56:23.796627,esp32-may-1,20260920_085045_kho_bai_tinh,336,27.6,64.0,4095.0,1.0,69.0,1,0
2026-09-20T08:56:24.728556,esp32-may-1,20260920_085045_kho_bai_tinh,337,27.6,64.0,4095.0,1.0,68.0,1,0
2026-09-20T08:56:25.845558,esp32-may-1,20260920_085045_kho_bai_tinh,338,27.6,64.0,4095.0,1.0,70.0,1,0
2026-09-20T08:56:26.800711,esp32-may-1,20260920_085045_kho_bai_tinh,339,27.6,64.0,4095.0,1.0,67.0,1,0
2026-09-20T08:56:27.892012,esp32-may-1,20260920_085045_kho_bai_tinh,340,27.6,64.0,4095.0,1.0,69.0,1,0
2026-09-20T08:56:28.915617,esp32-may-1,20260920_085045_kho_bai_tinh,341,27.6,64.0,4095.0,1.0,70.0,1,0
2026-09-20T08:56:29.721694,esp32-may-1,20260920_085045_kho_bai_tinh,342,27.6,64.0,4095.0,1.0,73.0,1,0
2026-09-20T08:56:30.733784,esp32-may-1,20260920_085045_kho_bai_tinh,343,27.6,64.0,4095.0,1.0,69.0,1,0
2026-09-20T08:56:31.707584,esp32-may-1,20260920_085045_kho_bai_tinh,344,27.6,64.0,4095.0,1.0,66.0,1,0
2026-09-20T08:56:32.733692,esp32-may-1,20260920_085045_kho_bai_tinh,345,27.6,64.0,4095.0,1.0,67.0,1,0
2026-09-20T08:56:33.846817,esp32-may-1,20260920_085045_kho_bai_tinh,346,27.6,64.0,4095.0,1.0,69.0,1,0
2026-09-20T08:56:34.730701,esp32-may-1,20260920_085045_kho_bai_tinh,347,27.7,64.0,4095.0,1.0,66.0,1,0
2026-09-20T08:56:35.710166,esp32-may-1,20260920_085045_kho_bai_tinh,348,27.7,64.0,4095.0,1.0,69.0,1,0
2026-09-20T08:56:36.907408,esp32-may-1,20260920_085045_kho_bai_tinh,349,27.6,64.0,4095.0,1.0,68.0,1,0
2026-09-20T08:56:37.721409,esp32-may-1,20260920_085045_kho_bai_tinh,350,27.6,64.0,4095.0,1.0,70.0,1,0
2026-09-20T08:56:38.952736,esp32-may-1,20260920_085045_kho_bai_tinh,351,27.6,64.0,4095.0,1.0,70.0,1,0
2026-09-20T08:56:39.872957,esp32-may-1,20260920_085045_kho_bai_tinh,352,27.6,64.0,4095.0,1.0,65.0,1,0
2026-09-20T08:56:40.730376,esp32-may-1,20260920_085045_kho_bai_tinh,353,27.6,64.0,4095.0,1.0,64.0,1,0
2026-09-20T08:56:41.703950,esp32-may-1,20260920_085045_kho_bai_tinh,354,27.6,64.0,4095.0,1.0,65.0,1,0
2026-09-20T08:56:42.847416,esp32-may-1,20260920_085045_kho_bai_tinh,355,27.7,64.0,4095.0,1.0,64.0,1,0
2026-09-20T08:56:43.867039,esp32-may-1,20260920_085045_kho_bai_tinh,356,27.7,64.0,4095.0,1.0,69.0,1,0
2026-09-20T08:56:44.907261,esp32-may-1,20260920_085045_kho_bai_tinh,357,27.7,64.0,4095.0,1.0,65.0,1,0
2026-09-20T08:56:45.704205,esp32-may-1,20260920_085045_kho_bai_tinh,358,27.7,64.0,4095.0,1.0,71.0,1,0
2026-09-20T08:56:46.732222,esp32-may-1,20260920_085045_kho_bai_tinh,359,27.6,64.0,4095.0,1.0,67.0,1,0
2026-09-20T08:56:47.756853,esp32-may-1,20260920_085045_kho_bai_tinh,360,27.6,64.0,4095.0,1.0,64.0,1,0
2026-09-20T08:56:48.780165,esp32-may-1,20260920_085045_kho_bai_tinh,361,27.6,64.0,4095.0,1.0,64.0,1,0
2026-09-20T08:56:49.703942,esp32-may-1,20260920_085045_kho_bai_tinh,362,27.6,64.0,4095.0,1.0,64.0,1,0
2026-09-20T08:56:50.829239,esp32-may-1,20260920_085045_kho_bai_tinh,363,27.7,64.0,4095.0,1.0,71.0,1,0
2026-09-20T08:56:51.705519,esp32-may-1,20260920_085045_kho_bai_tinh,364,27.7,64.0,4095.0,1.0,64.0,1,0
2026-09-20T08:56:52.734832,esp32-may-1,20260920_085045_kho_bai_tinh,365,27.6,64.0,4095.0,1.0,62.0,1,0
2026-09-20T08:56:53.705982,esp32-may-1,20260920_085045_kho_bai_tinh,366,27.6,64.0,4095.0,1.0,70.0,1,0
2026-09-20T08:56:54.927420,esp32-may-1,20260920_085045_kho_bai_tinh,367,27.6,64.0,4095.0,1.0,65.0,1,0
2026-09-20T08:56:55.746792,esp32-may-1,20260920_085045_kho_bai_tinh,368,27.6,64.0,4095.0,1.0,68.0,1,0
2026-09-20T08:56:56.769717,esp32-may-1,20260920_085045_kho_bai_tinh,369,27.7,64.0,4095.0,1.0,70.0,1,0
2026-09-20T08:56:57.792978,esp32-may-1,20260920_085045_kho_bai_tinh,370,27.7,64.0,4095.0,1.0,66.0,1,0
2026-09-20T08:56:58.820929,esp32-may-1,20260920_085045_kho_bai_tinh,371,27.7,64.0,4095.0,1.0,67.0,1,0
2026-09-20T08:56:59.844735,esp32-may-1,20260920_085045_kho_bai_tinh,372,27.7,64.0,4095.0,1.0,65.0,1,0
2026-09-20T08:57:00.864717,esp32-may-1,20260920_085045_kho_bai_tinh,373,27.6,64.0,4095.0,1.0,64.0,1,0
2026-09-20T08:57:01.893583,esp32-may-1,20260920_085045_kho_bai_tinh,374,27.6,64.0,4095.0,1.0,66.0,1,0
2026-09-20T08:57:02.753961,esp32-may-1,20260920_085045_kho_bai_tinh,375,27.7,64.0,4095.0,1.0,71.0,1,0
2026-09-20T08:57:03.730751,esp32-may-1,20260920_085045_kho_bai_tinh,376,27.7,64.0,4095.0,1.0,67.0,1,0
2026-09-20T08:57:04.782044,esp32-may-1,20260920_085045_kho_bai_tinh,377,27.6,64.0,4095.0,1.0,70.0,1,0
2026-09-20T08:57:05.881338,esp32-may-1,20260920_085045_kho_bai_tinh,378,27.6,64.0,4095.0,1.0,67.0,1,0
2026-09-20T08:57:06.906100,esp32-may-1,20260920_085045_kho_bai_tinh,379,27.6,64.0,4095.0,1.0,67.0,1,0
2026-09-20T08:57:07.705567,esp32-may-1,20260920_085045_kho_bai_tinh,380,27.6,64.0,4095.0,1.0,66.0,1,0
2026-09-20T08:57:08.953385,esp32-may-1,20260920_085045_kho_bai_tinh,381,27.7,64.0,4095.0,1.0,70.0,1,0
2026-09-20T08:57:09.794415,esp32-may-1,20260920_085045_kho_bai_tinh,382,27.7,64.0,4095.0,1.0,64.0,1,0
2026-09-20T08:57:11.064251,esp32-may-1,20260920_085045_kho_bai_tinh,383,27.7,64.0,4095.0,1.0,66.0,1,0
2026-09-20T08:57:11.707205,esp32-may-1,20260920_085045_kho_bai_tinh,384,27.7,64.0,4095.0,1.0,67.0,1,0
2026-09-20T08:57:12.725336,esp32-may-1,20260920_085045_kho_bai_tinh,385,27.6,64.0,4095.0,1.0,68.0,1,0
2026-09-20T08:57:13.707250,esp32-may-1,20260920_085045_kho_bai_tinh,386,27.6,64.0,4095.0,1.0,69.0,1,0
2026-09-20T08:57:14.892287,esp32-may-1,20260920_085045_kho_bai_tinh,387,27.7,64.0,4095.0,1.0,70.0,1,0
2026-09-20T08:57:15.917209,esp32-may-1,20260920_085045_kho_bai_tinh,388,27.7,64.0,4095.0,1.0,66.0,1,0
2026-09-20T08:57:18.138403,esp32-may-1,20260920_085045_kho_bai_tinh,389,27.7,64.0,4095.0,1.0,64.0,1,0
2026-09-20T08:57:20.218838,esp32-may-1,20260920_085045_kho_bai_tinh,390,27.7,64.0,4095.0,1.0,64.0,1,0
2026-09-20T08:57:21.096438,esp32-may-1,20260920_085045_kho_bai_tinh,391,27.7,64.0,4095.0,1.0,68.0,1,0
2026-09-20T08:57:22.265505,esp32-may-1,20260920_085045_kho_bai_tinh,392,27.6,64.0,4095.0,1.0,69.0,1,0
2026-09-20T08:57:23.289275,esp32-may-1,20260920_085045_kho_bai_tinh,393,27.6,64.0,4095.0,1.0,69.0,1,0
2026-09-20T08:57:24.313453,esp32-may-1,20260920_085045_kho_bai_tinh,394,27.7,64.0,4095.0,1.0,70.0,1,0
2026-09-20T08:57:25.136956,esp32-may-1,20260920_085045_kho_bai_tinh,395,27.7,64.0,4095.0,1.0,68.0,1,0
2026-09-20T08:57:26.164527,esp32-may-1,20260920_085045_kho_bai_tinh,396,27.7,64.0,4095.0,1.0,66.0,1,0
2026-09-20T08:57:27.179394,esp32-may-1,20260920_085045_kho_bai_tinh,397,27.7,64.0,4095.0,1.0,69.0,1,0
2026-09-20T08:57:28.204741,esp32-may-1,20260920_085045_kho_bai_tinh,398,27.7,64.0,4095.0,1.0,70.0,1,0
2026-09-20T08:57:29.433487,esp32-may-1,20260920_085045_kho_bai_tinh,399,27.7,64.0,4095.0,1.0,70.0,1,0
2026-09-20T08:57:30.120578,esp32-may-1,20260920_085045_kho_bai_tinh,400,27.6,64.0,4095.0,1.0,67.0,1,0
2026-09-20T08:57:31.097856,esp32-may-1,20260920_085045_kho_bai_tinh,401,27.6,64.0,4095.0,1.0,66.0,1,0
2026-09-20T08:57:32.121353,esp32-may-1,20260920_085045_kho_bai_tinh,402,27.7,64.0,4095.0,1.0,69.0,1,0
2026-09-20T08:57:33.119842,esp32-may-1,20260920_085045_kho_bai_tinh,403,27.7,64.0,4095.0,1.0,67.0,1,0
2026-09-20T08:57:34.148498,esp32-may-1,20260920_085045_kho_bai_tinh,404,27.7,64.0,4095.0,1.0,69.0,1,0
2026-09-20T08:57:35.094970,esp32-may-1,20260920_085045_kho_bai_tinh,405,27.7,64.0,4095.0,1.0,68.0,1,0
2026-09-20T08:57:36.192408,esp32-may-1,20260920_085045_kho_bai_tinh,406,27.6,64.0,4095.0,1.0,65.0,1,0
2026-09-20T08:57:37.215320,esp32-may-1,20260920_085045_kho_bai_tinh,407,27.6,64.0,4095.0,1.0,65.0,1,0
2026-09-20T08:57:38.121029,esp32-may-1,20260920_085045_kho_bai_tinh,408,27.7,64.0,4095.0,1.0,69.0,1,0
2026-09-20T08:57:39.095895,esp32-may-1,20260920_085045_kho_bai_tinh,409,27.7,64.0,4095.0,1.0,68.0,1,0
2026-09-20T08:57:40.295942,esp32-may-1,20260920_085045_kho_bai_tinh,410,27.7,64.0,4095.0,1.0,65.0,1,0
2026-09-20T08:57:41.316745,esp32-may-1,20260920_085045_kho_bai_tinh,411,27.7,64.0,4095.0,1.0,64.0,1,0
2026-09-20T08:57:42.117857,esp32-may-1,20260920_085045_kho_bai_tinh,412,27.7,64.0,4095.0,1.0,65.0,1,0
2026-09-20T08:57:43.158144,esp32-may-1,20260920_085045_kho_bai_tinh,413,27.7,64.0,4095.0,1.0,69.0,1,0
2026-09-20T08:57:44.179783,esp32-may-1,20260920_085045_kho_bai_tinh,414,27.6,64.0,4095.0,1.0,64.0,1,0
2026-09-20T08:57:45.203198,esp32-may-1,20260920_085045_kho_bai_tinh,415,27.6,64.0,4095.0,1.0,69.0,1,0
2026-09-20T08:57:46.229001,esp32-may-1,20260920_085045_kho_bai_tinh,416,27.6,64.0,4095.0,1.0,68.0,1,0
2026-09-20T08:57:47.252770,esp32-may-1,20260920_085045_kho_bai_tinh,417,27.6,64.0,4095.0,1.0,68.0,1,0
2026-09-20T08:57:48.276215,esp32-may-1,20260920_085045_kho_bai_tinh,418,27.7,64.0,4095.0,1.0,68.0,1,0
2026-09-20T08:57:49.099234,esp32-may-1,20260920_085045_kho_bai_tinh,419,27.7,64.0,4095.0,1.0,66.0,1,0
2026-09-20T08:57:50.321271,esp32-may-1,20260920_085045_kho_bai_tinh,420,27.6,64.0,4095.0,1.0,64.0,1,0
2026-09-20T08:57:51.142160,esp32-may-1,20260920_085045_kho_bai_tinh,421,27.6,64.0,4095.0,1.0,69.0,1,0
2026-09-20T08:57:52.127364,esp32-may-1,20260920_085045_kho_bai_tinh,422,27.7,64.0,4095.0,1.0,64.0,1,0
2026-09-20T08:57:53.189415,esp32-may-1,20260920_085045_kho_bai_tinh,423,27.7,64.0,4095.0,1.0,65.0,1,0
2026-09-20T08:57:54.213702,esp32-may-1,20260920_085045_kho_bai_tinh,424,27.7,64.0,4095.0,1.0,68.0,1,0
2026-09-20T08:57:55.237739,esp32-may-1,20260920_085045_kho_bai_tinh,425,27.7,64.0,4095.0,1.0,63.0,1,0
2026-09-20T08:57:56.119123,esp32-may-1,20260920_085045_kho_bai_tinh,426,27.7,64.0,4095.0,1.0,64.0,1,0
2026-09-20T08:57:57.284684,esp32-may-1,20260920_085045_kho_bai_tinh,427,27.7,64.0,4095.0,1.0,66.0,1,0
2026-09-20T08:57:58.310643,esp32-may-1,20260920_085045_kho_bai_tinh,428,27.6,64.0,4095.0,1.0,65.0,1,0
2026-09-20T08:57:59.128761,esp32-may-1,20260920_085045_kho_bai_tinh,429,27.6,64.0,4095.0,1.0,66.0,1,0
2026-09-20T08:58:00.118476,esp32-may-1,20260920_085045_kho_bai_tinh,430,27.7,64.0,4095.0,1.0,65.0,1,0
2026-09-20T08:58:01.093462,esp32-may-1,20260920_085045_kho_bai_tinh,431,27.7,64.0,4095.0,1.0,65.0,1,0
2026-09-20T08:58:02.184247,esp32-may-1,20260920_085045_kho_bai_tinh,432,27.7,64.0,4095.0,1.0,69.0,1,0
2026-09-20T08:58:03.093193,esp32-may-1,20260920_085045_kho_bai_tinh,433,27.7,64.0,4095.0,1.0,68.0,1,0
2026-09-20T08:58:04.247974,esp32-may-1,20260920_085045_kho_bai_tinh,434,27.6,64.0,4095.0,1.0,64.0,1,0
2026-09-20T08:58:05.374971,esp32-may-1,20260920_085045_kho_bai_tinh,435,27.6,64.0,4095.0,1.0,66.0,1,0
2026-09-20T08:58:06.297060,esp32-may-1,20260920_085045_kho_bai_tinh,436,27.7,64.0,4095.0,1.0,65.0,1,0
2026-09-20T08:58:07.115806,esp32-may-1,20260920_085045_kho_bai_tinh,437,27.7,64.0,4095.0,1.0,69.0,1,0
2026-09-20T08:58:08.122645,esp32-may-1,20260920_085045_kho_bai_tinh,438,27.7,64.0,4095.0,1.0,70.0,1,0
2026-09-20T08:58:09.163732,esp32-may-1,20260920_085045_kho_bai_tinh,439,27.7,64.0,4095.0,1.0,64.0,1,0
2026-09-20T08:58:10.186984,esp32-may-1,20260920_085045_kho_bai_tinh,440,27.7,64.0,4095.0,1.0,67.0,1,0
2026-09-20T08:58:11.095017,esp32-may-1,20260920_085045_kho_bai_tinh,441,27.7,64.0,4095.0,1.0,71.0,1,0
2026-09-20T08:58:12.163187,esp32-may-1,20260920_085045_kho_bai_tinh,442,27.7,64.0,4095.0,1.0,67.0,1,0
2026-09-20T08:58:13.260514,esp32-may-1,20260920_085045_kho_bai_tinh,443,27.7,64.0,4095.0,1.0,64.0,1,0
2026-09-20T08:58:14.128684,esp32-may-1,20260920_085045_kho_bai_tinh,444,27.7,64.0,4095.0,1.0,66.0,1,0
2026-09-20T08:58:15.307362,esp32-may-1,20260920_085045_kho_bai_tinh,445,27.7,64.0,4095.0,1.0,69.0,1,0
2026-09-20T08:58:16.331579,esp32-may-1,20260920_085045_kho_bai_tinh,446,27.7,64.0,4095.0,1.0,61.0,1,0
2026-09-20T08:58:17.765795,esp32-may-1,20260920_085045_kho_bai_tinh,447,27.7,64.0,4095.0,1.0,67.0,1,0
2026-09-20T08:58:19.506000,esp32-may-1,20260920_085045_kho_bai_tinh,448,27.7,64.0,4095.0,1.0,59.0,1,0
2026-09-20T08:58:19.914943,esp32-may-1,20260920_085045_kho_bai_tinh,449,27.7,64.0,4095.0,1.0,62.0,1,0
2026-09-20T08:58:20.944272,esp32-may-1,20260920_085045_kho_bai_tinh,450,27.7,64.0,4095.0,1.0,68.0,1,0
2026-09-20T08:58:21.806153,esp32-may-1,20260920_085045_kho_bai_tinh,451,27.7,64.0,4095.0,1.0,69.0,1,0
2026-09-20T08:58:22.827994,esp32-may-1,20260920_085045_kho_bai_tinh,452,27.6,64.0,4095.0,1.0,69.0,1,0
2026-09-20T08:58:24.013582,esp32-may-1,20260920_085045_kho_bai_tinh,453,27.6,64.0,4095.0,1.0,67.0,1,0
2026-09-20T08:58:24.841782,esp32-may-1,20260920_085045_kho_bai_tinh,454,27.7,64.0,4095.0,1.0,69.0,1,0
2026-09-20T08:58:25.853277,esp32-may-1,20260920_085045_kho_bai_tinh,455,27.7,64.0,4095.0,1.0,73.0,1,0
2026-09-20T08:58:26.880282,esp32-may-1,20260920_085045_kho_bai_tinh,456,27.7,64.0,4095.0,1.0,68.0,1,0
2026-09-20T08:58:27.801786,esp32-may-1,20260920_085045_kho_bai_tinh,457,27.7,64.0,4095.0,1.0,66.0,1,0
2026-09-20T08:58:28.933248,esp32-may-1,20260920_085045_kho_bai_tinh,458,27.7,64.0,4095.0,1.0,69.0,1,0
2026-09-20T08:58:29.803921,esp32-may-1,20260920_085045_kho_bai_tinh,459,27.7,64.0,4095.0,1.0,64.0,1,0
2026-09-20T08:58:30.973913,esp32-may-1,20260920_085045_kho_bai_tinh,460,27.7,64.0,4095.0,1.0,64.0,1,0
2026-09-20T08:58:31.823065,esp32-may-1,20260920_085045_kho_bai_tinh,461,27.7,64.0,4095.0,1.0,64.0,1,0
2026-09-20T08:58:33.022392,esp32-may-1,20260920_085045_kho_bai_tinh,462,27.7,64.0,4095.0,1.0,65.0,1,0
2026-09-20T08:58:33.842971,esp32-may-1,20260920_085045_kho_bai_tinh,463,27.7,64.0,4095.0,1.0,65.0,1,0
2026-09-20T08:58:34.831848,esp32-may-1,20260920_085045_kho_bai_tinh,464,27.7,64.0,4095.0,1.0,65.0,1,0
2026-09-20T08:58:35.804400,esp32-may-1,20260920_085045_kho_bai_tinh,465,27.7,64.0,4095.0,1.0,68.0,1,0
2026-09-20T08:58:36.912165,esp32-may-1,20260920_085045_kho_bai_tinh,466,27.7,64.0,4095.0,1.0,70.0,1,0
2026-09-20T08:58:37.806630,esp32-may-1,20260920_085045_kho_bai_tinh,467,27.7,64.0,4095.0,1.0,69.0,1,0
2026-09-20T08:58:38.825731,esp32-may-1,20260920_085045_kho_bai_tinh,468,27.7,64.0,4095.0,1.0,66.0,1,0
2026-09-20T08:58:39.810705,esp32-may-1,20260920_085045_kho_bai_tinh,469,27.7,64.0,4095.0,1.0,65.0,1,0
2026-09-20T08:58:41.011151,esp32-may-1,20260920_085045_kho_bai_tinh,470,27.7,64.0,4095.0,1.0,67.0,1,0
2026-09-20T08:58:41.802552,esp32-may-1,20260920_085045_kho_bai_tinh,471,27.7,64.0,4095.0,1.0,67.0,1,0
2026-09-20T08:58:42.850751,esp32-may-1,20260920_085045_kho_bai_tinh,472,27.7,64.0,4095.0,1.0,65.0,1,0
2026-09-20T08:58:43.799978,esp32-may-1,20260920_085045_kho_bai_tinh,473,27.7,64.0,4095.0,1.0,65.0,1,0
2026-09-20T08:58:45.009709,esp32-may-1,20260920_085045_kho_bai_tinh,474,27.7,64.0,4095.0,1.0,69.0,1,0
2026-09-20T08:58:45.925503,esp32-may-1,20260920_085045_kho_bai_tinh,475,27.7,64.0,4095.0,1.0,65.0,1,0
2026-09-20T08:58:46.824981,esp32-may-1,20260920_085045_kho_bai_tinh,476,27.7,64.0,4095.0,1.0,66.0,1,0
2026-09-20T08:58:47.976187,esp32-may-1,20260920_085045_kho_bai_tinh,477,27.7,64.0,4095.0,1.0,64.0,1,0
2026-09-20T08:58:48.995753,esp32-may-1,20260920_085045_kho_bai_tinh,478,27.7,64.0,4095.0,1.0,64.0,1,0
2026-09-20T08:58:50.019088,esp32-may-1,20260920_085045_kho_bai_tinh,479,27.7,64.0,4095.0,1.0,65.0,1,0
2026-09-20T08:58:51.042845,esp32-may-1,20260920_085045_kho_bai_tinh,480,27.7,64.0,4095.0,1.0,70.0,1,0
2026-09-20T08:58:51.864215,esp32-may-1,20260920_085045_kho_bai_tinh,481,27.7,64.0,4095.0,1.0,65.0,1,0
2026-09-20T08:58:52.830398,esp32-may-1,20260920_085045_kho_bai_tinh,482,27.6,64.0,4095.0,1.0,67.0,1,0
2026-09-20T08:58:53.910879,esp32-may-1,20260920_085045_kho_bai_tinh,483,27.6,64.0,4095.0,1.0,68.0,1,0
2026-09-20T08:58:54.835650,esp32-may-1,20260920_085045_kho_bai_tinh,484,27.7,64.0,4095.0,1.0,67.0,1,0
2026-09-20T08:58:55.958871,esp32-may-1,20260920_085045_kho_bai_tinh,485,27.7,64.0,4095.0,1.0,66.0,1,0
2026-09-20T08:58:56.838839,esp32-may-1,20260920_085045_kho_bai_tinh,486,27.7,64.0,4095.0,1.0,64.0,1,0
2026-09-20T08:58:58.006954,esp32-may-1,20260920_085045_kho_bai_tinh,487,27.7,64.0,4095.0,1.0,66.0,1,0
2026-09-20T08:58:58.828693,esp32-may-1,20260920_085045_kho_bai_tinh,488,27.7,64.0,4095.0,1.0,67.0,1,0
2026-09-20T08:58:59.850211,esp32-may-1,20260920_085045_kho_bai_tinh,489,27.7,64.0,4095.0,1.0,67.0,1,0
2026-09-20T08:59:00.876120,esp32-may-1,20260920_085045_kho_bai_tinh,490,27.7,64.0,4095.0,1.0,64.0,1,0
2026-09-20T08:59:01.897045,esp32-may-1,20260920_085045_kho_bai_tinh,491,27.7,64.0,4095.0,1.0,64.0,1,0
2026-09-20T08:59:02.920763,esp32-may-1,20260920_085045_kho_bai_tinh,492,27.7,64.0,4095.0,1.0,68.0,1,0
2026-09-20T08:59:03.945367,esp32-may-1,20260920_085045_kho_bai_tinh,493,27.7,64.0,4095.0,1.0,66.0,1,0
2026-09-20T08:59:04.970426,esp32-may-1,20260920_085045_kho_bai_tinh,494,27.7,64.0,4095.0,1.0,66.0,1,0
2026-09-20T08:59:05.994771,esp32-may-1,20260920_085045_kho_bai_tinh,495,27.7,64.0,4095.0,1.0,64.0,1,0
2026-09-20T08:59:07.019792,esp32-may-1,20260920_085045_kho_bai_tinh,496,27.7,64.0,4095.0,1.0,65.0,1,0
2026-09-20T08:59:07.809422,esp32-may-1,20260920_085045_kho_bai_tinh,497,27.7,64.0,4095.0,1.0,66.0,1,0
2026-09-20T08:59:08.861676,esp32-may-1,20260920_085045_kho_bai_tinh,498,27.7,64.0,4095.0,1.0,64.0,1,0
2026-09-20T08:59:09.883644,esp32-may-1,20260920_085045_kho_bai_tinh,499,27.7,64.0,4095.0,1.0,68.0,1,0
2026-09-20T08:59:10.909965,esp32-may-1,20260920_085045_kho_bai_tinh,500,27.7,64.0,4095.0,1.0,65.0,1,0
2026-09-20T08:59:11.933237,esp32-may-1,20260920_085045_kho_bai_tinh,501,27.7,64.0,4095.0,1.0,66.0,1,0
2026-09-20T08:59:12.869550,esp32-may-1,20260920_085045_kho_bai_tinh,502,27.7,64.0,4095.0,1.0,68.0,1,0
2026-09-20T08:59:13.885025,esp32-may-1,20260920_085045_kho_bai_tinh,503,27.7,64.0,4095.0,1.0,65.0,1,0
2026-09-20T08:59:14.831095,esp32-may-1,20260920_085045_kho_bai_tinh,504,27.7,64.0,4095.0,1.0,65.0,1,0
2026-09-20T08:59:15.798722,esp32-may-1,20260920_085045_kho_bai_tinh,505,27.7,64.0,4095.0,1.0,64.0,1,0
2026-09-20T08:59:17.051926,esp32-may-1,20260920_085045_kho_bai_tinh,506,27.7,64.0,4095.0,1.0,61.0,1,0
2026-09-20T08:59:17.847273,esp32-may-1,20260920_085045_kho_bai_tinh,507,27.7,64.0,4095.0,1.0,61.0,1,0
2026-09-20T08:59:19.611390,esp32-may-1,20260920_085045_kho_bai_tinh,508,27.7,64.0,4095.0,1.0,57.0,1,0
2026-09-20T08:59:20.234707,esp32-may-1,20260920_085045_kho_bai_tinh,509,27.7,64.0,4095.0,1.0,67.0,1,0
2026-09-20T08:59:21.107943,esp32-may-1,20260920_085045_kho_bai_tinh,510,27.7,64.0,4095.0,1.0,69.0,1,0
2026-09-20T08:59:22.275180,esp32-may-1,20260920_085045_kho_bai_tinh,511,27.7,64.0,4095.0,1.0,71.0,1,0
2026-09-20T08:59:23.110877,esp32-may-1,20260920_085045_kho_bai_tinh,512,27.7,64.0,4095.0,1.0,67.0,1,0
2026-09-20T08:59:24.122061,esp32-may-1,20260920_085045_kho_bai_tinh,513,27.7,64.0,4095.0,1.0,69.0,1,0
2026-09-20T08:59:25.107061,esp32-may-1,20260920_085045_kho_bai_tinh,514,27.7,64.0,4095.0,1.0,73.0,1,0
2026-09-20T08:59:26.084659,esp32-may-1,20260920_085045_kho_bai_tinh,515,27.7,64.0,4095.0,1.0,66.0,1,0
2026-09-20T08:59:27.110407,esp32-may-1,20260920_085045_kho_bai_tinh,516,27.7,64.0,4095.0,1.0,69.0,1,0
2026-09-20T08:59:28.091013,esp32-may-1,20260920_085045_kho_bai_tinh,517,27.7,64.0,4095.0,1.0,66.0,1,0
2026-09-20T08:59:29.236985,esp32-may-1,20260920_085045_kho_bai_tinh,518,27.7,64.0,4095.0,1.0,67.0,1,0
2026-09-20T08:59:30.261059,esp32-may-1,20260920_085045_kho_bai_tinh,519,27.7,64.0,4095.0,1.0,65.0,1,0
2026-09-20T08:59:31.106773,esp32-may-1,20260920_085045_kho_bai_tinh,520,27.7,64.0,4095.0,1.0,68.0,1,0
2026-09-20T08:59:32.309082,esp32-may-1,20260920_085045_kho_bai_tinh,521,27.7,64.0,4095.0,1.0,64.0,1,0
2026-09-20T08:59:33.127347,esp32-may-1,20260920_085045_kho_bai_tinh,522,27.7,64.0,4095.0,1.0,65.0,1,0
2026-09-20T08:59:34.154041,esp32-may-1,20260920_085045_kho_bai_tinh,523,27.7,64.0,4095.0,1.0,66.0,1,0
2026-09-20T08:59:35.180200,esp32-may-1,20260920_085045_kho_bai_tinh,524,27.7,64.0,4095.0,1.0,65.0,1,0
2026-09-20T08:59:36.202561,esp32-may-1,20260920_085045_kho_bai_tinh,525,27.7,64.0,4095.0,1.0,67.0,1,0
2026-09-20T08:59:37.224878,esp32-may-1,20260920_085045_kho_bai_tinh,526,27.7,64.0,4095.0,1.0,67.0,1,0
2026-09-20T08:59:38.248614,esp32-may-1,20260920_085045_kho_bai_tinh,527,27.7,64.0,4095.0,1.0,65.0,1,0
2026-09-20T08:59:39.273607,esp32-may-1,20260920_085045_kho_bai_tinh,528,27.7,64.0,4095.0,1.0,68.0,1,0
2026-09-20T08:59:40.085892,esp32-may-1,20260920_085045_kho_bai_tinh,529,27.7,64.0,4095.0,1.0,69.0,1,0
2026-09-20T08:59:41.105497,esp32-may-1,20260920_085045_kho_bai_tinh,530,27.7,64.0,4095.0,1.0,64.0,1,0
2026-09-20T08:59:42.086893,esp32-may-1,20260920_085045_kho_bai_tinh,531,27.7,64.0,4095.0,1.0,66.0,1,0
2026-09-20T08:59:43.105767,esp32-may-1,20260920_085045_kho_bai_tinh,532,27.7,64.0,4095.0,1.0,67.0,1,0
2026-09-20T08:59:44.189120,esp32-may-1,20260920_085045_kho_bai_tinh,533,27.7,64.0,4095.0,1.0,65.0,1,0
2026-09-20T08:59:45.110320,esp32-may-1,20260920_085045_kho_bai_tinh,534,27.7,64.0,4095.0,1.0,64.0,1,0
2026-09-20T08:59:46.083307,esp32-may-1,20260920_085045_kho_bai_tinh,535,27.7,64.0,4095.0,1.0,64.0,1,0
2026-09-20T08:59:47.259589,esp32-may-1,20260920_085045_kho_bai_tinh,536,27.7,64.0,4095.0,1.0,65.0,1,0
2026-09-20T08:59:48.096068,esp32-may-1,20260920_085045_kho_bai_tinh,537,27.7,64.0,4095.0,1.0,65.0,1,0
2026-09-20T08:59:49.308578,esp32-may-1,20260920_085045_kho_bai_tinh,538,27.7,64.0,4095.0,1.0,64.0,1,0
2026-09-20T08:59:50.129698,esp32-may-1,20260920_085045_kho_bai_tinh,539,27.7,64.0,4095.0,1.0,67.0,1,0
2026-09-20T08:59:51.109094,esp32-may-1,20260920_085045_kho_bai_tinh,540,27.7,64.0,4095.0,1.0,69.0,1,0
2026-09-20T08:59:52.081986,esp32-may-1,20260920_085045_kho_bai_tinh,541,27.7,64.0,4095.0,1.0,67.0,1,0
2026-09-20T08:59:53.202378,esp32-may-1,20260920_085045_kho_bai_tinh,542,27.7,64.0,4095.0,1.0,66.0,1,0
2026-09-20T08:59:54.079210,esp32-may-1,20260920_085045_kho_bai_tinh,543,27.7,64.0,4095.0,1.0,65.0,1,0
2026-09-20T08:59:55.246520,esp32-may-1,20260920_085045_kho_bai_tinh,544,27.7,64.0,4095.0,1.0,59.0,1,0
2026-09-20T08:59:56.079568,esp32-may-1,20260920_085045_kho_bai_tinh,545,27.7,64.0,4095.0,1.0,65.0,1,0
2026-09-20T08:59:57.103682,esp32-may-1,20260920_085045_kho_bai_tinh,546,27.7,64.0,4095.0,1.0,65.0,1,0
2026-09-20T08:59:58.082867,esp32-may-1,20260920_085045_kho_bai_tinh,547,27.7,64.0,4095.0,1.0,64.0,1,0
2026-09-20T08:59:59.138343,esp32-may-1,20260920_085045_kho_bai_tinh,548,27.8,64.0,4095.0,1.0,65.0,1,0
2026-09-20T09:00:00.162584,esp32-may-1,20260920_085045_kho_bai_tinh,549,27.8,64.0,4095.0,1.0,65.0,1,0
2026-09-20T09:00:01.108165,esp32-may-1,20260920_085045_kho_bai_tinh,550,27.7,64.0,4095.0,1.0,64.0,1,0
2026-09-20T09:00:02.213104,esp32-may-1,20260920_085045_kho_bai_tinh,551,27.7,64.0,4095.0,1.0,64.0,1,0
2026-09-20T09:00:03.106770,esp32-may-1,20260920_085045_kho_bai_tinh,552,27.7,64.0,4095.0,1.0,64.0,1,0
2026-09-20T09:00:04.076857,esp32-may-1,20260920_085045_kho_bai_tinh,553,27.7,64.0,4095.0,1.0,64.0,1,0
2026-09-20T09:00:05.280621,esp32-may-1,20260920_085045_kho_bai_tinh,554,27.7,64.0,4095.0,1.0,64.0,1,0
2026-09-20T09:00:06.079495,esp32-may-1,20260920_085045_kho_bai_tinh,555,27.7,64.0,4095.0,1.0,66.0,1,0
2026-09-20T09:00:07.124909,esp32-may-1,20260920_085045_kho_bai_tinh,556,27.8,64.0,4095.0,1.0,64.0,1,0
2026-09-20T09:00:08.147721,esp32-may-1,20260920_085045_kho_bai_tinh,557,27.8,64.0,4095.0,1.0,64.0,1,0
2026-09-20T09:00:09.106940,esp32-may-1,20260920_085045_kho_bai_tinh,558,27.7,64.0,4095.0,1.0,67.0,1,0
2026-09-20T09:00:10.080003,esp32-may-1,20260920_085045_kho_bai_tinh,559,27.7,64.0,4095.0,1.0,64.0,1,0
2026-09-20T09:00:11.219786,esp32-may-1,20260920_085045_kho_bai_tinh,560,27.7,64.0,4095.0,1.0,66.0,1,0
2026-09-20T09:00:12.076398,esp32-may-1,20260920_085045_kho_bai_tinh,561,27.7,64.0,4095.0,1.0,66.0,1,0
2026-09-20T09:00:13.270421,esp32-may-1,20260920_085045_kho_bai_tinh,562,27.8,64.0,4095.0,1.0,64.0,1,0
2026-09-20T09:00:14.399270,esp32-may-1,20260920_085045_kho_bai_tinh,563,27.8,64.0,4095.0,1.0,64.0,1,0
2026-09-20T09:00:15.320301,esp32-may-1,20260920_085045_kho_bai_tinh,564,27.8,64.0,4095.0,1.0,64.0,1,0
2026-09-20T09:00:16.134491,esp32-may-1,20260920_085045_kho_bai_tinh,565,27.8,64.0,4095.0,1.0,59.0,1,0
2026-09-20T09:00:17.263193,esp32-may-1,20260920_085045_kho_bai_tinh,566,27.8,64.0,4095.0,1.0,64.0,1,0
2026-09-20T09:00:18.899350,esp32-may-1,20260920_085045_kho_bai_tinh,567,27.8,64.0,4095.0,1.0,62.0,1,0
2026-09-20T09:00:20.128427,esp32-may-1,20260920_085045_kho_bai_tinh,568,27.8,64.0,4095.0,1.0,61.0,1,0
2026-09-20T09:00:20.996541,esp32-may-1,20260920_085045_kho_bai_tinh,569,27.8,64.0,4095.0,1.0,68.0,1,0
2026-09-20T09:00:21.840556,esp32-may-1,20260920_085045_kho_bai_tinh,570,27.8,64.0,4095.0,1.0,67.0,1,0
2026-09-20T09:00:22.819544,esp32-may-1,20260920_085045_kho_bai_tinh,571,27.8,64.0,4095.0,1.0,66.0,1,0
2026-09-20T09:00:24.019227,esp32-may-1,20260920_085045_kho_bai_tinh,572,27.8,64.0,4095.0,1.0,65.0,1,0
2026-09-20T09:00:24.842883,esp32-may-1,20260920_085045_kho_bai_tinh,573,27.8,64.0,4095.0,1.0,70.0,1,0
2026-09-20T09:00:25.838285,esp32-may-1,20260920_085045_kho_bai_tinh,574,27.7,64.0,4095.0,1.0,67.0,1,0
2026-09-20T09:00:26.811277,esp32-may-1,20260920_085045_kho_bai_tinh,575,27.7,64.0,4095.0,1.0,71.0,1,0
2026-09-20T09:00:27.910913,esp32-may-1,20260920_085045_kho_bai_tinh,576,27.7,64.0,4095.0,1.0,65.0,1,0
2026-09-20T09:00:28.940530,esp32-may-1,20260920_085045_kho_bai_tinh,577,27.7,64.0,4095.0,1.0,69.0,1,0
2026-09-20T09:00:29.958128,esp32-may-1,20260920_085045_kho_bai_tinh,578,27.7,64.0,4095.0,1.0,69.0,1,0
2026-09-20T09:00:30.984142,esp32-may-1,20260920_085045_kho_bai_tinh,579,27.7,64.0,4095.0,1.0,69.0,1,0
2026-09-20T09:00:32.005531,esp32-may-1,20260920_085045_kho_bai_tinh,580,27.7,64.0,4095.0,1.0,65.0,1,0
2026-09-20T09:00:32.813189,esp32-may-1,20260920_085045_kho_bai_tinh,581,27.7,64.0,4095.0,1.0,64.0,1,0
2026-09-20T09:00:34.055988,esp32-may-1,20260920_085045_kho_bai_tinh,582,27.8,64.0,4095.0,1.0,66.0,1,0
2026-09-20T09:00:34.809476,esp32-may-1,20260920_085045_kho_bai_tinh,583,27.8,64.0,4095.0,1.0,70.0,1,0
2026-09-20T09:00:35.837990,esp32-may-1,20260920_085045_kho_bai_tinh,584,27.7,64.0,4095.0,1.0,65.0,1,0
2026-09-20T09:00:36.924160,esp32-may-1,20260920_085045_kho_bai_tinh,585,27.7,64.0,4095.0,1.0,67.0,1,0
2026-09-20T09:00:37.839445,esp32-may-1,20260920_085045_kho_bai_tinh,586,27.7,64.0,4095.0,1.0,66.0,1,0
2026-09-20T09:00:38.969215,esp32-may-1,20260920_085045_kho_bai_tinh,587,27.7,64.0,4095.0,1.0,64.0,1,0
2026-09-20T09:00:39.844782,esp32-may-1,20260920_085045_kho_bai_tinh,588,27.8,64.0,4095.0,1.0,69.0,1,0
2026-09-20T09:00:41.017155,esp32-may-1,20260920_085045_kho_bai_tinh,589,27.8,64.0,4095.0,1.0,64.0,1,0
2026-09-20T09:00:42.041572,esp32-may-1,20260920_085045_kho_bai_tinh,590,27.7,64.0,4095.0,1.0,64.0,1,0
2026-09-20T09:00:42.812750,esp32-may-1,20260920_085045_kho_bai_tinh,591,27.7,64.0,4095.0,1.0,64.0,1,0
2026-09-20T09:00:43.834992,esp32-may-1,20260920_085045_kho_bai_tinh,592,27.7,64.0,4095.0,1.0,66.0,1,0
2026-09-20T09:00:44.908045,esp32-may-1,20260920_085045_kho_bai_tinh,593,27.7,64.0,4095.0,1.0,64.0,1,0
2026-09-20T09:00:45.933552,esp32-may-1,20260920_085045_kho_bai_tinh,594,27.8,64.0,4095.0,1.0,66.0,1,0
2026-09-20T09:00:46.813531,esp32-may-1,20260920_085045_kho_bai_tinh,595,27.8,64.0,4095.0,1.0,63.0,1,0
2026-09-20T09:00:47.979563,esp32-may-1,20260920_085045_kho_bai_tinh,596,27.8,64.0,4095.0,1.0,64.0,1,0
2026-09-20T09:00:48.813122,esp32-may-1,20260920_085045_kho_bai_tinh,597,27.8,64.0,4095.0,1.0,64.0,1,0
2026-09-20T09:00:49.839222,esp32-may-1,20260920_085045_kho_bai_tinh,598,27.8,64.0,4095.0,1.0,65.0,1,0
2026-09-20T09:00:50.811713,esp32-may-1,20260920_085045_kho_bai_tinh,599,27.8,64.0,4095.0,1.0,64.0,1,0
2026-09-20T09:00:51.831130,esp32-may-1,20260920_085045_kho_bai_tinh,600,27.7,64.0,4095.0,1.0,68.0,1,0
2026-09-20T09:00:52.894619,esp32-may-1,20260920_085045_kho_bai_tinh,601,27.7,64.0,4095.0,1.0,64.0,1,0
2026-09-20T09:00:53.918271,esp32-may-1,20260920_085045_kho_bai_tinh,602,27.8,64.0,4095.0,1.0,66.0,1,0
2026-09-20T09:00:54.812453,esp32-may-1,20260920_085045_kho_bai_tinh,603,27.8,64.0,4095.0,1.0,66.0,1,0
2026-09-20T09:00:55.968455,esp32-may-1,20260920_085045_kho_bai_tinh,604,27.8,64.0,4095.0,1.0,65.0,1,0
2026-09-20T09:00:56.992352,esp32-may-1,20260920_085045_kho_bai_tinh,605,27.8,64.0,4095.0,1.0,67.0,1,0
2026-09-20T09:00:58.425169,esp32-may-1,20260920_085045_kho_bai_tinh,606,27.8,64.0,4095.0,1.0,66.0,1,0
2026-09-20T20:27:59.904992,esp32-may-1,20260920_202759_mac_dinh,1,29.0,75.0,4095.0,1.0,62.0,1,0
2026-09-20T20:28:00.934944,esp32-may-1,20260920_202759_mac_dinh,2,29.0,75.0,4095.0,1.0,64.0,1,0
2026-09-20T20:28:01.952812,esp32-may-1,20260920_202759_mac_dinh,3,29.0,74.0,4095.0,1.0,70.0,1,0
2026-09-20T20:28:02.874758,esp32-may-1,20260920_202759_mac_dinh,4,29.0,74.0,4095.0,1.0,67.0,1,0
2026-09-20T20:28:03.738709,esp32-may-1,20260920_202759_mac_dinh,5,29.0,74.0,4095.0,1.0,75.0,1,0
2026-09-20T20:28:04.713515,esp32-may-1,20260920_202759_mac_dinh,6,29.0,74.0,4095.0,1.0,70.0,1,0
2026-09-20T20:28:05.737786,esp32-may-1,20260920_202759_mac_dinh,7,29.0,74.0,4095.0,1.0,66.0,1,0
2026-09-20T20:28:06.721951,esp32-may-1,20260920_202806_roi_den_pin,1,29.0,74.0,4095.0,1.0,73.0,1,0
2026-09-20T20:28:08.507077,esp32-may-1,20260920_202806_roi_den_pin,2,29.0,74.0,4095.0,1.0,76.0,1,4
2026-09-20T20:28:09.070562,esp32-may-1,20260920_202806_roi_den_pin,3,29.0,74.0,4095.0,1.0,59.0,1,4
2026-09-20T20:28:09.843811,esp32-may-1,20260920_202806_roi_den_pin,4,29.0,74.0,4095.0,1.0,64.0,1,4
2026-09-20T20:28:10.750753,esp32-may-1,20260920_202806_roi_den_pin,5,29.0,74.0,4095.0,1.0,70.0,1,4
2026-09-20T20:28:11.737300,esp32-may-1,20260920_202806_roi_den_pin,6,29.0,74.0,4095.0,1.0,67.0,1,4
2026-09-20T20:28:12.706472,esp32-may-1,20260920_202806_roi_den_pin,7,29.0,74.0,4095.0,1.0,78.0,1,4
2026-09-20T20:28:14.045385,esp32-may-1,20260920_202806_roi_den_pin,8,29.0,74.0,4095.0,1.0,78.0,1,4
2026-09-20T20:28:14.956854,esp32-may-1,20260920_202806_roi_den_pin,9,29.0,74.0,1904.0,1.0,80.0,1,4
2026-09-20T20:28:15.730561,esp32-may-1,20260920_202806_roi_den_pin,10,29.0,75.0,1965.0,1.0,80.0,1,4
2026-09-20T20:28:16.700616,esp32-may-1,20260920_202806_roi_den_pin,11,29.0,75.0,2060.0,1.0,80.0,1,4
2026-09-20T20:28:17.728690,esp32-may-1,20260920_202806_roi_den_pin,12,29.0,75.0,1884.0,1.0,80.0,1,4
2026-09-20T20:28:18.857103,esp32-may-1,20260920_202806_roi_den_pin,13,29.0,75.0,4095.0,1.0,64.0,1,4
2026-09-20T20:28:19.720189,esp32-may-1,20260920_202806_roi_den_pin,14,29.0,75.0,4095.0,1.0,71.0,1,4
2026-09-20T20:28:20.896117,esp32-may-1,20260920_202806_roi_den_pin,15,29.0,75.0,4095.0,1.0,71.0,1,4
2026-09-20T20:28:21.715464,esp32-may-1,20260920_202806_roi_den_pin,16,29.0,75.0,4095.0,1.0,70.0,1,4
2026-09-20T20:28:22.741016,esp32-may-1,20260920_202806_roi_den_pin,17,29.0,75.0,4095.0,1.0,68.0,1,4
2026-09-20T20:28:23.712256,esp32-may-1,20260920_202806_roi_den_pin,18,29.0,74.0,4095.0,1.0,68.0,1,4
2026-09-20T20:28:24.992362,esp32-may-1,20260920_202806_roi_den_pin,19,29.0,74.0,4095.0,1.0,69.0,1,4
2026-09-20T20:28:25.813261,esp32-may-1,20260920_202806_roi_den_pin,20,29.0,75.0,4095.0,1.0,69.0,1,4
2026-09-20T20:28:26.683626,esp32-may-1,20260920_202806_roi_den_pin,21,29.0,75.0,4095.0,1.0,66.0,1,4
2026-09-20T20:28:27.712171,esp32-may-1,20260920_202806_roi_den_pin,22,29.0,75.0,4095.0,1.0,67.0,1,4
2026-09-20T20:28:28.683970,esp32-may-1,20260920_202806_roi_den_pin,23,29.0,75.0,4095.0,1.0,65.0,1,4
2026-09-20T20:28:29.710818,esp32-may-1,20260920_202806_roi_den_pin,24,29.0,74.0,4095.0,1.0,66.0,1,4
2026-09-20T20:28:30.934143,esp32-may-1,20260920_202806_roi_den_pin,25,29.0,74.0,4095.0,1.0,66.0,1,4
2026-09-20T20:28:31.707388,esp32-may-1,20260920_202806_roi_den_pin,26,29.0,75.0,4095.0,1.0,65.0,1,4
2026-09-20T20:28:32.773786,esp32-may-1,20260920_202806_roi_den_pin,27,29.0,75.0,4095.0,1.0,64.0,1,4
2026-09-20T20:28:33.744323,esp32-may-1,20260920_202806_roi_den_pin,28,29.0,74.0,4095.0,1.0,64.0,1,4
2026-09-20T20:28:35.333790,esp32-may-1,20260920_202806_roi_den_pin,29,29.0,74.0,4095.0,1.0,59.0,1,4
2026-09-20T20:28:36.562424,esp32-may-1,20260920_202806_roi_den_pin,30,29.0,74.0,2305.0,1.0,52.0,1,4
2026-09-20T20:28:37.063613,esp32-may-1,20260920_202806_roi_den_pin,31,29.0,74.0,2372.0,1.0,63.0,1,4
2026-09-20T20:28:38.142801,esp32-may-1,20260920_202806_roi_den_pin,32,29.0,75.0,2377.0,1.0,62.0,1,4
2026-09-20T20:28:39.203885,esp32-may-1,20260920_202806_roi_den_pin,33,29.0,75.0,2378.0,1.0,61.0,1,4
2026-09-20T20:28:40.091170,esp32-may-1,20260920_202806_roi_den_pin,34,29.0,75.0,2384.0,1.0,64.0,1,4
2026-09-20T20:28:41.064704,esp32-may-1,20260920_202806_roi_den_pin,35,29.0,75.0,2387.0,1.0,61.0,1,4
2026-09-20T20:28:42.090747,esp32-may-1,20260920_202806_roi_den_pin,36,29.0,74.0,2397.0,1.0,64.0,1,4
2026-09-20T20:28:43.116321,esp32-may-1,20260920_202806_roi_den_pin,37,29.0,74.0,2389.0,1.0,62.0,1,4
2026-09-20T20:28:44.139861,esp32-may-1,20260920_202806_roi_den_pin,38,29.0,75.0,2386.0,1.0,61.0,1,4
2026-09-20T20:28:45.167977,esp32-may-1,20260920_202806_roi_den_pin,39,29.0,75.0,2195.0,1.0,61.0,1,4
2026-09-20T20:28:46.086119,esp32-may-1,20260920_202806_roi_den_pin,40,29.0,75.0,4095.0,1.0,61.0,1,4
2026-09-20T20:28:47.064406,esp32-may-1,20260920_202806_roi_den_pin,41,29.0,75.0,4095.0,1.0,64.0,1,4
2026-09-20T20:28:48.129592,esp32-may-1,20260920_202806_roi_den_pin,42,29.0,74.0,4095.0,1.0,61.0,1,4
2026-09-20T20:28:49.259382,esp32-may-1,20260920_202806_roi_den_pin,43,29.0,74.0,4095.0,1.0,61.0,1,4
2026-09-20T20:28:50.074663,esp32-may-1,20260920_202806_roi_den_pin,44,29.0,75.0,4095.0,1.0,59.0,1,4
2026-09-20T20:28:51.308136,esp32-may-1,20260920_202806_roi_den_pin,45,29.0,75.0,4095.0,1.0,58.0,1,4
2026-09-20T20:28:52.079673,esp32-may-1,20260920_202806_roi_den_pin,46,29.0,75.0,4095.0,1.0,62.0,1,4
2026-09-20T20:28:53.049692,esp32-may-1,20260920_202806_roi_den_pin,47,29.0,75.0,4095.0,1.0,62.0,1,4
2026-09-20T20:28:54.178728,esp32-may-1,20260920_202806_roi_den_pin,48,29.0,75.0,4095.0,1.0,59.0,1,4
2026-09-20T20:28:55.043416,esp32-may-1,20260920_202806_roi_den_pin,49,29.0,75.0,4095.0,1.0,61.0,1,4
2026-09-20T20:28:56.223037,esp32-may-1,20260920_202806_roi_den_pin,50,29.0,75.0,4095.0,1.0,57.0,1,4
2026-09-20T20:28:57.041427,esp32-may-1,20260920_202806_roi_den_pin,51,29.0,75.0,4095.0,1.0,55.0,1,4
2026-09-20T20:28:58.168781,esp32-may-1,20260920_202806_roi_den_pin,52,29.0,75.0,4095.0,1.0,59.0,1,4
2026-09-20T20:28:59.042317,esp32-may-1,20260920_202806_roi_den_pin,53,29.0,75.0,4095.0,1.0,54.0,1,4
2026-09-20T20:29:00.218569,esp32-may-1,20260920_202806_roi_den_pin,54,29.0,74.0,4095.0,1.0,55.0,1,4
2026-09-20T20:29:01.043846,esp32-may-1,20260920_202806_roi_den_pin,55,29.0,74.0,4095.0,1.0,51.0,1,4
2026-09-20T20:29:02.066485,esp32-may-1,20260920_202806_roi_den_pin,56,29.0,74.0,4095.0,1.0,48.0,1,4
2026-09-20T20:29:03.083986,esp32-may-1,20260920_202806_roi_den_pin,57,29.0,74.0,4095.0,1.0,50.0,1,4
2026-09-20T20:29:04.060799,esp32-may-1,20260920_202806_roi_den_pin,58,29.0,75.0,4095.0,1.0,53.0,1,4
2026-09-20T20:29:05.132374,esp32-may-1,20260920_202806_roi_den_pin,59,29.0,75.0,1615.0,1.0,52.0,1,4
2026-09-20T20:29:06.060200,esp32-may-1,20260920_202806_roi_den_pin,60,29.0,74.0,1876.0,1.0,51.0,1,4
2026-09-20T20:29:07.080675,esp32-may-1,20260920_202806_roi_den_pin,61,29.0,74.0,1626.0,1.0,42.0,1,4
2026-09-20T20:29:08.206049,esp32-may-1,20260920_202806_roi_den_pin,62,29.0,75.0,1519.0,1.0,48.0,1,4
2026-09-20T20:29:09.024014,esp32-may-1,20260920_202806_roi_den_pin,63,29.0,75.0,1599.0,1.0,50.0,1,4
2026-09-20T20:29:10.298075,esp32-may-1,20260920_202806_roi_den_pin,64,29.0,75.0,1847.0,1.0,52.0,1,4
2026-09-20T20:29:11.275371,esp32-may-1,20260920_202806_roi_den_pin,65,29.0,75.0,1305.0,1.0,52.0,1,4
2026-09-20T20:29:12.299589,esp32-may-1,20260920_202806_roi_den_pin,66,29.0,75.0,1380.0,1.0,53.0,1,4
2026-09-20T20:29:13.121143,esp32-may-1,20260920_202806_roi_den_pin,67,29.0,75.0,1380.0,1.0,54.0,1,4
2026-09-20T20:29:14.090515,esp32-may-1,20260920_202806_roi_den_pin,68,29.0,75.0,1398.0,1.0,59.0,1,4
2026-09-20T20:29:15.166842,esp32-may-1,20260920_202806_roi_den_pin,69,29.0,75.0,1757.0,1.0,55.0,1,4
2026-09-20T20:29:16.090877,esp32-may-1,20260920_202806_roi_den_pin,70,29.0,75.0,4095.0,1.0,57.0,1,4
2026-09-20T20:29:17.215223,esp32-may-1,20260920_202806_roi_den_pin,71,29.0,75.0,4095.0,1.0,64.0,1,4
2026-09-20T20:29:18.240639,esp32-may-1,20260920_202806_roi_den_pin,72,29.0,74.0,4095.0,1.0,66.0,1,4
2026-09-20T20:29:19.056283,esp32-may-1,20260920_202806_roi_den_pin,73,29.0,74.0,4095.0,1.0,70.0,1,4
2026-09-20T20:29:20.085906,esp32-may-1,20260920_202806_roi_den_pin,74,29.0,74.0,4095.0,1.0,66.0,1,4
2026-09-20T20:29:21.312126,esp32-may-1,20260920_202806_roi_den_pin,75,29.0,74.0,4095.0,1.0,67.0,1,4
2026-09-20T20:29:22.130492,esp32-may-1,20260920_202806_roi_den_pin,76,29.0,74.0,4095.0,1.0,64.0,1,4
2026-09-20T20:29:23.255424,esp32-may-1,20260920_202806_roi_den_pin,77,29.0,74.0,4095.0,1.0,65.0,1,4
2026-09-20T20:29:24.339532,esp32-may-1,20260920_202806_roi_den_pin,78,29.0,75.0,4095.0,1.0,69.0,1,4
2026-09-20T20:29:25.303525,esp32-may-1,20260920_202806_roi_den_pin,79,29.0,75.0,4095.0,1.0,64.0,1,4
2026-09-20T20:29:26.074669,esp32-may-1,20260920_202806_roi_den_pin,80,29.0,75.0,2000.0,1.0,64.0,1,4
2026-09-20T20:29:27.043695,esp32-may-1,20260920_202806_roi_den_pin,81,29.0,75.0,2027.0,1.0,64.0,1,4
2026-09-20T20:29:28.068112,esp32-may-1,20260920_202806_roi_den_pin,82,29.0,74.0,2039.0,1.0,64.0,1,4
2026-09-20T20:29:29.400173,esp32-may-1,20260920_202806_roi_den_pin,83,29.0,74.0,2033.0,1.0,64.0,1,4
2026-09-20T20:29:30.112929,esp32-may-1,20260920_202806_roi_den_pin,84,29.0,75.0,2013.0,1.0,63.0,1,4
2026-09-20T20:29:31.140282,esp32-may-1,20260920_202806_roi_den_pin,85,29.0,75.0,1974.0,1.0,64.0,1,4
2026-09-20T20:29:32.066905,esp32-may-1,20260920_202806_roi_den_pin,86,29.0,74.0,4095.0,1.0,64.0,1,4
2026-09-20T20:29:33.088136,esp32-may-1,20260920_202806_roi_den_pin,87,29.0,74.0,4095.0,1.0,48.0,1,4
2026-09-20T20:29:34.109937,esp32-may-1,20260920_202806_roi_den_pin,88,29.0,75.0,4095.0,1.0,42.0,1,4
2026-09-20T20:29:35.134392,esp32-may-1,20260920_202806_roi_den_pin,89,29.0,75.0,4095.0,1.0,42.0,1,4
2026-09-20T20:29:36.058642,esp32-may-1,20260920_202806_roi_den_pin,90,29.0,74.0,4095.0,1.0,34.0,1,4
2026-09-20T20:29:37.183048,esp32-may-1,20260920_202806_roi_den_pin,91,29.0,74.0,4095.0,1.0,39.0,1,4
2026-09-20T20:29:38.059294,esp32-may-1,20260920_202806_roi_den_pin,92,29.0,74.0,4095.0,1.0,48.0,1,4
2026-09-20T20:29:39.033785,esp32-may-1,20260920_202806_roi_den_pin,93,29.0,74.0,4095.0,1.0,47.0,1,4
2026-09-20T20:29:40.260778,esp32-may-1,20260920_202806_roi_den_pin,94,29.0,74.0,4095.0,1.0,55.0,1,4
2026-09-20T20:29:41.073308,esp32-may-1,20260920_202806_roi_den_pin,95,29.0,74.0,4095.0,1.0,46.0,1,4
2026-09-20T20:29:42.096632,esp32-may-1,20260920_202806_roi_den_pin,96,29.0,75.0,4095.0,1.0,58.0,1,4
2026-09-20T20:29:43.120908,esp32-may-1,20260920_202806_roi_den_pin,97,29.0,75.0,4095.0,1.0,63.0,1,4
2026-09-20T20:29:44.096322,esp32-may-1,20260920_202943_mo_cua_don_sang,1,29.0,74.0,4095.0,1.0,65.0,1,4
2026-09-20T20:29:45.216521,esp32-may-1,20260920_202943_mo_cua_don_sang,2,29.0,74.0,4095.0,1.0,67.0,1,4
2026-09-20T20:29:46.089024,esp32-may-1,20260920_202943_mo_cua_don_sang,3,29.0,75.0,4095.0,1.0,64.0,1,4
2026-09-20T20:29:47.217282,esp32-may-1,20260920_202943_mo_cua_don_sang,4,29.0,75.0,4095.0,1.0,67.0,1,4
2026-09-20T20:29:48.095333,esp32-may-1,20260920_202943_mo_cua_don_sang,5,29.0,75.0,4095.0,1.0,69.0,1,4
2026-09-20T20:29:49.164235,esp32-may-1,20260920_202943_mo_cua_don_sang,6,29.0,75.0,4095.0,1.0,64.0,1,4
2026-09-20T20:29:50.344154,esp32-may-1,20260920_202943_mo_cua_don_sang,7,29.0,74.0,4095.0,1.0,66.0,1,4
2026-09-20T20:29:51.108262,esp32-may-1,20260920_202943_mo_cua_don_sang,8,29.0,74.0,4095.0,1.0,65.0,1,4
2026-09-20T20:29:52.442843,esp32-may-1,20260920_202943_mo_cua_don_sang,9,29.0,75.0,4095.0,1.0,71.0,1,4
2026-09-20T20:29:53.048586,esp32-may-1,20260920_202943_mo_cua_don_sang,10,29.0,75.0,4095.0,1.0,63.0,1,4
2026-09-20T20:29:54.179173,esp32-may-1,20260920_202943_mo_cua_don_sang,11,29.0,74.0,4095.0,1.0,58.0,1,4
2026-09-20T20:29:55.309548,esp32-may-1,20260920_202943_mo_cua_don_sang,12,29.0,74.0,4095.0,1.0,75.0,1,4
2026-09-20T20:29:56.078466,esp32-may-1,20260920_202943_mo_cua_don_sang,13,29.0,75.0,4095.0,1.0,75.0,1,4
2026-09-20T20:29:57.252766,esp32-may-1,20260920_202943_mo_cua_don_sang,14,29.0,75.0,4095.0,1.0,66.0,1,4
2026-09-20T20:29:58.330635,esp32-may-1,20260920_202943_mo_cua_don_sang,15,29.0,74.0,3421.0,1.0,80.0,1,4
2026-09-20T20:29:59.048016,esp32-may-1,20260920_202943_mo_cua_don_sang,16,29.0,74.0,1707.0,1.0,80.0,1,4
2026-09-20T20:30:00.118468,esp32-may-1,20260920_202943_mo_cua_don_sang,17,29.0,75.0,1328.0,1.0,80.0,1,4
2026-09-20T20:30:01.143868,esp32-may-1,20260920_202943_mo_cua_don_sang,18,29.0,75.0,1207.0,1.0,78.0,1,4
2026-09-20T20:30:02.171941,esp32-may-1,20260920_202943_mo_cua_don_sang,19,29.0,75.0,1154.0,1.0,90.0,1,4
2026-09-20T20:30:03.080350,esp32-may-1,20260920_202943_mo_cua_don_sang,20,29.0,75.0,1158.0,1.0,94.0,1,4
2026-09-20T20:30:04.061580,esp32-may-1,20260920_202943_mo_cua_don_sang,21,29.0,74.0,1170.0,1.0,96.0,1,4
2026-09-20T20:30:05.029162,esp32-may-1,20260920_202943_mo_cua_don_sang,22,29.0,74.0,1199.0,1.0,98.0,1,4
2026-09-20T20:30:06.056313,esp32-may-1,20260920_202943_mo_cua_don_sang,23,29.0,75.0,1222.0,1.0,100.0,1,4
2026-09-20T20:30:07.028642,esp32-may-1,20260920_202943_mo_cua_don_sang,24,29.0,75.0,1219.0,1.0,96.0,1,4
2026-09-20T20:30:08.052049,esp32-may-1,20260920_202943_mo_cua_don_sang,25,29.0,74.0,1235.0,1.0,105.0,1,4
2026-09-20T20:30:09.034933,esp32-may-1,20260920_202943_mo_cua_don_sang,26,29.0,74.0,1201.0,1.0,95.0,1,4
2026-09-20T20:30:10.056174,esp32-may-1,20260920_202943_mo_cua_don_sang,27,29.0,74.0,1249.0,1.0,106.0,1,4
2026-09-20T20:30:11.178191,esp32-may-1,20260920_202943_mo_cua_don_sang,28,29.0,74.0,1255.0,1.0,96.0,1,4
2026-09-20T20:30:12.047907,esp32-may-1,20260920_202943_mo_cua_don_sang,29,29.0,74.0,1258.0,1.0,95.0,1,4
2026-09-20T20:30:13.023649,esp32-may-1,20260920_202943_mo_cua_don_sang,30,29.0,74.0,1260.0,1.0,101.0,1,4
2026-09-20T20:30:14.091075,esp32-may-1,20260920_202943_mo_cua_don_sang,31,29.0,74.0,1261.0,1.0,108.0,1,4
2026-09-20T20:30:15.171537,esp32-may-1,20260920_202943_mo_cua_don_sang,32,29.0,74.0,1232.0,1.0,106.0,1,4
2026-09-20T20:30:16.196537,esp32-may-1,20260920_202943_mo_cua_don_sang,33,29.0,75.0,1239.0,1.0,111.0,1,4
2026-09-20T20:30:17.219115,esp32-may-1,20260920_202943_mo_cua_don_sang,34,29.0,75.0,1277.0,1.0,112.0,1,4
2026-09-20T20:30:18.283552,esp32-may-1,20260920_202943_mo_cua_don_sang,35,29.0,74.0,1283.0,1.0,112.0,1,4
2026-09-20T20:30:19.064323,esp32-may-1,20260920_202943_mo_cua_don_sang,36,29.0,74.0,1296.0,1.0,113.0,1,4
2026-09-20T20:30:20.292943,esp32-may-1,20260920_202943_mo_cua_don_sang,37,29.0,75.0,1341.0,1.0,114.0,1,4
2026-09-20T20:30:21.316652,esp32-may-1,20260920_202943_mo_cua_don_sang,38,29.0,75.0,1200.0,1.0,116.0,1,4
2026-09-20T20:30:22.182317,esp32-may-1,20260920_202943_mo_cua_don_sang,39,29.0,74.0,1202.0,1.0,113.0,1,4
2026-09-20T20:30:23.263220,esp32-may-1,20260920_202943_mo_cua_don_sang,40,29.0,74.0,1209.0,1.0,115.0,1,4
2026-09-20T20:30:24.182314,esp32-may-1,20260920_202943_mo_cua_don_sang,41,29.0,75.0,1222.0,1.0,114.0,1,4
2026-09-20T20:30:25.057081,esp32-may-1,20260920_202943_mo_cua_don_sang,42,29.0,75.0,1194.0,1.0,109.0,1,4
2026-09-20T20:30:26.179354,esp32-may-1,20260920_202943_mo_cua_don_sang,43,29.0,75.0,1223.0,1.0,114.0,1,4
2026-09-20T20:30:27.151741,esp32-may-1,20260920_202943_mo_cua_don_sang,44,29.0,75.0,1229.0,1.0,115.0,1,4
2026-09-20T20:30:28.176112,esp32-may-1,20260920_202943_mo_cua_don_sang,45,29.1,75.0,1235.0,1.0,116.0,1,4
2026-09-20T20:30:29.199441,esp32-may-1,20260920_202943_mo_cua_don_sang,46,29.1,75.0,1238.0,1.0,112.0,1,4
2026-09-20T20:30:30.073553,esp32-may-1,20260920_202943_mo_cua_don_sang,47,29.0,75.0,1235.0,1.0,111.0,1,4
2026-09-20T20:30:31.455830,esp32-may-1,20260920_202943_mo_cua_don_sang,48,29.0,75.0,1235.0,1.0,111.0,1,4
2026-09-20T20:30:32.314654,esp32-may-1,20260920_202943_mo_cua_don_sang,49,29.0,74.0,1239.0,1.0,111.0,1,4
2026-09-20T20:30:33.094726,esp32-may-1,20260920_202943_mo_cua_don_sang,50,29.0,74.0,1243.0,1.0,112.0,1,4
2026-09-20T20:30:34.319272,esp32-may-1,20260920_202943_mo_cua_don_sang,51,29.0,74.0,1251.0,1.0,112.0,1,4
2026-09-20T20:30:35.343393,esp32-may-1,20260920_202943_mo_cua_don_sang,52,29.0,74.0,1209.0,1.0,112.0,1,4
2026-09-20T20:30:36.367316,esp32-may-1,20260920_202943_mo_cua_don_sang,53,29.0,75.0,1228.0,1.0,112.0,1,4
2026-09-20T20:30:37.193867,esp32-may-1,20260920_202943_mo_cua_don_sang,54,29.0,75.0,1530.0,1.0,112.0,1,4
2026-09-20T20:30:38.062965,esp32-may-1,20260920_202943_mo_cua_don_sang,55,29.0,74.0,1717.0,1.0,122.0,1,4
2026-09-20T20:30:39.028531,esp32-may-1,20260920_202943_mo_cua_don_sang,56,29.0,74.0,2243.0,1.0,116.0,1,4
2026-09-20T20:30:40.055526,esp32-may-1,20260920_202943_mo_cua_don_sang,57,29.0,74.0,4095.0,1.0,117.0,1,4
2026-09-20T20:30:41.283891,esp32-may-1,20260920_202943_mo_cua_don_sang,58,29.0,74.0,4095.0,1.0,114.0,1,4
2026-09-20T20:30:42.054569,esp32-may-1,20260920_202943_mo_cua_don_sang,59,29.0,74.0,4095.0,1.0,115.0,1,4
2026-09-20T20:30:43.125771,esp32-may-1,20260920_202943_mo_cua_don_sang,60,29.0,74.0,4095.0,1.0,112.0,1,4
2026-09-20T20:30:44.047804,esp32-may-1,20260920_202943_mo_cua_don_sang,61,29.0,74.0,4095.0,1.0,112.0,1,4
2026-09-20T20:30:45.234920,esp32-may-1,20260920_202943_mo_cua_don_sang,62,29.0,74.0,4095.0,1.0,105.0,1,4
2026-09-20T20:30:46.103133,esp32-may-1,20260920_202943_mo_cua_don_sang,63,29.0,74.0,4095.0,1.0,101.0,1,4
2026-09-20T20:30:47.061514,esp32-may-1,20260920_202943_mo_cua_don_sang,64,29.0,74.0,4095.0,1.0,110.0,1,4
2026-09-20T20:30:48.092708,esp32-may-1,20260920_202943_mo_cua_don_sang,65,29.0,75.0,4095.0,1.0,110.0,1,4
2026-09-20T20:30:49.268987,esp32-may-1,20260920_202943_mo_cua_don_sang,66,29.0,75.0,4095.0,1.0,109.0,1,4
2026-09-20T20:30:50.409306,esp32-may-1,20260920_202943_mo_cua_don_sang,67,29.0,74.0,4095.0,1.0,108.0,1,4
2026-09-20T20:30:51.215992,esp32-may-1,20260920_202943_mo_cua_don_sang,68,29.0,74.0,4095.0,1.0,109.0,1,4
2026-09-20T20:30:52.088278,esp32-may-1,20260920_202943_mo_cua_don_sang,69,29.0,74.0,4095.0,1.0,109.0,1,4
2026-09-20T20:30:53.262422,esp32-may-1,20260920_202943_mo_cua_don_sang,70,29.0,74.0,4095.0,1.0,105.0,1,4
2026-09-20T20:30:54.289861,esp32-may-1,20260920_202943_mo_cua_don_sang,71,29.0,74.0,4095.0,1.0,107.0,1,4
2026-09-20T20:30:55.054674,esp32-may-1,20260920_202943_mo_cua_don_sang,72,29.0,74.0,4095.0,1.0,106.0,1,4
2026-09-20T20:30:56.130304,esp32-may-1,20260920_202943_mo_cua_don_sang,73,29.0,74.0,4095.0,1.0,102.0,1,4
2026-09-20T20:30:57.154026,esp32-may-1,20260920_202943_mo_cua_don_sang,74,29.0,74.0,4095.0,1.0,103.0,1,4
2026-09-20T20:30:58.422581,esp32-may-1,20260920_202943_mo_cua_don_sang,75,29.0,74.0,4095.0,1.0,103.0,1,4
2026-09-20T20:30:59.202932,esp32-may-1,20260920_202943_mo_cua_don_sang,76,29.0,74.0,4095.0,1.0,103.0,1,4
2026-09-20T20:31:00.078094,esp32-may-1,20260920_202943_mo_cua_don_sang,77,29.0,75.0,4095.0,1.0,102.0,1,4
2026-09-20T20:31:01.045390,esp32-may-1,20260920_202943_mo_cua_don_sang,78,29.0,75.0,4095.0,1.0,100.0,1,4
2026-09-20T20:31:02.327419,esp32-may-1,20260920_202943_mo_cua_don_sang,79,29.0,75.0,1930.0,1.0,115.0,1,4
2026-09-20T20:31:03.045186,esp32-may-1,20260920_202943_mo_cua_don_sang,80,29.0,75.0,1767.0,1.0,157.0,1,4
2026-09-20T20:31:04.322188,esp32-may-1,20260920_202943_mo_cua_don_sang,81,29.0,74.0,1200.0,1.0,200.0,1,4
2026-09-20T20:31:05.036897,esp32-may-1,20260920_202943_mo_cua_don_sang,82,29.0,74.0,1237.0,1.0,221.0,1,4
2026-09-20T20:31:06.062529,esp32-may-1,20260920_202943_mo_cua_don_sang,83,29.0,75.0,1234.0,1.0,215.0,1,4
2026-09-20T20:31:07.042452,esp32-may-1,20260920_202943_mo_cua_don_sang,84,29.0,75.0,1241.0,1.0,225.0,1,4
2026-09-20T20:31:08.060535,esp32-may-1,20260920_202943_mo_cua_don_sang,85,29.0,74.0,1276.0,1.0,265.0,1,4
2026-09-20T20:31:09.239874,esp32-may-1,20260920_202943_mo_cua_don_sang,86,29.0,74.0,1247.0,1.0,218.0,1,4
2026-09-20T20:31:10.264882,esp32-may-1,20260920_202943_mo_cua_don_sang,87,29.0,75.0,1247.0,1.0,218.0,1,4
2026-09-20T20:31:11.079909,esp32-may-1,20260920_202943_mo_cua_don_sang,88,29.0,75.0,1248.0,1.0,219.0,1,4
2026-09-20T20:31:12.103512,esp32-may-1,20260920_202943_mo_cua_don_sang,89,29.0,75.0,1249.0,1.0,218.0,1,4
2026-09-20T20:31:13.132896,esp32-may-1,20260920_202943_mo_cua_don_sang,90,29.0,75.0,1250.0,1.0,217.0,1,4
2026-09-20T20:31:14.048458,esp32-may-1,20260920_202943_mo_cua_don_sang,91,29.0,75.0,1249.0,1.0,217.0,1,4
2026-09-20T20:31:15.061998,esp32-may-1,20260920_202943_mo_cua_don_sang,92,29.0,75.0,1249.0,1.0,214.0,1,4
2026-09-20T20:31:16.239625,esp32-may-1,20260920_202943_mo_cua_don_sang,93,29.0,74.0,1249.0,1.0,208.0,1,4
2026-09-20T20:31:17.224664,esp32-may-1,20260920_202943_mo_cua_don_sang,94,29.0,74.0,1249.0,1.0,221.0,1,4
2026-09-20T20:31:18.247522,esp32-may-1,20260920_202943_mo_cua_don_sang,95,29.0,74.0,1249.0,1.0,219.0,1,4
2026-09-20T20:31:19.271425,esp32-may-1,20260920_202943_mo_cua_don_sang,96,29.0,74.0,1247.0,1.0,213.0,1,4
2026-09-20T20:31:20.302551,esp32-may-1,20260920_202943_mo_cua_don_sang,97,29.0,75.0,1567.0,1.0,213.0,1,4
2026-09-20T20:31:21.115021,esp32-may-1,20260920_202943_mo_cua_don_sang,98,29.0,75.0,1839.0,1.0,217.0,1,4
2026-09-20T20:31:22.139795,esp32-may-1,20260920_202943_mo_cua_don_sang,99,29.0,75.0,1279.0,1.0,216.0,1,4
2026-09-20T20:31:23.373108,esp32-may-1,20260920_202943_mo_cua_don_sang,100,29.0,75.0,1284.0,1.0,213.0,1,4
2026-09-20T20:31:24.185945,esp32-may-1,20260920_202943_mo_cua_don_sang,101,29.0,74.0,1307.0,1.0,215.0,1,4
2026-09-20T20:31:25.210659,esp32-may-1,20260920_202943_mo_cua_don_sang,102,29.0,74.0,1308.0,1.0,215.0,1,4
2026-09-20T20:31:26.236315,esp32-may-1,20260920_202943_mo_cua_don_sang,103,29.0,75.0,1306.0,1.0,216.0,1,4
2026-09-20T20:31:27.054211,esp32-may-1,20260920_202943_mo_cua_don_sang,104,29.0,75.0,1311.0,1.0,214.0,1,4
2026-09-20T20:31:28.281867,esp32-may-1,20260920_202943_mo_cua_don_sang,105,29.0,75.0,1317.0,1.0,215.0,1,4
2026-09-20T20:31:29.056521,esp32-may-1,20260920_202943_mo_cua_don_sang,106,29.0,75.0,1323.0,1.0,215.0,1,4
2026-09-20T20:31:30.073341,esp32-may-1,20260920_202943_mo_cua_don_sang,107,29.0,74.0,1325.0,1.0,218.0,1,4
2026-09-20T20:31:31.255788,esp32-may-1,20260920_202943_mo_cua_don_sang,108,29.0,74.0,1325.0,1.0,217.0,1,4
2026-09-20T20:31:32.276586,esp32-may-1,20260920_202943_mo_cua_don_sang,109,29.0,75.0,1326.0,1.0,218.0,1,4
2026-09-20T20:31:33.046015,esp32-may-1,20260920_202943_mo_cua_don_sang,110,29.0,75.0,1323.0,1.0,212.0,1,4
2026-09-20T20:31:34.068860,esp32-may-1,20260920_202943_mo_cua_don_sang,111,29.0,74.0,1319.0,1.0,217.0,1,4
2026-09-20T20:31:35.084910,esp32-may-1,20260920_202943_mo_cua_don_sang,112,29.0,74.0,1319.0,1.0,214.0,1,4
2026-09-20T20:31:36.066267,esp32-may-1,20260920_202943_mo_cua_don_sang,113,29.0,75.0,1277.0,1.0,214.0,1,4
2026-09-20T20:31:37.035612,esp32-may-1,20260920_202943_mo_cua_don_sang,114,29.0,75.0,1280.0,1.0,213.0,1,4
2026-09-20T20:31:38.217440,esp32-may-1,20260920_202943_mo_cua_don_sang,115,29.0,75.0,1283.0,1.0,212.0,1,4
2026-09-20T20:31:39.282890,esp32-may-1,20260920_202943_mo_cua_don_sang,116,29.0,75.0,1363.0,1.0,203.0,1,4
2026-09-20T20:31:40.263738,esp32-may-1,20260920_202943_mo_cua_don_sang,117,29.0,74.0,1424.0,1.0,198.0,1,4
2026-09-20T20:31:41.082596,esp32-may-1,20260920_202943_mo_cua_don_sang,118,29.0,74.0,1486.0,1.0,198.0,1,4
2026-09-20T20:31:42.061685,esp32-may-1,20260920_202943_mo_cua_don_sang,119,29.0,74.0,1555.0,1.0,201.0,1,4
2026-09-20T20:31:43.130143,esp32-may-1,20260920_202943_mo_cua_don_sang,120,29.0,74.0,1571.0,1.0,197.0,1,4
2026-09-20T20:31:44.051963,esp32-may-1,20260920_202943_mo_cua_don_sang,121,29.0,74.0,1582.0,1.0,198.0,1,4
2026-09-20T20:31:45.178386,esp32-may-1,20260920_202943_mo_cua_don_sang,122,29.0,74.0,1564.0,1.0,193.0,1,4
2026-09-20T20:31:46.048333,esp32-may-1,20260920_202943_mo_cua_don_sang,123,29.0,74.0,1577.0,1.0,194.0,1,4
2026-09-20T20:31:47.024134,esp32-may-1,20260920_202943_mo_cua_don_sang,124,29.0,74.0,1587.0,1.0,193.0,1,4
2026-09-20T20:31:48.250257,esp32-may-1,20260920_202943_mo_cua_don_sang,125,29.0,75.0,1601.0,1.0,195.0,1,4
2026-09-20T20:31:49.118890,esp32-may-1,20260920_202943_mo_cua_don_sang,126,29.0,75.0,2187.0,1.0,197.0,1,4
2026-09-20T20:31:50.095142,esp32-may-1,20260920_202943_mo_cua_don_sang,127,29.0,74.0,1907.0,1.0,154.0,1,4
2026-09-20T20:34:21.951010,esp32-may-1,20260920_203421_anh_sang_nhap_nhay,1,29.0,75.0,4095.0,1.0,149.0,1,0
2026-09-20T20:34:22.971917,esp32-may-1,20260920_203421_anh_sang_nhap_nhay,2,29.0,75.0,4095.0,1.0,150.0,1,0
2026-09-20T20:34:23.739001,esp32-may-1,20260920_203421_anh_sang_nhap_nhay,3,29.0,75.0,4095.0,1.0,154.0,1,4
2026-09-20T20:34:24.764720,esp32-may-1,20260920_203421_anh_sang_nhap_nhay,4,29.0,75.0,4095.0,1.0,153.0,1,4
2026-09-20T20:34:25.755862,esp32-may-1,20260920_203421_anh_sang_nhap_nhay,5,29.0,75.0,4095.0,1.0,156.0,1,4
2026-09-20T20:34:26.756248,esp32-may-1,20260920_203421_anh_sang_nhap_nhay,6,29.0,75.0,4095.0,1.0,154.0,1,4
2026-09-20T20:34:27.737078,esp32-may-1,20260920_203421_anh_sang_nhap_nhay,7,29.0,75.0,1403.0,1.0,155.0,1,4
2026-09-20T20:34:28.765736,esp32-may-1,20260920_203421_anh_sang_nhap_nhay,8,29.0,75.0,4095.0,1.0,153.0,1,4
2026-09-20T20:34:29.732185,esp32-may-1,20260920_203421_anh_sang_nhap_nhay,9,29.0,75.0,1405.0,1.0,155.0,1,4
2026-09-20T20:34:30.959857,esp32-may-1,20260920_203421_anh_sang_nhap_nhay,10,29.0,75.0,4095.0,1.0,151.0,1,4
2026-09-20T20:34:31.726276,esp32-may-1,20260920_203421_anh_sang_nhap_nhay,11,29.0,75.0,4095.0,1.0,154.0,1,4
2026-09-20T20:34:32.905974,esp32-may-1,20260920_203421_anh_sang_nhap_nhay,12,29.0,75.0,1408.0,1.0,155.0,1,4
2026-09-20T20:34:33.927860,esp32-may-1,20260920_203421_anh_sang_nhap_nhay,13,29.0,75.0,4095.0,1.0,151.0,1,4
2026-09-20T20:34:35.464840,esp32-may-1,20260920_203421_anh_sang_nhap_nhay,14,29.0,74.0,1407.0,1.0,153.0,1,4
2026-09-20T20:34:36.387675,esp32-may-1,20260920_203421_anh_sang_nhap_nhay,15,29.0,74.0,1375.0,1.0,144.0,1,4
2026-09-20T20:34:37.045687,esp32-may-1,20260920_203421_anh_sang_nhap_nhay,16,29.0,74.0,4095.0,1.0,147.0,1,4
2026-09-20T20:34:37.866855,esp32-may-1,20260920_203421_anh_sang_nhap_nhay,17,29.0,74.0,4095.0,1.0,150.0,1,4
2026-09-20T20:34:38.898658,esp32-may-1,20260920_203421_anh_sang_nhap_nhay,18,29.0,74.0,1408.0,1.0,153.0,1,4
2026-09-20T20:34:39.865852,esp32-may-1,20260920_203421_anh_sang_nhap_nhay,19,29.0,74.0,4095.0,1.0,150.0,1,4
2026-09-20T20:34:40.891425,esp32-may-1,20260920_203421_anh_sang_nhap_nhay,20,29.0,74.0,4095.0,1.0,151.0,1,4
2026-09-20T20:34:41.860367,esp32-may-1,20260920_203421_anh_sang_nhap_nhay,21,29.0,74.0,1407.0,1.0,158.0,1,4
2026-09-20T20:34:42.894946,esp32-may-1,20260920_203421_anh_sang_nhap_nhay,22,29.0,75.0,1407.0,1.0,157.0,1,4
2026-09-20T20:34:43.861016,esp32-may-1,20260920_203421_anh_sang_nhap_nhay,23,29.0,75.0,4095.0,1.0,154.0,1,4
2026-09-20T20:34:44.995032,esp32-may-1,20260920_203421_anh_sang_nhap_nhay,24,29.1,75.0,4095.0,1.0,150.0,1,4
2026-09-20T20:34:45.856444,esp32-may-1,20260920_203421_anh_sang_nhap_nhay,25,29.1,75.0,1626.0,1.0,154.0,1,4
2026-09-20T20:34:47.034410,esp32-may-1,20260920_203421_anh_sang_nhap_nhay,26,29.0,74.0,1405.0,1.0,155.0,1,4
2026-09-20T20:34:47.856317,esp32-may-1,20260920_203421_anh_sang_nhap_nhay,27,29.0,74.0,4095.0,1.0,149.0,1,4
2026-09-20T20:34:49.087434,esp32-may-1,20260920_203421_anh_sang_nhap_nhay,28,29.0,75.0,1406.0,1.0,152.0,1,4
2026-09-20T20:34:49.903132,esp32-may-1,20260920_203421_anh_sang_nhap_nhay,29,29.0,75.0,1408.0,1.0,155.0,1,4
2026-09-20T20:34:51.134836,esp32-may-1,20260920_203421_anh_sang_nhap_nhay,30,29.0,74.0,4095.0,1.0,146.0,1,4
2026-09-20T20:34:51.852742,esp32-may-1,20260920_203421_anh_sang_nhap_nhay,31,29.0,74.0,1406.0,1.0,150.0,1,4
2026-09-20T20:34:53.072105,esp32-may-1,20260920_203421_anh_sang_nhap_nhay,32,29.1,75.0,1408.0,1.0,151.0,1,4
2026-09-20T20:34:53.852641,esp32-may-1,20260920_203421_anh_sang_nhap_nhay,33,29.1,75.0,4095.0,1.0,146.0,1,4
2026-09-20T20:34:55.022231,esp32-may-1,20260920_203421_anh_sang_nhap_nhay,34,29.1,74.0,1403.0,1.0,149.0,1,4
2026-09-20T20:34:56.355297,esp32-may-1,20260920_203421_anh_sang_nhap_nhay,35,29.1,74.0,4095.0,1.0,146.0,1,4
2026-09-20T20:34:57.070561,esp32-may-1,20260920_203421_anh_sang_nhap_nhay,36,29.1,75.0,4095.0,1.0,146.0,1,4
2026-09-20T20:34:58.094931,esp32-may-1,20260920_203421_anh_sang_nhap_nhay,37,29.1,75.0,1405.0,1.0,150.0,1,4
2026-09-20T20:34:58.912711,esp32-may-1,20260920_203421_anh_sang_nhap_nhay,38,29.0,74.0,4095.0,1.0,146.0,1,4
2026-09-20T20:34:59.887593,esp32-may-1,20260920_203421_anh_sang_nhap_nhay,39,29.0,74.0,4095.0,1.0,149.0,1,4
2026-09-20T20:35:01.063613,esp32-may-1,20260920_203421_anh_sang_nhap_nhay,40,29.1,74.0,1406.0,1.0,146.0,1,4
2026-09-20T20:35:02.094540,esp32-may-1,20260920_203421_anh_sang_nhap_nhay,41,29.1,74.0,1407.0,1.0,146.0,1,4
2026-09-20T20:35:02.902242,esp32-may-1,20260920_203421_anh_sang_nhap_nhay,42,29.0,75.0,4095.0,1.0,147.0,1,4
2026-09-20T20:35:03.929928,esp32-may-1,20260920_203421_anh_sang_nhap_nhay,43,29.0,75.0,1424.0,1.0,151.0,1,4
2026-09-20T20:35:04.904531,esp32-may-1,20260920_203421_anh_sang_nhap_nhay,44,29.1,75.0,1407.0,1.0,148.0,1,4
2026-09-20T20:35:05.978772,esp32-may-1,20260920_203421_anh_sang_nhap_nhay,45,29.1,75.0,1408.0,1.0,148.0,1,4
2026-09-20T20:35:06.899515,esp32-may-1,20260920_203421_anh_sang_nhap_nhay,46,29.0,75.0,4095.0,1.0,146.0,1,4
2026-09-20T20:35:08.129099,esp32-may-1,20260920_203421_anh_sang_nhap_nhay,47,29.0,75.0,1404.0,1.0,149.0,1,4
2026-09-20T20:35:08.897736,esp32-may-1,20260920_203421_anh_sang_nhap_nhay,48,29.1,75.0,4095.0,1.0,145.0,1,4
2026-09-20T20:35:10.015725,esp32-may-1,20260920_203421_anh_sang_nhap_nhay,49,29.1,75.0,1408.0,1.0,146.0,1,4
2026-09-20T20:35:10.997214,esp32-may-1,20260920_203421_anh_sang_nhap_nhay,50,29.1,75.0,4095.0,1.0,147.0,1,4
2026-09-20T20:35:12.020171,esp32-may-1,20260920_203421_anh_sang_nhap_nhay,51,29.1,75.0,4095.0,1.0,145.0,1,4
2026-09-20T20:35:15.856141,esp32-may-1,20260920_203421_anh_sang_nhap_nhay,52,29.1,74.0,1407.0,1.0,145.0,1,4
2026-09-20T20:35:16.012221,esp32-may-1,20260920_203421_anh_sang_nhap_nhay,53,29.0,75.0,1367.0,1.0,139.0,1,4
2026-09-20T20:35:16.933066,esp32-may-1,20260920_203421_anh_sang_nhap_nhay,54,29.0,75.0,4095.0,1.0,145.0,1,4
2026-09-20T20:35:17.959586,esp32-may-1,20260920_203421_anh_sang_nhap_nhay,55,29.1,75.0,1401.0,1.0,144.0,1,4
2026-09-20T20:35:19.205895,esp32-may-1,20260920_203421_anh_sang_nhap_nhay,56,29.1,75.0,1405.0,1.0,145.0,1,4
2026-09-20T20:35:20.119042,esp32-may-1,20260920_203421_anh_sang_nhap_nhay,57,29.1,75.0,4095.0,1.0,144.0,1,4
2026-09-20T20:35:21.132753,esp32-may-1,20260920_203421_anh_sang_nhap_nhay,58,29.1,75.0,1403.0,1.0,146.0,1,4
2026-09-20T20:35:22.156347,esp32-may-1,20260920_203421_anh_sang_nhap_nhay,59,29.1,75.0,4095.0,1.0,144.0,1,4
2026-09-20T20:35:22.930473,esp32-may-1,20260920_203421_anh_sang_nhap_nhay,60,29.1,75.0,1403.0,1.0,145.0,1,4
2026-09-20T20:35:23.947363,esp32-may-1,20260920_203421_anh_sang_nhap_nhay,61,29.0,75.0,1407.0,1.0,147.0,1,4
2026-09-20T20:35:25.030933,esp32-may-1,20260920_203421_anh_sang_nhap_nhay,62,29.0,75.0,4095.0,1.0,144.0,1,4
2026-09-20T20:35:26.043544,esp32-may-1,20260920_203421_anh_sang_nhap_nhay,63,29.1,74.0,4095.0,1.0,146.0,1,4
2026-09-20T20:35:27.072766,esp32-may-1,20260920_203421_anh_sang_nhap_nhay,64,29.1,74.0,4095.0,1.0,138.0,1,4
2026-09-20T20:35:27.952432,esp32-may-1,20260920_203421_anh_sang_nhap_nhay,65,29.1,75.0,4095.0,1.0,137.0,1,4
2026-09-20T20:35:28.971816,esp32-may-1,20260920_203421_anh_sang_nhap_nhay,66,29.1,75.0,4095.0,1.0,145.0,1,4
2026-09-20T20:35:30.153264,esp32-may-1,20260920_203421_anh_sang_nhap_nhay,67,29.1,74.0,4095.0,1.0,144.0,1,4
2026-09-20T20:35:31.008732,esp32-may-1,20260920_203421_anh_sang_nhap_nhay,68,29.1,74.0,4095.0,1.0,144.0,1,4
2026-09-20T20:35:31.983157,esp32-may-1,20260920_203421_anh_sang_nhap_nhay,69,29.1,74.0,4095.0,1.0,144.0,1,4
2026-09-20T20:35:33.011190,esp32-may-1,20260920_203421_anh_sang_nhap_nhay,70,29.1,74.0,4095.0,1.0,144.0,1,4
2026-09-20T20:35:34.035222,esp32-may-1,20260920_203421_anh_sang_nhap_nhay,71,29.1,74.0,4095.0,1.0,144.0,1,4
2026-09-20T20:35:37.619256,esp32-may-1,20260920_203421_anh_sang_nhap_nhay,72,29.1,74.0,1361.0,1.0,137.0,1,4
2026-09-20T20:35:37.926981,esp32-may-1,20260920_203421_anh_sang_nhap_nhay,73,29.1,75.0,4095.0,1.0,141.0,1,4
2026-09-20T20:35:38.995193,esp32-may-1,20260920_203421_anh_sang_nhap_nhay,74,29.1,75.0,1519.0,1.0,144.0,1,4
2026-09-20T20:35:40.018596,esp32-may-1,20260920_203421_anh_sang_nhap_nhay,75,29.1,74.0,1402.0,1.0,148.0,1,4
2026-09-20T20:35:40.748243,esp32-may-1,20260920_203421_anh_sang_nhap_nhay,76,29.1,74.0,4095.0,1.0,145.0,1,4
2026-09-20T20:35:41.819013,esp32-may-1,20260920_203421_anh_sang_nhap_nhay,77,29.1,75.0,1401.0,1.0,147.0,1,4
2026-09-20T20:35:42.886438,esp32-may-1,20260920_203421_anh_sang_nhap_nhay,78,29.1,75.0,1403.0,1.0,149.0,1,4
2026-09-20T20:35:43.865120,esp32-may-1,20260920_203421_anh_sang_nhap_nhay,79,29.1,75.0,4095.0,1.0,144.0,1,4
2026-09-20T20:35:44.890227,esp32-may-1,20260920_203421_anh_sang_nhap_nhay,80,29.1,75.0,4095.0,1.0,144.0,1,4
2026-09-20T20:35:46.016821,esp32-may-1,20260920_203421_anh_sang_nhap_nhay,81,29.1,75.0,1399.0,1.0,145.0,1,4
2026-09-20T20:35:46.779993,esp32-may-1,20260920_203421_anh_sang_nhap_nhay,82,29.1,75.0,1399.0,1.0,147.0,1,4
2026-09-20T20:35:47.859523,esp32-may-1,20260920_203421_anh_sang_nhap_nhay,83,29.1,75.0,4095.0,1.0,144.0,1,4
2026-09-20T20:35:48.985205,esp32-may-1,20260920_203421_anh_sang_nhap_nhay,84,29.1,75.0,4095.0,1.0,144.0,1,4
2026-09-20T20:35:49.803842,esp32-may-1,20260920_203421_anh_sang_nhap_nhay,85,29.1,75.0,4095.0,1.0,144.0,1,4
2026-09-20T20:35:50.786413,esp32-may-1,20260920_203421_anh_sang_nhap_nhay,86,29.1,75.0,1401.0,1.0,145.0,1,4
2026-09-20T20:35:51.804455,esp32-may-1,20260920_203421_anh_sang_nhap_nhay,87,29.1,75.0,4095.0,1.0,144.0,1,4
2026-09-20T20:35:52.775754,esp32-may-1,20260920_203421_anh_sang_nhap_nhay,88,29.1,75.0,4095.0,1.0,145.0,1,4
2026-09-20T20:35:53.901306,esp32-may-1,20260920_203421_anh_sang_nhap_nhay,89,29.1,74.0,1403.0,1.0,146.0,1,4
2026-09-20T20:35:54.925538,esp32-may-1,20260920_203421_anh_sang_nhap_nhay,90,29.1,74.0,1405.0,1.0,148.0,1,4
2026-09-20T20:35:55.948061,esp32-may-1,20260920_203421_anh_sang_nhap_nhay,91,29.1,74.0,1406.0,1.0,144.0,1,4
2026-09-20T20:35:56.971916,esp32-may-1,20260920_203421_anh_sang_nhap_nhay,92,29.1,74.0,4095.0,1.0,144.0,1,4
2026-09-20T20:35:57.790021,esp32-may-1,20260920_203421_anh_sang_nhap_nhay,93,29.1,75.0,1405.0,1.0,146.0,1,4
2026-09-20T20:35:58.815067,esp32-may-1,20260920_203421_anh_sang_nhap_nhay,94,29.1,75.0,1407.0,1.0,144.0,1,4
2026-09-20T20:35:59.789903,esp32-may-1,20260920_203421_anh_sang_nhap_nhay,95,29.1,74.0,4095.0,1.0,144.0,1,4
2026-09-20T20:36:00.761157,esp32-may-1,20260920_203421_anh_sang_nhap_nhay,96,29.1,74.0,4095.0,1.0,144.0,1,4
2026-09-20T20:36:01.886745,esp32-may-1,20260920_203421_anh_sang_nhap_nhay,97,29.1,75.0,4095.0,1.0,144.0,1,4
2026-09-20T20:36:02.910836,esp32-may-1,20260920_203421_anh_sang_nhap_nhay,98,29.1,75.0,1406.0,1.0,145.0,1,4
2026-09-20T20:36:03.787900,esp32-may-1,20260920_203421_anh_sang_nhap_nhay,99,29.1,74.0,4095.0,1.0,144.0,1,4
2026-09-20T20:36:04.962744,esp32-may-1,20260920_203421_anh_sang_nhap_nhay,100,29.1,74.0,3008.0,1.0,144.0,1,4
2026-09-20T20:36:05.773837,esp32-may-1,20260920_203421_anh_sang_nhap_nhay,101,29.1,74.0,1405.0,1.0,145.0,1,4
2026-09-20T20:36:06.754550,esp32-may-1,20260920_203421_anh_sang_nhap_nhay,102,29.1,74.0,4095.0,1.0,144.0,1,4
2026-09-20T20:36:07.827019,esp32-may-1,20260920_203421_anh_sang_nhap_nhay,103,29.1,75.0,1370.0,1.0,139.0,1,4
2026-09-20T20:36:08.750639,esp32-may-1,20260920_203421_anh_sang_nhap_nhay,104,29.1,75.0,4095.0,1.0,135.0,1,4
2026-09-20T20:36:09.873479,esp32-may-1,20260920_203421_anh_sang_nhap_nhay,105,29.1,74.0,1402.0,1.0,144.0,1,4
2026-09-20T20:36:11.000091,esp32-may-1,20260920_203421_anh_sang_nhap_nhay,106,29.1,74.0,4095.0,1.0,144.0,1,4
2026-09-20T20:36:12.231093,esp32-may-1,20260920_203421_anh_sang_nhap_nhay,107,29.1,74.0,1402.0,1.0,146.0,1,4
2026-09-20T20:36:12.839481,esp32-may-1,20260920_203421_anh_sang_nhap_nhay,108,29.1,74.0,4095.0,1.0,135.0,1,4
2026-09-20T20:36:13.970609,esp32-may-1,20260920_203421_anh_sang_nhap_nhay,109,29.1,74.0,4095.0,1.0,135.0,1,4
2026-09-20T20:36:14.893034,esp32-may-1,20260920_203421_anh_sang_nhap_nhay,110,29.1,74.0,1364.0,1.0,138.0,1,4
2026-09-20T20:36:15.769913,esp32-may-1,20260920_203421_anh_sang_nhap_nhay,111,29.1,75.0,4095.0,1.0,134.0,1,4
2026-09-20T20:36:16.837120,esp32-may-1,20260920_203421_anh_sang_nhap_nhay,112,29.1,75.0,1403.0,1.0,145.0,1,4
2026-09-20T20:36:17.964066,esp32-may-1,20260920_203421_anh_sang_nhap_nhay,113,29.1,74.0,1405.0,1.0,149.0,1,4
2026-09-20T20:36:18.986906,esp32-may-1,20260920_203421_anh_sang_nhap_nhay,114,29.1,74.0,4095.0,1.0,144.0,1,4
2026-09-20T20:36:19.908984,esp32-may-1,20260920_203421_anh_sang_nhap_nhay,115,29.1,74.0,1407.0,1.0,147.0,1,4
2026-09-20T20:36:20.932778,esp32-may-1,20260920_203421_anh_sang_nhap_nhay,116,29.1,74.0,4095.0,1.0,144.0,1,4
2026-09-20T20:36:21.795853,esp32-may-1,20260920_203421_anh_sang_nhap_nhay,117,29.1,75.0,1407.0,1.0,145.0,1,4
2026-09-20T20:36:22.980384,esp32-may-1,20260920_203421_anh_sang_nhap_nhay,118,29.1,75.0,1535.0,1.0,145.0,1,4
2026-09-20T20:36:24.051727,esp32-may-1,20260920_203421_anh_sang_nhap_nhay,119,29.1,74.0,4095.0,1.0,144.0,1,4
2026-09-20T20:36:24.823347,esp32-may-1,20260920_203421_anh_sang_nhap_nhay,120,29.1,74.0,4095.0,1.0,145.0,1,4
2026-09-20T20:36:25.790548,esp32-may-1,20260920_203421_anh_sang_nhap_nhay,121,29.1,75.0,1408.0,1.0,144.0,1,4
2026-09-20T20:36:26.872919,esp32-may-1,20260920_203421_anh_sang_nhap_nhay,122,29.1,75.0,1408.0,1.0,146.0,1,4
2026-09-20T20:36:27.793432,esp32-may-1,20260920_203421_anh_sang_nhap_nhay,123,29.1,74.0,4095.0,1.0,144.0,1,4
2026-09-20T21:22:05.257585,esp32-may-1,20260920_212203_mac_dinh,1,28.0,68.0,41.0,1.0,278.0,1,0
2026-09-20T21:22:06.154856,esp32-may-1,20260920_212203_mac_dinh,2,28.0,68.0,0.0,1.0,276.0,1,0
2026-09-20T21:22:07.181305,esp32-may-1,20260920_212203_mac_dinh,3,28.0,68.0,590.0,1.0,272.0,1,0
2026-09-20T21:22:08.324859,esp32-may-1,20260920_212203_mac_dinh,4,28.0,68.0,306.0,1.0,270.0,1,0
2026-09-20T21:22:09.181325,esp32-may-1,20260920_212208_van_chuyen_dem,1,28.0,68.0,97.0,1.0,272.0,1,0
2026-09-20T21:22:10.372531,esp32-may-1,20260920_212208_van_chuyen_dem,2,28.0,68.0,561.0,1.0,267.0,1,0
2026-09-20T21:22:11.175973,esp32-may-1,20260920_212208_van_chuyen_dem,3,28.0,68.0,0.0,1.0,268.0,1,0
2026-09-20T21:22:12.155294,esp32-may-1,20260920_212208_van_chuyen_dem,4,28.0,68.0,0.0,1.0,270.0,1,0
2026-09-20T21:22:13.239308,esp32-may-1,20260920_212208_van_chuyen_dem,5,28.0,68.0,0.0,1.0,267.0,1,0
2026-09-20T21:22:14.265992,esp32-may-1,20260920_212208_van_chuyen_dem,6,28.0,68.0,0.0,1.0,265.0,1,0
2026-09-20T21:22:15.343216,esp32-may-1,20260920_212208_van_chuyen_dem,7,28.0,68.0,277.0,1.0,266.0,1,0
2026-09-20T21:22:16.313150,esp32-may-1,20260920_212208_van_chuyen_dem,8,28.0,68.0,0.0,1.0,263.0,1,0
2026-09-20T21:22:17.187444,esp32-may-1,20260920_212208_van_chuyen_dem,9,27.9,68.0,614.0,1.0,263.0,1,0
2026-09-20T21:22:18.158647,esp32-may-1,20260920_212208_van_chuyen_dem,10,27.9,68.0,527.0,1.0,257.0,1,0
2026-09-20T21:22:19.383498,esp32-may-1,20260920_212208_van_chuyen_dem,11,28.0,68.0,0.0,1.0,262.0,1,0
2026-09-20T21:22:20.203556,esp32-may-1,20260920_212208_van_chuyen_dem,12,28.0,68.0,342.0,1.0,261.0,1,0
2026-09-20T21:22:21.183628,esp32-may-1,20260920_212208_van_chuyen_dem,13,28.0,68.0,0.0,1.0,261.0,1,0
2026-09-20T21:22:22.151124,esp32-may-1,20260920_212208_van_chuyen_dem,14,28.0,68.0,0.0,1.0,257.0,1,0
2026-09-20T21:22:23.185315,esp32-may-1,20260920_212208_van_chuyen_dem,15,28.0,68.0,0.0,1.0,258.0,1,0
2026-09-20T21:22:24.298625,esp32-may-1,20260920_212208_van_chuyen_dem,16,28.0,68.0,0.0,1.0,242.0,1,0
2026-09-20T21:22:25.175486,esp32-may-1,20260920_212208_van_chuyen_dem,17,27.9,68.0,587.0,1.0,241.0,1,0
2026-09-20T21:22:26.444083,esp32-may-1,20260920_212208_van_chuyen_dem,18,27.9,68.0,230.0,1.0,253.0,1,0
2026-09-20T21:22:27.943315,esp32-may-1,20260920_212208_van_chuyen_dem,19,27.9,68.0,6.0,1.0,256.0,1,0
2026-09-20T21:22:28.286100,esp32-may-1,20260920_212208_van_chuyen_dem,20,27.9,68.0,0.0,1.0,244.0,1,0
2026-09-20T21:22:29.417978,esp32-may-1,20260920_212208_van_chuyen_dem,21,27.9,67.0,605.0,1.0,251.0,1,0
2026-09-20T21:22:30.452208,esp32-may-1,20260920_212208_van_chuyen_dem,22,27.9,67.0,279.0,1.0,252.0,1,0
2026-09-20T21:22:31.468332,esp32-may-1,20260920_212208_van_chuyen_dem,23,27.9,68.0,257.0,1.0,249.0,1,0
2026-09-20T21:22:32.696347,esp32-may-1,20260920_212208_van_chuyen_dem,24,27.9,68.0,616.0,1.0,247.0,1,0
2026-09-20T21:22:33.514091,esp32-may-1,20260920_212208_van_chuyen_dem,25,27.9,68.0,0.0,1.0,246.0,1,0
2026-09-20T21:22:34.282669,esp32-may-1,20260920_212208_van_chuyen_dem,26,27.9,68.0,0.0,1.0,253.0,1,0
2026-09-20T21:22:35.308804,esp32-may-1,20260920_212208_van_chuyen_dem,27,27.9,68.0,0.0,1.0,247.0,1,0
2026-09-20T21:22:36.997419,esp32-may-1,20260920_212208_van_chuyen_dem,28,27.9,68.0,0.0,1.0,254.0,1,0
2026-09-20T21:22:37.406527,esp32-may-1,20260920_212208_van_chuyen_dem,29,27.9,68.0,37.0,1.0,253.0,1,0
2026-09-20T21:22:38.431003,esp32-may-1,20260920_212208_van_chuyen_dem,30,27.9,68.0,0.0,1.0,240.0,1,0
2026-09-20T21:22:39.454885,esp32-may-1,20260920_212208_van_chuyen_dem,31,27.9,68.0,488.0,1.0,240.0,1,0
2026-09-20T21:22:40.288079,esp32-may-1,20260920_212208_van_chuyen_dem,32,27.9,68.0,303.0,1.0,250.0,1,0
2026-09-20T21:22:41.306211,esp32-may-1,20260920_212208_van_chuyen_dem,33,27.9,67.0,0.0,1.0,250.0,1,0
2026-09-20T21:22:42.288508,esp32-may-1,20260920_212208_van_chuyen_dem,34,27.9,67.0,496.0,1.0,247.0,1,0
2026-09-20T21:22:43.346244,esp32-may-1,20260920_212208_van_chuyen_dem,35,27.9,68.0,0.0,1.0,249.0,1,0
2026-09-20T21:22:44.278953,esp32-may-1,20260920_212208_van_chuyen_dem,36,27.9,68.0,0.0,1.0,246.0,1,0
2026-09-20T21:22:45.395109,esp32-may-1,20260920_212208_van_chuyen_dem,37,27.9,67.0,0.0,1.0,245.0,1,0
2026-09-20T21:22:46.286243,esp32-may-1,20260920_212208_van_chuyen_dem,38,27.9,67.0,0.0,1.0,249.0,1,0
2026-09-20T21:22:47.334435,esp32-may-1,20260920_212208_van_chuyen_dem,39,27.9,68.0,46.0,1.0,247.0,1,0
2026-09-20T21:22:48.465246,esp32-may-1,20260920_212208_van_chuyen_dem,40,27.9,68.0,0.0,1.0,244.0,1,0
2026-09-20T21:22:49.489580,esp32-may-1,20260920_212208_van_chuyen_dem,41,27.9,67.0,493.0,1.0,245.0,1,0
2026-09-20T21:22:50.822635,esp32-may-1,20260920_212208_van_chuyen_dem,42,27.9,67.0,208.0,1.0,244.0,1,0
2026-09-20T21:22:52.152741,esp32-may-1,20260920_212208_van_chuyen_dem,43,27.8,68.0,0.0,1.0,231.0,1,0
2026-09-20T21:22:52.765224,esp32-may-1,20260920_212208_van_chuyen_dem,44,27.8,68.0,143.0,1.0,242.0,1,0
2026-09-20T21:22:53.572577,esp32-may-1,20260920_212208_van_chuyen_dem,45,27.9,68.0,0.0,1.0,242.0,1,0
2026-09-20T21:22:54.547653,esp32-may-1,20260920_212208_van_chuyen_dem,46,27.9,68.0,0.0,1.0,242.0,1,0
2026-09-20T21:22:55.576408,esp32-may-1,20260920_212208_van_chuyen_dem,47,27.9,68.0,21.0,1.0,244.0,1,0
2026-09-20T21:22:56.570285,esp32-may-1,20260920_212208_van_chuyen_dem,48,27.9,68.0,0.0,1.0,246.0,1,0
2026-09-20T21:22:57.568154,esp32-may-1,20260920_212208_van_chuyen_dem,49,27.9,68.0,493.0,1.0,247.0,1,0
2026-09-20T21:22:58.704539,esp32-may-1,20260920_212208_van_chuyen_dem,50,27.9,68.0,421.0,1.0,246.0,1,0
2026-09-20T21:22:59.570488,esp32-may-1,20260920_212208_van_chuyen_dem,51,27.8,68.0,0.0,1.0,246.0,1,0
2026-09-20T21:23:00.804117,esp32-may-1,20260920_212208_van_chuyen_dem,52,27.8,68.0,59.0,1.0,243.0,1,0
2026-09-20T21:23:01.570173,esp32-may-1,20260920_212208_van_chuyen_dem,53,27.9,68.0,0.0,1.0,246.0,1,0
2026-09-20T21:23:02.597718,esp32-may-1,20260920_212208_van_chuyen_dem,54,27.9,68.0,0.0,1.0,246.0,1,0
2026-09-20T21:23:03.623473,esp32-may-1,20260920_212208_van_chuyen_dem,55,27.9,67.0,251.0,1.0,252.0,1,0
2026-09-20T21:23:04.544968,esp32-may-1,20260920_212208_van_chuyen_dem,56,27.9,67.0,0.0,1.0,246.0,1,0
2026-09-20T21:23:05.668946,esp32-may-1,20260920_212208_van_chuyen_dem,57,27.8,68.0,415.0,1.0,250.0,1,0
2026-09-20T21:23:06.542497,esp32-may-1,20260920_212208_van_chuyen_dem,58,27.8,68.0,560.0,1.0,240.0,1,0
2026-09-20T21:23:07.772119,esp32-may-1,20260920_212208_van_chuyen_dem,59,27.8,68.0,0.0,1.0,240.0,1,0
2026-09-20T21:23:08.542373,esp32-may-1,20260920_212208_van_chuyen_dem,60,27.8,68.0,0.0,1.0,244.0,1,0
2026-09-20T21:23:09.762798,esp32-may-1,20260920_212208_van_chuyen_dem,61,27.8,67.0,0.0,1.0,246.0,1,0
2026-09-20T21:23:10.585631,esp32-may-1,20260920_212208_van_chuyen_dem,62,27.8,67.0,0.0,1.0,243.0,1,0
2026-09-20T21:23:11.665716,esp32-may-1,20260920_212208_van_chuyen_dem,63,27.8,67.0,467.0,1.0,241.0,1,0
2026-09-20T21:23:12.550204,esp32-may-1,20260920_212208_van_chuyen_dem,64,27.8,67.0,15.0,1.0,241.0,1,0
2026-09-20T21:23:13.705433,esp32-may-1,20260920_212208_van_chuyen_dem,65,27.8,68.0,183.0,1.0,240.0,1,0
2026-09-20T21:23:15.160165,esp32-may-1,20260920_212208_van_chuyen_dem,66,27.8,68.0,566.0,1.0,237.0,1,0
2026-09-20T21:23:16.285872,esp32-may-1,20260920_212208_van_chuyen_dem,67,27.8,68.0,0.0,1.0,224.0,1,0
2026-09-20T21:23:16.605839,esp32-may-1,20260920_212208_van_chuyen_dem,68,27.8,68.0,76.0,1.0,222.0,1,0
2026-09-20T21:23:17.749799,esp32-may-1,20260920_212208_van_chuyen_dem,69,27.8,68.0,6.0,1.0,230.0,1,0
2026-09-20T21:23:18.613443,esp32-may-1,20260920_212208_van_chuyen_dem,70,27.8,68.0,464.0,1.0,230.0,1,0
2026-09-20T21:23:19.643448,esp32-may-1,20260920_212208_van_chuyen_dem,71,27.8,67.0,0.0,1.0,227.0,1,0
2026-09-20T21:23:20.618875,esp32-may-1,20260920_212208_van_chuyen_dem,72,27.8,67.0,0.0,1.0,227.0,1,0
2026-09-20T21:23:21.641087,esp32-may-1,20260920_212208_van_chuyen_dem,73,27.8,67.0,0.0,1.0,227.0,1,0
2026-09-20T21:23:22.615365,esp32-may-1,20260920_212208_van_chuyen_dem,74,27.8,67.0,0.0,1.0,226.0,1,0
2026-09-20T21:23:23.698902,esp32-may-1,20260920_212208_van_chuyen_dem,75,27.8,67.0,511.0,1.0,227.0,1,0
2026-09-20T21:23:24.610043,esp32-may-1,20260920_212208_van_chuyen_dem,76,27.8,67.0,237.0,1.0,231.0,1,0
2026-09-20T21:23:25.633356,esp32-may-1,20260920_212208_van_chuyen_dem,77,27.8,67.0,0.0,1.0,228.0,1,0
2026-09-20T21:23:26.613722,esp32-may-1,20260920_212208_van_chuyen_dem,78,27.8,67.0,463.0,1.0,221.0,1,0
2026-09-20T21:23:27.786320,esp32-may-1,20260920_212208_van_chuyen_dem,79,27.8,67.0,0.0,1.0,219.0,1,0
2026-09-20T21:23:28.809432,esp32-may-1,20260920_212208_van_chuyen_dem,80,27.8,67.0,0.0,1.0,228.0,1,0
2026-09-20T21:23:29.833469,esp32-may-1,20260920_212208_van_chuyen_dem,81,27.8,67.0,11.0,1.0,232.0,1,0
2026-09-20T21:23:30.656120,esp32-may-1,20260920_212208_van_chuyen_dem,82,27.8,67.0,0.0,1.0,231.0,1,0
2026-09-20T21:23:31.633032,esp32-may-1,20260920_212208_van_chuyen_dem,83,27.8,67.0,498.0,1.0,228.0,1,0
2026-09-20T21:23:32.709845,esp32-may-1,20260920_212208_van_chuyen_dem,84,27.8,67.0,431.0,1.0,233.0,1,0
2026-09-20T21:23:33.635863,esp32-may-1,20260920_212208_van_chuyen_dem,85,27.8,67.0,0.0,1.0,232.0,1,0
2026-09-20T21:23:34.749032,esp32-may-1,20260920_212208_van_chuyen_dem,86,27.8,67.0,455.0,1.0,231.0,1,0
2026-09-20T21:23:35.980023,esp32-may-1,20260920_212208_van_chuyen_dem,87,27.7,67.0,0.0,1.0,231.0,1,0
2026-09-20T21:23:36.840584,esp32-may-1,20260920_212208_van_chuyen_dem,88,27.7,67.0,0.0,1.0,221.0,1,0
2026-09-20T21:23:38.019711,esp32-may-1,20260920_212208_van_chuyen_dem,89,27.7,66.0,0.0,1.0,229.0,1,0
2026-09-20T21:23:38.613082,esp32-may-1,20260920_212208_van_chuyen_dem,90,27.7,66.0,0.0,1.0,230.0,1,0
2026-09-20T21:23:40.291280,esp32-may-1,20260920_212208_van_chuyen_dem,91,27.7,67.0,413.0,1.0,230.0,1,0
2026-09-20T21:23:40.873602,esp32-may-1,20260920_212208_van_chuyen_dem,92,27.7,67.0,0.0,1.0,221.0,1,0
2026-09-20T21:23:41.634842,esp32-may-1,20260920_212208_van_chuyen_dem,93,27.7,66.0,451.0,1.0,231.0,1,0
2026-09-20T21:23:42.735525,esp32-may-1,20260920_212208_van_chuyen_dem,94,27.7,66.0,465.0,1.0,231.0,1,0
2026-09-20T21:23:43.758368,esp32-may-1,20260920_212208_van_chuyen_dem,95,27.7,67.0,0.0,1.0,230.0,1,0
2026-09-20T21:23:44.782384,esp32-may-1,20260920_212208_van_chuyen_dem,96,27.7,67.0,421.0,1.0,231.0,1,0
2026-09-20T21:23:45.812638,esp32-may-1,20260920_212208_van_chuyen_dem,97,27.7,66.0,0.0,1.0,230.0,1,0
2026-09-20T21:23:46.651449,esp32-may-1,20260920_212208_van_chuyen_dem,98,27.7,66.0,0.0,1.0,235.0,1,0
2026-09-20T21:23:47.854126,esp32-may-1,20260920_212208_van_chuyen_dem,99,27.7,66.0,0.0,1.0,234.0,1,0
2026-09-20T21:23:48.638922,esp32-may-1,20260920_212208_van_chuyen_dem,100,27.7,66.0,0.0,1.0,235.0,1,0
2026-09-20T21:23:49.701065,esp32-may-1,20260920_212208_van_chuyen_dem,101,27.7,67.0,493.0,1.0,237.0,1,0
2026-09-20T21:23:50.933524,esp32-may-1,20260920_212208_van_chuyen_dem,102,27.7,67.0,12.0,1.0,235.0,1,0
2026-09-20T21:23:51.638662,esp32-may-1,20260920_212208_van_chuyen_dem,103,27.7,67.0,215.0,1.0,327.0,1,0
2026-09-20T21:23:52.774115,esp32-may-1,20260920_212208_van_chuyen_dem,104,27.7,67.0,571.0,1.0,324.0,1,0
2026-09-20T21:23:53.851648,esp32-may-1,20260920_212208_van_chuyen_dem,105,27.7,67.0,0.0,1.0,322.0,1,0
2026-09-20T21:23:54.613597,esp32-may-1,20260920_212208_van_chuyen_dem,106,27.7,67.0,0.0,1.0,318.0,1,0
2026-09-20T21:23:55.843059,esp32-may-1,20260920_212208_van_chuyen_dem,107,27.7,66.0,0.0,1.0,319.0,1,0
2026-09-20T21:23:56.611599,esp32-may-1,20260920_212208_van_chuyen_dem,108,27.7,66.0,0.0,1.0,320.0,1,0
2026-09-20T21:23:57.640096,esp32-may-1,20260920_212208_van_chuyen_dem,109,27.6,66.0,531.0,1.0,320.0,1,0
2026-09-20T21:23:58.620565,esp32-may-1,20260920_212208_van_chuyen_dem,110,27.6,66.0,377.0,1.0,313.0,1,0
2026-09-20T21:23:59.639421,esp32-may-1,20260920_212208_van_chuyen_dem,111,27.7,67.0,0.0,1.0,322.0,1,0
2026-09-20T21:24:00.611538,esp32-may-1,20260920_212208_van_chuyen_dem,112,27.7,67.0,206.0,1.0,310.0,1,0
2026-09-20T21:24:01.638523,esp32-may-1,20260920_212208_van_chuyen_dem,113,27.7,66.0,0.0,1.0,308.0,1,0
2026-09-20T21:24:02.837640,esp32-may-1,20260920_212208_van_chuyen_dem,114,27.7,66.0,0.0,1.0,320.0,1,0
2026-09-20T21:24:04.344417,esp32-may-1,20260920_212208_van_chuyen_dem,115,27.6,66.0,256.0,1.0,321.0,1,0
2026-09-20T21:24:04.653765,esp32-may-1,20260920_212208_van_chuyen_dem,116,27.6,66.0,0.0,1.0,320.0,1,0
2026-09-20T21:24:05.674325,esp32-may-1,20260920_212208_van_chuyen_dem,117,27.6,67.0,202.0,1.0,324.0,1,0
2026-09-20T21:24:06.702338,esp32-may-1,20260920_212208_van_chuyen_dem,118,27.6,67.0,466.0,1.0,323.0,1,0
2026-09-20T21:24:07.634352,esp32-may-1,20260920_212208_van_chuyen_dem,119,27.6,66.0,0.0,1.0,323.0,1,0
2026-09-20T21:24:08.743865,esp32-may-1,20260920_212208_van_chuyen_dem,120,27.6,66.0,0.0,1.0,325.0,1,0
2026-09-20T21:24:09.770164,esp32-may-1,20260920_212208_van_chuyen_dem,121,27.6,67.0,22.0,1.0,326.0,1,0
2026-09-20T21:24:10.793257,esp32-may-1,20260920_212208_van_chuyen_dem,122,27.6,67.0,0.0,1.0,327.0,1,0
2026-09-20T21:24:11.639933,esp32-may-1,20260920_212208_van_chuyen_dem,123,27.6,66.0,448.0,1.0,327.0,1,0
2026-09-20T21:24:12.610791,esp32-may-1,20260920_212208_van_chuyen_dem,124,27.6,66.0,498.0,1.0,326.0,1,0
2026-09-20T21:24:13.864092,esp32-may-1,20260920_212208_van_chuyen_dem,125,27.6,66.0,0.0,1.0,327.0,1,0
2026-09-20T21:24:14.683542,esp32-may-1,20260920_212208_van_chuyen_dem,126,27.6,66.0,0.0,1.0,327.0,1,0
2026-09-20T21:24:15.643467,esp32-may-1,20260920_212208_van_chuyen_dem,127,27.6,66.0,0.0,1.0,326.0,1,0
2026-09-20T21:24:16.639926,esp32-may-1,20260920_212208_van_chuyen_dem,128,27.6,66.0,0.0,1.0,327.0,1,0
2026-09-20T21:24:17.630952,esp32-may-1,20260920_212208_van_chuyen_dem,129,27.6,66.0,457.0,1.0,311.0,1,0
2026-09-20T21:24:18.609404,esp32-may-1,20260920_212208_van_chuyen_dem,130,27.6,66.0,442.0,1.0,327.0,1,0
2026-09-20T21:24:19.634655,esp32-may-1,20260920_212208_van_chuyen_dem,131,27.6,66.0,0.0,1.0,324.0,1,0
2026-09-20T21:24:20.612631,esp32-may-1,20260920_212208_van_chuyen_dem,132,27.6,66.0,0.0,1.0,323.0,1,0
2026-09-20T21:24:21.643865,esp32-may-1,20260920_212208_van_chuyen_dem,133,27.6,66.0,0.0,1.0,325.0,1,0
2026-09-20T21:24:22.877955,esp32-may-1,20260920_212208_van_chuyen_dem,134,27.6,66.0,0.0,1.0,326.0,1,0
2026-09-20T21:24:23.695837,esp32-may-1,20260920_212208_van_chuyen_dem,135,27.6,66.0,179.0,1.0,323.0,1,0
2026-09-20T21:24:24.926432,esp32-may-1,20260920_212208_van_chuyen_dem,136,27.6,66.0,0.0,1.0,324.0,1,0
2026-09-20T21:24:25.743738,esp32-may-1,20260920_212208_van_chuyen_dem,137,27.6,66.0,473.0,1.0,324.0,1,0
2026-09-20T21:24:27.147108,esp32-may-1,20260920_212208_van_chuyen_dem,138,27.6,66.0,392.0,1.0,323.0,1,0
2026-09-20T21:24:28.409991,esp32-may-1,20260920_212208_van_chuyen_dem,139,27.6,66.0,0.0,1.0,320.0,1,0
2026-09-20T21:24:29.019814,esp32-may-1,20260920_212208_van_chuyen_dem,140,27.6,66.0,355.0,1.0,321.0,1,0
2026-09-20T21:24:29.652032,esp32-may-1,20260920_212208_van_chuyen_dem,141,27.6,66.0,0.0,1.0,324.0,1,0
2026-09-20T21:24:30.609088,esp32-may-1,20260920_212208_van_chuyen_dem,142,27.6,66.0,0.0,1.0,327.0,1,0
2026-09-20T21:24:31.636882,esp32-may-1,20260920_212208_van_chuyen_dem,143,27.5,66.0,0.0,1.0,331.0,1,0
2026-09-20T21:24:32.706799,esp32-may-1,20260920_212208_van_chuyen_dem,144,27.5,66.0,0.0,1.0,330.0,1,0
2026-09-20T21:24:33.732892,esp32-may-1,20260920_212208_van_chuyen_dem,145,27.6,66.0,167.0,1.0,327.0,1,0
2026-09-20T21:24:34.753931,esp32-may-1,20260920_212208_van_chuyen_dem,146,27.6,66.0,0.0,1.0,326.0,1,0
2026-09-20T21:24:35.783025,esp32-may-1,20260920_212208_van_chuyen_dem,147,27.5,66.0,456.0,1.0,330.0,1,0
2026-09-20T21:24:36.881109,esp32-may-1,20260920_212208_van_chuyen_dem,148,27.5,66.0,402.0,1.0,316.0,1,0
2026-09-20T21:24:37.639513,esp32-may-1,20260920_212208_van_chuyen_dem,149,27.5,66.0,0.0,1.0,333.0,1,0
2026-09-20T21:24:38.745769,esp32-may-1,20260920_212208_van_chuyen_dem,150,27.5,66.0,3.0,1.0,331.0,1,0
2026-09-20T21:24:39.769489,esp32-may-1,20260920_212208_van_chuyen_dem,151,27.5,66.0,0.0,1.0,336.0,1,0
2026-09-20T21:24:40.611904,esp32-may-1,20260920_212208_van_chuyen_dem,152,27.5,66.0,0.0,1.0,333.0,1,0
2026-09-20T21:24:41.631606,esp32-may-1,20260920_212208_van_chuyen_dem,153,27.5,66.0,336.0,1.0,330.0,1,0
2026-09-20T21:24:42.637007,esp32-may-1,20260920_212208_van_chuyen_dem,154,27.5,66.0,55.0,1.0,334.0,1,0
2026-09-20T21:24:43.632118,esp32-may-1,20260920_212208_van_chuyen_dem,155,27.5,66.0,46.0,1.0,332.0,1,0
2026-09-20T21:24:44.740436,esp32-may-1,20260920_212208_van_chuyen_dem,156,27.5,66.0,400.0,1.0,332.0,1,0
2026-09-20T21:24:45.709510,esp32-may-1,20260920_212208_van_chuyen_dem,157,27.5,66.0,0.0,1.0,329.0,1,0
2026-09-20T21:24:46.837654,esp32-may-1,20260920_212208_van_chuyen_dem,158,27.5,66.0,0.0,1.0,332.0,1,0
2026-09-20T21:24:47.649188,esp32-may-1,20260920_212208_van_chuyen_dem,159,27.5,66.0,169.0,1.0,336.0,1,0
2026-09-20T21:24:48.608608,esp32-may-1,20260920_212208_van_chuyen_dem,160,27.5,66.0,11.0,1.0,332.0,1,0
2026-09-20T21:24:49.810640,esp32-may-1,20260920_212208_van_chuyen_dem,161,27.5,66.0,206.0,1.0,331.0,1,0
2026-09-20T21:24:51.698874,esp32-may-1,20260920_212208_van_chuyen_dem,162,27.5,66.0,474.0,1.0,334.0,1,0
2026-09-20T21:24:52.671696,esp32-may-1,20260920_212208_van_chuyen_dem,163,27.5,65.0,387.0,1.0,322.0,1,0
2026-09-20T21:24:53.490325,esp32-may-1,20260920_212208_van_chuyen_dem,164,27.5,65.0,483.0,1.0,334.0,1,0
2026-09-20T21:24:54.412237,esp32-may-1,20260920_212208_van_chuyen_dem,165,27.5,65.0,0.0,1.0,336.0,1,0
2026-09-20T21:24:55.537750,esp32-may-1,20260920_212208_van_chuyen_dem,166,27.5,65.0,0.0,1.0,336.0,1,0
2026-09-20T21:24:56.562550,esp32-may-1,20260920_212208_van_chuyen_dem,167,27.5,66.0,0.0,1.0,336.0,1,0
2026-09-20T21:24:57.587716,esp32-may-1,20260920_212208_van_chuyen_dem,168,27.5,66.0,0.0,1.0,339.0,1,0
2026-09-20T21:24:58.404261,esp32-may-1,20260920_212208_van_chuyen_dem,169,27.5,66.0,304.0,1.0,339.0,1,0
2026-09-20T21:24:59.377729,esp32-may-1,20260920_212208_van_chuyen_dem,170,27.5,66.0,0.0,1.0,340.0,1,0
2026-09-20T21:25:00.558090,esp32-may-1,20260920_212208_van_chuyen_dem,171,27.4,66.0,393.0,1.0,334.0,1,0
2026-09-20T21:25:01.798075,esp32-may-1,20260920_212208_van_chuyen_dem,172,27.4,66.0,432.0,1.0,343.0,1,0
2026-09-20T21:25:02.606267,esp32-may-1,20260920_212208_van_chuyen_dem,173,27.4,65.0,0.0,1.0,343.0,1,0
2026-09-20T21:25:03.375277,esp32-may-1,20260920_212208_van_chuyen_dem,174,27.4,65.0,357.0,1.0,334.0,1,0
2026-09-20T21:25:04.399822,esp32-may-1,20260920_212208_van_chuyen_dem,175,27.4,66.0,0.0,1.0,330.0,1,0
2026-09-20T21:25:05.574749,esp32-may-1,20260920_212208_van_chuyen_dem,176,27.4,66.0,0.0,1.0,342.0,1,0
2026-09-20T21:25:06.598743,esp32-may-1,20260920_212208_van_chuyen_dem,177,27.4,65.0,0.0,1.0,337.0,1,0
2026-09-20T21:25:07.418858,esp32-may-1,20260920_212208_van_chuyen_dem,178,27.4,65.0,0.0,1.0,340.0,1,0
2026-09-20T21:25:08.406529,esp32-may-1,20260920_212208_van_chuyen_dem,179,27.4,65.0,143.0,1.0,339.0,1,0
2026-09-20T21:25:09.465251,esp32-may-1,20260920_212208_van_chuyen_dem,180,27.4,65.0,0.0,1.0,327.0,1,0
2026-09-20T21:25:10.490709,esp32-may-1,20260920_212208_van_chuyen_dem,181,27.4,66.0,480.0,1.0,339.0,1,0
2026-09-20T21:25:11.377853,esp32-may-1,20260920_212208_van_chuyen_dem,182,27.4,66.0,182.0,1.0,327.0,1,0
2026-09-20T21:25:12.400792,esp32-may-1,20260920_212208_van_chuyen_dem,183,27.4,66.0,0.0,1.0,338.0,1,0
2026-09-20T21:25:13.375260,esp32-may-1,20260920_212208_van_chuyen_dem,184,27.4,66.0,480.0,1.0,336.0,1,0
2026-09-20T21:25:15.520944,esp32-may-1,20260920_212208_van_chuyen_dem,185,27.4,65.0,0.0,1.0,337.0,1,0
2026-09-20T21:25:16.355864,esp32-may-1,20260920_212208_van_chuyen_dem,186,27.4,65.0,203.0,1.0,323.0,1,0
2026-09-20T21:25:16.837777,esp32-may-1,20260920_212208_van_chuyen_dem,187,27.4,65.0,0.0,1.0,336.0,1,0
2026-09-20T21:25:17.861999,esp32-may-1,20260920_212208_van_chuyen_dem,188,27.4,65.0,0.0,1.0,334.0,1,0
2026-09-20T21:25:18.885524,esp32-may-1,20260920_212208_van_chuyen_dem,189,27.4,65.0,0.0,1.0,336.0,1,0
2026-09-20T21:25:19.910414,esp32-may-1,20260920_212208_van_chuyen_dem,190,27.4,65.0,0.0,1.0,335.0,1,0
2026-09-20T21:25:20.776191,esp32-may-1,20260920_212208_van_chuyen_dem,191,27.4,65.0,175.0,1.0,336.0,1,0
2026-09-20T21:25:21.751866,esp32-may-1,20260920_212208_van_chuyen_dem,192,27.4,65.0,0.0,1.0,336.0,1,0
2026-09-20T21:25:22.797237,esp32-may-1,20260920_212208_van_chuyen_dem,193,27.4,65.0,495.0,1.0,336.0,1,0
2026-09-20T21:25:23.754172,esp32-may-1,20260920_212208_van_chuyen_dem,194,27.4,65.0,283.0,1.0,335.0,1,0
2026-09-20T21:25:24.826454,esp32-may-1,20260920_212208_van_chuyen_dem,195,27.4,65.0,0.0,1.0,336.0,1,0
2026-09-20T21:25:25.848701,esp32-may-1,20260920_212208_van_chuyen_dem,196,27.4,65.0,466.0,1.0,336.0,1,0
2026-09-20T21:25:26.872428,esp32-may-1,20260920_212208_van_chuyen_dem,197,27.3,65.0,0.0,1.0,336.0,1,0
2026-09-20T21:25:27.898138,esp32-may-1,20260920_212208_van_chuyen_dem,198,27.3,65.0,84.0,1.0,336.0,1,0
2026-09-20T21:25:28.971155,esp32-may-1,20260920_212208_van_chuyen_dem,199,27.3,65.0,0.0,1.0,337.0,1,0
2026-09-20T21:25:29.749827,esp32-may-1,20260920_212208_van_chuyen_dem,200,27.3,65.0,0.0,1.0,337.0,1,0
2026-09-20T21:25:30.778393,esp32-may-1,20260920_212208_van_chuyen_dem,201,27.4,65.0,0.0,1.0,339.0,1,0
2026-09-20T21:25:31.790365,esp32-may-1,20260920_212208_van_chuyen_dem,202,27.4,65.0,0.0,1.0,336.0,1,0
2026-09-20T21:25:32.784601,esp32-may-1,20260920_212208_van_chuyen_dem,203,27.3,65.0,130.0,1.0,338.0,1,0
2026-09-20T21:25:33.939756,esp32-may-1,20260920_212208_van_chuyen_dem,204,27.3,65.0,0.0,1.0,336.0,1,0
2026-09-20T21:25:34.963680,esp32-may-1,20260920_212208_van_chuyen_dem,205,27.3,65.0,430.0,1.0,336.0,1,0
2026-09-20T21:25:35.758759,esp32-may-1,20260920_212208_van_chuyen_dem,206,27.3,65.0,3.0,1.0,337.0,1,0
2026-09-20T21:25:37.017565,esp32-may-1,20260920_212208_van_chuyen_dem,207,27.3,65.0,368.0,1.0,337.0,1,0
2026-09-20T21:25:37.755383,esp32-may-1,20260920_212208_van_chuyen_dem,208,27.3,65.0,307.0,1.0,337.0,1,0
2026-09-20T21:25:39.708752,esp32-may-1,20260920_212208_van_chuyen_dem,209,27.3,65.0,0.0,1.0,336.0,1,0
2026-09-20T21:25:40.798853,esp32-may-1,20260920_212208_van_chuyen_dem,210,27.3,65.0,0.0,1.0,325.0,1,0
2026-09-20T21:25:41.413136,esp32-may-1,20260920_212208_van_chuyen_dem,211,27.3,65.0,0.0,1.0,336.0,1,0
2026-09-20T21:25:42.436722,esp32-may-1,20260920_212208_van_chuyen_dem,212,27.3,65.0,0.0,1.0,338.0,1,0
2026-09-20T21:25:43.255811,esp32-may-1,20260920_212208_van_chuyen_dem,213,27.3,65.0,373.0,1.0,336.0,1,0
2026-09-20T21:25:44.279646,esp32-may-1,20260920_212208_van_chuyen_dem,214,27.3,65.0,0.0,1.0,339.0,1,0
2026-09-20T21:25:45.202984,esp32-may-1,20260920_212208_van_chuyen_dem,215,27.3,65.0,469.0,1.0,339.0,1,0
2026-09-20T21:25:46.180282,esp32-may-1,20260920_212208_van_chuyen_dem,216,27.3,65.0,253.0,1.0,328.0,1,0
2026-09-20T21:25:47.212393,esp32-may-1,20260920_212208_van_chuyen_dem,217,27.3,65.0,49.0,1.0,331.0,1,0
2026-09-20T21:25:48.183548,esp32-may-1,20260920_212208_van_chuyen_dem,218,27.3,65.0,505.0,1.0,340.0,1,0
2026-09-20T21:25:49.212311,esp32-may-1,20260920_212208_van_chuyen_dem,219,27.3,65.0,0.0,1.0,341.0,1,0
2026-09-20T21:25:50.178837,esp32-may-1,20260920_212208_van_chuyen_dem,220,27.3,65.0,269.0,1.0,342.0,1,0
2026-09-20T21:25:51.300413,esp32-may-1,20260920_212208_van_chuyen_dem,221,27.3,64.0,0.0,1.0,339.0,1,0
2026-09-20T21:25:52.179400,esp32-may-1,20260920_212208_van_chuyen_dem,222,27.3,64.0,0.0,1.0,341.0,1,0
2026-09-20T21:25:53.290532,esp32-may-1,20260920_212208_van_chuyen_dem,223,27.3,65.0,0.0,1.0,338.0,1,0
2026-09-20T21:25:54.368844,esp32-may-1,20260920_212208_van_chuyen_dem,224,27.3,65.0,0.0,1.0,340.0,1,0
2026-09-20T21:25:55.207970,esp32-may-1,20260920_212208_van_chuyen_dem,225,27.3,65.0,64.0,1.0,339.0,1,0
2026-09-20T21:25:56.368473,esp32-may-1,20260920_212208_van_chuyen_dem,226,27.3,65.0,0.0,1.0,340.0,1,0
2026-09-20T21:25:57.601483,esp32-may-1,20260920_212208_van_chuyen_dem,227,27.2,64.0,455.0,1.0,341.0,1,0
2026-09-20T21:25:58.207581,esp32-may-1,20260920_212208_van_chuyen_dem,228,27.2,64.0,0.0,1.0,338.0,1,0
2026-09-20T21:25:59.203852,esp32-may-1,20260920_212208_van_chuyen_dem,229,27.3,64.0,403.0,1.0,340.0,1,0
2026-09-20T21:26:00.253787,esp32-may-1,20260920_212208_van_chuyen_dem,230,27.3,64.0,387.0,1.0,339.0,1,0
2026-09-20T21:26:01.277516,esp32-may-1,20260920_212208_van_chuyen_dem,231,27.2,65.0,0.0,1.0,342.0,1,0
2026-09-20T21:26:02.506411,esp32-may-1,20260920_212208_van_chuyen_dem,232,27.2,65.0,484.0,1.0,339.0,1,0
2026-09-20T21:26:03.967814,esp32-may-1,20260920_212208_van_chuyen_dem,233,27.2,65.0,0.0,1.0,331.0,1,0
2026-09-20T21:26:04.898750,esp32-may-1,20260920_212208_van_chuyen_dem,234,27.2,65.0,14.0,1.0,327.0,1,0
2026-09-20T21:26:05.374014,esp32-may-1,20260920_212208_van_chuyen_dem,235,27.2,65.0,0.0,1.0,338.0,1,0
2026-09-20T21:26:06.178074,esp32-may-1,20260920_212208_van_chuyen_dem,236,27.2,65.0,0.0,1.0,339.0,1,0
2026-09-20T21:26:07.207347,esp32-may-1,20260920_212208_van_chuyen_dem,237,27.2,65.0,0.0,1.0,343.0,1,0
2026-09-20T21:26:08.445831,esp32-may-1,20260920_212208_van_chuyen_dem,238,27.2,65.0,0.0,1.0,342.0,1,0
2026-09-20T21:26:09.211822,esp32-may-1,20260920_212208_van_chuyen_dem,239,27.2,64.0,18.0,1.0,341.0,1,0
2026-09-20T21:26:10.494400,esp32-may-1,20260920_212208_van_chuyen_dem,240,27.2,64.0,0.0,1.0,342.0,1,0
2026-09-20T21:26:11.208545,esp32-may-1,20260920_212208_van_chuyen_dem,241,27.2,64.0,338.0,1.0,341.0,1,0
2026-09-20T21:26:12.338405,esp32-may-1,20260920_212208_van_chuyen_dem,242,27.2,64.0,0.0,1.0,341.0,1,0
2026-09-20T21:26:13.266323,esp32-may-1,20260920_212208_van_chuyen_dem,243,27.2,64.0,464.0,1.0,343.0,1,0
2026-09-20T21:26:14.176089,esp32-may-1,20260920_212208_van_chuyen_dem,244,27.2,64.0,172.0,1.0,341.0,1,0
2026-09-20T21:26:15.513458,esp32-may-1,20260920_212208_van_chuyen_dem,245,27.2,65.0,46.0,1.0,337.0,1,0
2026-09-20T21:26:16.433758,esp32-may-1,20260920_212208_van_chuyen_dem,246,27.2,65.0,458.0,1.0,330.0,1,0
2026-09-20T21:26:17.255114,esp32-may-1,20260920_212208_van_chuyen_dem,247,27.2,65.0,0.0,1.0,329.0,1,0
2026-09-20T21:26:18.592415,esp32-may-1,20260920_212208_van_chuyen_dem,248,27.2,65.0,142.0,1.0,339.0,1,0
2026-09-20T21:26:19.301800,esp32-may-1,20260920_212208_van_chuyen_dem,249,27.1,65.0,0.0,1.0,342.0,1,0
2026-09-20T21:26:20.324461,esp32-may-1,20260920_212208_van_chuyen_dem,250,27.1,65.0,0.0,1.0,331.0,1,0
2026-09-20T21:26:21.348342,esp32-may-1,20260920_212208_van_chuyen_dem,251,27.2,65.0,0.0,1.0,332.0,1,0
2026-09-20T21:26:22.269371,esp32-may-1,20260920_212208_van_chuyen_dem,252,27.2,65.0,0.0,1.0,347.0,1,0
2026-09-20T21:26:23.395876,esp32-may-1,20260920_212208_van_chuyen_dem,253,27.2,64.0,30.0,1.0,348.0,1,0
2026-09-20T21:26:24.216519,esp32-may-1,20260920_212208_van_chuyen_dem,254,27.2,64.0,0.0,1.0,345.0,1,0
2026-09-20T21:26:25.243916,esp32-may-1,20260920_212208_van_chuyen_dem,255,27.1,64.0,400.0,1.0,345.0,1,0
2026-09-20T21:26:26.262900,esp32-may-1,20260920_212208_van_chuyen_dem,256,27.1,64.0,0.0,1.0,343.0,1,0
2026-09-20T21:26:27.746028,esp32-may-1,20260920_212208_van_chuyen_dem,257,27.1,65.0,489.0,1.0,341.0,1,0
2026-09-20T21:26:29.129738,esp32-may-1,20260920_212208_van_chuyen_dem,258,27.1,65.0,160.0,1.0,343.0,1,0
2026-09-20T21:26:29.265445,esp32-may-1,20260920_212208_van_chuyen_dem,259,27.2,64.0,0.0,1.0,332.0,1,0
2026-09-20T21:26:30.243827,esp32-may-1,20260920_212208_van_chuyen_dem,260,27.2,64.0,438.0,1.0,343.0,1,0
2026-09-20T21:26:31.382609,esp32-may-1,20260920_212208_van_chuyen_dem,261,27.1,65.0,0.0,1.0,345.0,1,0
2026-09-20T21:26:32.406330,esp32-may-1,20260920_212208_van_chuyen_dem,262,27.1,65.0,15.0,1.0,342.0,1,0
2026-09-20T21:26:33.262686,esp32-may-1,20260920_212208_van_chuyen_dem,263,27.1,65.0,0.0,1.0,343.0,1,0
2026-09-20T21:26:34.454702,esp32-may-1,20260920_212208_van_chuyen_dem,264,27.1,65.0,0.0,1.0,343.0,1,0
2026-09-20T21:26:35.263774,esp32-may-1,20260920_212208_van_chuyen_dem,265,27.1,65.0,0.0,1.0,375.0,1,0
2026-09-20T21:26:37.419169,esp32-may-1,20260920_212208_van_chuyen_dem,266,27.1,65.0,0.0,1.0,379.0,1,0
2026-09-20T21:26:38.823192,esp32-may-1,20260920_212208_van_chuyen_dem,267,27.2,65.0,325.0,1.0,362.0,1,0
2026-09-20T21:26:39.224115,esp32-may-1,20260920_212208_van_chuyen_dem,268,27.2,65.0,193.0,1.0,375.0,1,0
2026-09-20T21:26:40.251852,esp32-may-1,20260920_212208_van_chuyen_dem,269,27.1,64.0,288.0,1.0,381.0,1,0
2026-09-20T21:26:41.233198,esp32-may-1,20260920_212208_van_chuyen_dem,270,27.1,64.0,495.0,1.0,379.0,1,0
2026-09-20T21:26:42.443438,esp32-may-1,20260920_212208_van_chuyen_dem,271,27.1,64.0,0.0,1.0,381.0,1,0
2026-09-20T21:26:43.229287,esp32-may-1,20260920_212208_van_chuyen_dem,272,27.1,64.0,576.0,1.0,382.0,1,0
2026-09-20T21:26:44.284511,esp32-may-1,20260920_212208_van_chuyen_dem,273,27.1,65.0,0.0,1.0,379.0,1,0
2026-09-20T21:26:45.309676,esp32-may-1,20260920_212208_van_chuyen_dem,274,27.1,65.0,368.0,1.0,378.0,1,0
2026-09-20T21:26:46.332318,esp32-may-1,20260920_212208_van_chuyen_dem,275,27.1,65.0,0.0,1.0,374.0,1,0
2026-09-20T21:26:47.356651,esp32-may-1,20260920_212208_van_chuyen_dem,276,27.1,65.0,0.0,1.0,374.0,1,0
2026-09-20T21:26:48.250447,esp32-may-1,20260920_212208_van_chuyen_dem,277,27.1,64.0,0.0,1.0,373.0,1,0
2026-09-20T21:26:49.231981,esp32-may-1,20260920_212208_van_chuyen_dem,278,27.1,64.0,0.0,1.0,375.0,1,0
2026-09-20T21:26:50.697344,esp32-may-1,20260920_212208_van_chuyen_dem,279,27.1,64.0,0.0,1.0,381.0,1,0
2026-09-20T21:26:51.861711,esp32-may-1,20260920_212208_van_chuyen_dem,280,27.1,64.0,0.0,1.0,379.0,1,0
2026-09-20T21:26:52.739213,esp32-may-1,20260920_212208_van_chuyen_dem,281,27.1,65.0,0.0,1.0,375.0,1,0
2026-09-20T21:26:53.225713,esp32-may-1,20260920_212208_van_chuyen_dem,282,27.1,65.0,0.0,1.0,377.0,1,0
2026-09-20T21:26:54.319347,esp32-may-1,20260920_212208_van_chuyen_dem,283,27.0,64.0,0.0,1.0,384.0,1,0
2026-09-20T21:26:55.345265,esp32-may-1,20260920_212208_van_chuyen_dem,284,27.0,64.0,0.0,1.0,380.0,1,0
2026-09-20T21:26:56.367620,esp32-may-1,20260920_212208_van_chuyen_dem,285,27.0,64.0,0.0,1.0,380.0,1,0
2026-09-20T21:26:57.228938,esp32-may-1,20260920_212208_van_chuyen_dem,286,27.0,64.0,0.0,1.0,375.0,1,0
2026-09-20T21:26:58.415018,esp32-may-1,20260920_212208_van_chuyen_dem,287,27.0,64.0,0.0,1.0,374.0,1,0
2026-09-20T21:26:59.232417,esp32-may-1,20260920_212208_van_chuyen_dem,288,27.0,64.0,0.0,1.0,369.0,1,0
2026-09-20T21:27:00.257788,esp32-may-1,20260920_212208_van_chuyen_dem,289,27.0,64.0,0.0,1.0,374.0,1,0
2026-09-20T21:27:01.285571,esp32-may-1,20260920_212208_van_chuyen_dem,290,27.0,64.0,0.0,1.0,369.0,1,0
2026-09-20T21:27:02.306183,esp32-may-1,20260920_212208_van_chuyen_dem,291,27.0,64.0,0.0,1.0,372.0,1,0
2026-09-20T21:27:03.534685,esp32-may-1,20260920_212208_van_chuyen_dem,292,27.0,64.0,174.0,1.0,371.0,1,0
2026-09-20T21:27:04.353849,esp32-may-1,20260920_212208_van_chuyen_dem,293,27.0,64.0,0.0,1.0,369.0,1,0
2026-09-20T21:27:05.378223,esp32-may-1,20260920_212208_van_chuyen_dem,294,27.0,64.0,488.0,1.0,368.0,1,0
2026-09-20T21:27:06.259158,esp32-may-1,20260920_212208_van_chuyen_dem,295,27.0,64.0,0.0,1.0,368.0,1,0
2026-09-20T21:27:07.222698,esp32-may-1,20260920_212208_van_chuyen_dem,296,27.0,64.0,483.0,1.0,368.0,1,0
2026-09-20T21:27:08.450050,esp32-may-1,20260920_212208_van_chuyen_dem,297,27.0,64.0,194.0,1.0,368.0,1,0
2026-09-20T21:27:09.269250,esp32-may-1,20260920_212208_van_chuyen_dem,298,27.0,64.0,205.0,1.0,369.0,1,0
2026-09-20T21:27:10.251684,esp32-may-1,20260920_212208_van_chuyen_dem,299,27.0,64.0,482.0,1.0,368.0,1,0
2026-09-20T21:27:11.316887,esp32-may-1,20260920_212208_van_chuyen_dem,300,27.0,64.0,16.0,1.0,368.0,1,0
2026-09-20T21:27:12.345635,esp32-may-1,20260920_212208_van_chuyen_dem,301,27.0,64.0,495.0,1.0,368.0,1,0
2026-09-20T21:27:13.365579,esp32-may-1,20260920_212208_van_chuyen_dem,302,27.0,64.0,0.0,1.0,370.0,1,0
2026-09-20T21:27:14.988068,esp32-may-1,20260920_212208_van_chuyen_dem,303,27.0,64.0,225.0,1.0,368.0,1,0
2026-09-20T21:27:16.003554,esp32-may-1,20260920_212208_van_chuyen_dem,304,27.0,64.0,0.0,1.0,368.0,1,0
2026-09-20T21:27:16.438282,esp32-may-1,20260920_212208_van_chuyen_dem,305,27.0,64.0,0.0,1.0,354.0,1,0
2026-09-20T21:27:17.793320,esp32-may-1,20260920_212208_van_chuyen_dem,306,27.0,64.0,0.0,1.0,355.0,1,0
2026-09-20T21:27:18.485382,esp32-may-1,20260920_212208_van_chuyen_dem,307,27.0,64.0,0.0,1.0,358.0,1,0
2026-09-20T21:27:19.508305,esp32-may-1,20260920_212208_van_chuyen_dem,308,27.0,64.0,46.0,1.0,359.0,1,0
2026-09-20T21:27:20.329038,esp32-may-1,20260920_212208_van_chuyen_dem,309,27.0,64.0,0.0,1.0,357.0,1,0
2026-09-20T21:27:21.257850,esp32-may-1,20260920_212208_van_chuyen_dem,310,27.0,64.0,398.0,1.0,357.0,1,0
2026-09-20T21:27:22.375412,esp32-may-1,20260920_212208_van_chuyen_dem,311,27.0,64.0,0.0,1.0,364.0,1,0
2026-09-20T21:27:23.399653,esp32-may-1,20260920_212208_van_chuyen_dem,312,27.0,64.0,490.0,1.0,360.0,1,0
2026-09-20T21:27:24.284123,esp32-may-1,20260920_212208_van_chuyen_dem,313,27.0,64.0,0.0,1.0,363.0,1,0
2026-09-20T21:27:25.266976,esp32-may-1,20260920_212208_van_chuyen_dem,314,27.0,64.0,543.0,1.0,359.0,1,0
2026-09-20T21:27:26.281181,esp32-may-1,20260920_212208_van_chuyen_dem,315,27.0,64.0,0.0,1.0,361.0,1,0
2026-09-20T21:27:27.291765,esp32-may-1,20260920_212208_van_chuyen_dem,316,27.0,64.0,541.0,1.0,358.0,1,0
2026-09-20T21:27:28.285728,esp32-may-1,20260920_212208_van_chuyen_dem,317,27.0,64.0,47.0,1.0,355.0,1,0
2026-09-20T21:27:29.339208,esp32-may-1,20260920_212208_van_chuyen_dem,318,27.0,64.0,487.0,1.0,356.0,1,0
2026-09-20T21:27:30.365490,esp32-may-1,20260920_212208_van_chuyen_dem,319,27.0,65.0,211.0,1.0,357.0,1,0
2026-09-20T21:27:31.387945,esp32-may-1,20260920_212208_van_chuyen_dem,320,27.0,65.0,357.0,1.0,359.0,1,0
2026-09-20T21:27:32.411988,esp32-may-1,20260920_212208_van_chuyen_dem,321,27.0,64.0,392.0,1.0,355.0,1,0
2026-09-20T21:27:33.258984,esp32-may-1,20260920_212208_van_chuyen_dem,322,27.0,64.0,271.0,1.0,359.0,1,0
2026-09-20T21:27:34.459083,esp32-may-1,20260920_212208_van_chuyen_dem,323,27.0,64.0,496.0,1.0,355.0,1,0
2026-09-20T21:27:35.259171,esp32-may-1,20260920_212208_van_chuyen_dem,324,27.0,64.0,263.0,1.0,359.0,1,0
2026-09-20T21:27:36.814187,esp32-may-1,20260920_212208_van_chuyen_dem,325,27.0,64.0,560.0,1.0,357.0,1,0
2026-09-20T21:27:37.428762,esp32-may-1,20260920_212208_van_chuyen_dem,326,27.0,64.0,207.0,1.0,354.0,1,0
2026-09-20T21:27:39.165899,esp32-may-1,20260920_212208_van_chuyen_dem,327,27.0,64.0,557.0,1.0,353.0,1,0
2026-09-20T21:27:40.188256,esp32-may-1,20260920_212208_van_chuyen_dem,328,27.0,64.0,242.0,1.0,339.0,1,0
2026-09-20T21:27:40.508394,esp32-may-1,20260920_212208_van_chuyen_dem,329,27.0,64.0,0.0,1.0,336.0,1,0
2026-09-20T21:27:41.527234,esp32-may-1,20260920_212208_van_chuyen_dem,330,27.0,64.0,148.0,1.0,355.0,1,0
2026-09-20T21:27:42.549257,esp32-may-1,20260920_212208_van_chuyen_dem,331,27.0,64.0,0.0,1.0,357.0,1,0
2026-09-20T21:27:43.322748,esp32-may-1,20260920_212208_van_chuyen_dem,332,27.0,64.0,29.0,1.0,358.0,1,0
2026-09-20T21:27:44.350253,esp32-may-1,20260920_212208_van_chuyen_dem,333,27.0,64.0,0.0,1.0,355.0,1,0
2026-09-20T21:27:45.428474,esp32-may-1,20260920_212208_van_chuyen_dem,334,27.0,64.0,0.0,1.0,355.0,1,0
2026-09-20T21:27:46.441159,esp32-may-1,20260920_212208_van_chuyen_dem,335,27.0,64.0,0.0,1.0,353.0,1,0
2026-09-20T21:27:47.327652,esp32-may-1,20260920_212208_van_chuyen_dem,336,27.0,64.0,0.0,1.0,357.0,1,0
2026-09-20T21:27:48.543349,esp32-may-1,20260920_212208_van_chuyen_dem,337,27.0,64.0,0.0,1.0,355.0,1,0
2026-09-20T21:27:49.599966,esp32-may-1,20260920_212208_van_chuyen_dem,338,27.0,64.0,0.0,1.0,357.0,1,0
2026-09-20T21:27:50.351912,esp32-may-1,20260920_212208_van_chuyen_dem,339,27.0,64.0,0.0,1.0,359.0,1,0
2026-09-20T21:27:51.354575,esp32-may-1,20260920_212208_van_chuyen_dem,340,27.0,64.0,0.0,1.0,356.0,1,0
2026-09-20T21:27:52.382589,esp32-may-1,20260920_212208_van_chuyen_dem,341,27.0,64.0,20.0,1.0,356.0,1,0
2026-09-20T21:27:53.408276,esp32-may-1,20260920_212208_van_chuyen_dem,342,27.0,64.0,0.0,1.0,359.0,1,0
2026-09-20T21:27:54.349069,esp32-may-1,20260920_212208_van_chuyen_dem,343,27.0,64.0,151.0,1.0,353.0,1,0
2026-09-20T21:27:55.359421,esp32-may-1,20260920_212208_van_chuyen_dem,344,27.0,64.0,0.0,1.0,357.0,1,0
2026-09-20T21:27:56.362925,esp32-may-1,20260920_212208_van_chuyen_dem,345,27.0,64.0,464.0,1.0,358.0,1,0
2026-09-20T21:27:57.329566,esp32-may-1,20260920_212208_van_chuyen_dem,346,27.0,64.0,7.0,1.0,357.0,1,0
2026-09-20T21:27:58.522348,esp32-may-1,20260920_212208_van_chuyen_dem,347,27.0,64.0,566.0,1.0,356.0,1,0
2026-09-20T21:27:59.341390,esp32-may-1,20260920_212208_van_chuyen_dem,348,27.0,64.0,112.0,1.0,359.0,1,0
2026-09-20T21:28:00.570196,esp32-may-1,20260920_212208_van_chuyen_dem,349,27.0,64.0,394.0,1.0,357.0,1,0
2026-09-20T21:28:01.389446,esp32-may-1,20260920_212208_van_chuyen_dem,350,27.0,64.0,448.0,1.0,359.0,1,0
2026-09-20T21:28:02.471361,esp32-may-1,20260920_212208_van_chuyen_dem,351,27.0,64.0,0.0,1.0,355.0,1,0
2026-09-20T21:28:04.361923,esp32-may-1,20260920_212208_van_chuyen_dem,352,27.0,64.0,586.0,1.0,357.0,1,0
2026-09-20T21:28:04.866685,esp32-may-1,20260920_212208_van_chuyen_dem,353,27.0,64.0,471.0,1.0,338.0,1,0
2026-09-20T21:28:05.517767,esp32-may-1,20260920_212208_van_chuyen_dem,354,27.0,64.0,0.0,1.0,357.0,1,0
2026-09-20T21:28:06.719585,esp32-may-1,20260920_212208_van_chuyen_dem,355,27.0,64.0,593.0,1.0,357.0,1,0
2026-09-20T21:28:07.514801,esp32-may-1,20260920_212208_van_chuyen_dem,356,27.0,64.0,87.0,1.0,355.0,1,0
2026-09-20T21:28:08.762999,esp32-may-1,20260920_212208_van_chuyen_dem,357,27.0,64.0,579.0,1.0,353.0,1,0
2026-09-20T21:28:09.583693,esp32-may-1,20260920_212208_van_chuyen_dem,358,27.0,64.0,339.0,1.0,357.0,1,0
2026-09-20T21:28:10.608399,esp32-may-1,20260920_212208_van_chuyen_dem,359,27.0,64.0,340.0,1.0,356.0,1,0
2026-09-20T21:28:11.632774,esp32-may-1,20260920_212208_van_chuyen_dem,360,27.0,64.0,524.0,1.0,465.0,1,0
2026-09-20T21:28:12.654423,esp32-may-1,20260920_212208_van_chuyen_dem,361,27.0,64.0,16.0,1.0,398.0,1,0
2026-09-20T21:28:13.677953,esp32-may-1,20260920_212208_van_chuyen_dem,362,27.0,64.0,560.0,1.0,405.0,1,0
2026-09-20T21:28:14.541269,esp32-may-1,20260920_212208_van_chuyen_dem,363,27.0,64.0,0.0,1.0,400.0,1,0
2026-09-20T21:28:15.523185,esp32-may-1,20260920_212208_van_chuyen_dem,364,27.0,64.0,528.0,1.0,399.0,1,0
2026-09-20T21:28:16.748560,esp32-may-1,20260920_212208_van_chuyen_dem,365,27.0,64.0,0.0,1.0,400.0,1,0
2026-09-20T21:28:17.519673,esp32-may-1,20260920_212208_van_chuyen_dem,366,27.0,64.0,502.0,1.0,402.0,1,0
2026-09-20T21:28:18.801279,esp32-may-1,20260920_212208_van_chuyen_dem,367,26.9,64.0,0.0,1.0,409.0,1,0
2026-09-20T21:28:19.615915,esp32-may-1,20260920_212208_van_chuyen_dem,368,26.9,64.0,493.0,1.0,415.0,1,0
2026-09-20T21:28:20.541452,esp32-may-1,20260920_212208_van_chuyen_dem,369,27.0,64.0,0.0,1.0,400.0,1,0
2026-09-20T21:28:21.665466,esp32-may-1,20260920_212208_van_chuyen_dem,370,27.0,64.0,528.0,1.0,391.0,1,0
2026-09-20T21:28:22.687424,esp32-may-1,20260920_212208_van_chuyen_dem,371,27.0,64.0,0.0,1.0,385.0,1,0
2026-09-20T21:28:23.731354,esp32-may-1,20260920_212208_van_chuyen_dem,372,27.0,64.0,557.0,1.0,405.0,1,0
2026-09-20T21:28:24.738378,esp32-may-1,20260920_212208_van_chuyen_dem,373,26.9,64.0,77.0,1.0,410.0,1,0
2026-09-20T21:28:25.554779,esp32-may-1,20260920_212208_van_chuyen_dem,374,26.9,64.0,409.0,1.0,410.0,1,0
2026-09-20T21:28:27.555144,esp32-may-1,20260920_212208_van_chuyen_dem,375,26.9,64.0,501.0,1.0,408.0,1,0
2026-09-20T21:28:28.489755,esp32-may-1,20260920_212208_van_chuyen_dem,376,26.9,64.0,0.0,1.0,394.0,1,0
2026-09-20T21:28:29.085040,esp32-may-1,20260920_212208_van_chuyen_dem,377,26.9,64.0,0.0,1.0,395.0,1,0
2026-09-20T21:28:29.857304,esp32-may-1,20260920_212208_van_chuyen_dem,378,26.9,64.0,0.0,1.0,410.0,1,0
2026-09-20T21:28:30.756306,esp32-may-1,20260920_212208_van_chuyen_dem,379,27.0,65.0,0.0,1.0,411.0,1,0
2026-09-20T21:28:31.909171,esp32-may-1,20260920_212208_van_chuyen_dem,380,27.0,65.0,528.0,1.0,411.0,1,0
2026-09-20T21:28:32.936758,esp32-may-1,20260920_212208_van_chuyen_dem,381,26.9,65.0,0.0,1.0,410.0,1,0
2026-09-20T21:28:33.751322,esp32-may-1,20260920_212208_van_chuyen_dem,382,26.9,65.0,285.0,1.0,409.0,1,0
2026-09-20T21:28:34.976104,esp32-may-1,20260920_212208_van_chuyen_dem,383,26.9,64.0,565.0,1.0,412.0,1,0
2026-09-20T21:28:35.730793,esp32-may-1,20260920_212208_van_chuyen_dem,384,26.9,64.0,0.0,1.0,410.0,1,0
2026-09-20T21:28:36.758242,esp32-may-1,20260920_212208_van_chuyen_dem,385,26.9,64.0,21.0,1.0,414.0,1,0
2026-09-20T21:28:38.355558,esp32-may-1,20260920_212208_van_chuyen_dem,386,26.9,64.0,0.0,1.0,418.0,1,0
2026-09-20T21:28:38.750107,esp32-may-1,20260920_212208_van_chuyen_dem,387,26.9,65.0,0.0,1.0,414.0,1,0
2026-09-20T21:28:39.732414,esp32-may-1,20260920_212208_van_chuyen_dem,388,26.9,65.0,368.0,1.0,413.0,1,0
2026-09-20T21:28:40.813563,esp32-may-1,20260920_212208_van_chuyen_dem,389,26.9,65.0,9.0,1.0,407.0,1,0
2026-09-20T21:28:41.836386,esp32-may-1,20260920_212208_van_chuyen_dem,390,26.9,65.0,119.0,1.0,413.0,1,0
2026-09-20T21:28:42.757553,esp32-may-1,20260920_212208_van_chuyen_dem,391,26.9,65.0,440.0,1.0,407.0,1,0
2026-09-20T21:28:43.734150,esp32-may-1,20260920_212208_van_chuyen_dem,392,26.9,65.0,0.0,1.0,406.0,1,0
2026-09-20T21:28:44.759320,esp32-may-1,20260920_212208_van_chuyen_dem,393,26.9,64.0,0.0,1.0,403.0,1,0
2026-09-20T21:28:45.933498,esp32-may-1,20260920_212208_van_chuyen_dem,394,26.9,64.0,0.0,1.0,407.0,1,0
2026-09-20T21:28:46.957872,esp32-may-1,20260920_212208_van_chuyen_dem,395,26.9,64.0,0.0,1.0,406.0,1,0
2026-09-20T21:28:47.732420,esp32-may-1,20260920_212208_van_chuyen_dem,396,26.9,64.0,531.0,1.0,409.0,1,0
2026-09-20T21:28:48.806087,esp32-may-1,20260920_212208_van_chuyen_dem,397,26.9,64.0,391.0,1.0,410.0,1,0
2026-09-20T21:28:49.824038,esp32-may-1,20260920_212208_van_chuyen_dem,398,26.9,64.0,35.0,1.0,406.0,1,0
2026-09-20T21:28:50.976317,esp32-may-1,20260920_212208_van_chuyen_dem,399,26.9,64.0,448.0,1.0,404.0,1,0
2026-09-20T21:28:52.283439,esp32-may-1,20260920_212208_van_chuyen_dem,400,26.9,64.0,0.0,1.0,403.0,1,0
2026-09-20T21:28:52.751220,esp32-may-1,20260920_212208_van_chuyen_dem,401,26.9,64.0,5.0,1.0,407.0,1,0
2026-09-20T21:28:53.920435,esp32-may-1,20260920_212208_van_chuyen_dem,402,26.9,64.0,0.0,1.0,403.0,1,0
2026-09-20T21:28:54.780992,esp32-may-1,20260920_212208_van_chuyen_dem,403,26.9,65.0,0.0,1.0,406.0,1,0
2026-09-20T21:28:55.762560,esp32-may-1,20260920_212208_van_chuyen_dem,404,26.9,65.0,0.0,1.0,474.0,1,0
2026-09-20T21:28:56.790563,esp32-may-1,20260920_212208_van_chuyen_dem,405,26.9,64.0,0.0,1.0,430.0,1,0
2026-09-20T21:28:57.732211,esp32-may-1,20260920_212208_van_chuyen_dem,406,26.9,64.0,401.0,1.0,402.0,1,0
2026-09-20T21:28:58.834825,esp32-may-1,20260920_212208_van_chuyen_dem,407,26.8,64.0,0.0,1.0,432.0,1,0
2026-09-20T21:28:59.729029,esp32-may-1,20260920_212208_van_chuyen_dem,408,26.8,64.0,570.0,1.0,417.0,1,0
2026-09-20T21:29:00.760076,esp32-may-1,20260920_212208_van_chuyen_dem,409,26.9,64.0,159.0,1.0,415.0,1,0
2026-09-20T21:29:01.731476,esp32-may-1,20260920_212208_van_chuyen_dem,410,26.9,64.0,319.0,1.0,413.0,1,0
2026-09-20T21:29:02.761801,esp32-may-1,20260920_212208_van_chuyen_dem,411,26.9,65.0,497.0,1.0,411.0,1,0
2026-09-20T21:29:03.750944,esp32-may-1,20260920_212208_van_chuyen_dem,412,26.9,65.0,16.0,1.0,413.0,1,0
2026-09-20T21:29:04.980061,esp32-may-1,20260920_212208_van_chuyen_dem,413,26.9,64.0,454.0,1.0,413.0,1,0
2026-09-20T21:29:05.796992,esp32-may-1,20260920_212208_van_chuyen_dem,414,26.9,64.0,0.0,1.0,414.0,1,0
2026-09-20T21:29:06.751112,esp32-may-1,20260920_212208_van_chuyen_dem,415,26.9,64.0,48.0,1.0,415.0,1,0
2026-09-20T21:29:07.848611,esp32-may-1,20260920_212208_van_chuyen_dem,416,26.9,64.0,0.0,1.0,413.0,1,0
2026-09-20T21:29:08.870279,esp32-may-1,20260920_212208_van_chuyen_dem,417,26.9,64.0,0.0,1.0,411.0,1,0
2026-09-20T21:29:10.099187,esp32-may-1,20260920_212208_van_chuyen_dem,418,26.9,64.0,0.0,1.0,410.0,1,0
2026-09-20T21:29:10.753087,esp32-may-1,20260920_212208_van_chuyen_dem,419,26.9,64.0,0.0,1.0,408.0,1,0
2026-09-20T21:29:11.735665,esp32-may-1,20260920_212208_van_chuyen_dem,420,26.9,64.0,0.0,1.0,407.0,1,0
2026-09-20T21:29:12.964729,esp32-may-1,20260920_212208_van_chuyen_dem,421,26.9,64.0,0.0,1.0,406.0,1,0
2026-09-20T21:29:14.116526,esp32-may-1,20260920_212208_van_chuyen_dem,422,26.9,64.0,395.0,1.0,404.0,1,0
2026-09-20T21:29:15.922138,esp32-may-1,20260920_212208_van_chuyen_dem,423,26.9,64.0,0.0,1.0,402.0,1,0
2026-09-20T21:29:16.248261,esp32-may-1,20260920_212208_van_chuyen_dem,424,26.9,64.0,429.0,1.0,384.0,1,0
2026-09-20T21:29:17.264995,esp32-may-1,20260920_212208_van_chuyen_dem,425,26.9,64.0,25.0,1.0,400.0,1,0
2026-09-20T21:29:18.035876,esp32-may-1,20260920_212208_van_chuyen_dem,426,26.9,64.0,482.0,1.0,390.0,1,0
2026-09-20T21:29:19.108144,esp32-may-1,20260920_212208_van_chuyen_dem,427,26.9,64.0,128.0,1.0,389.0,1,0
2026-09-20T21:29:20.032383,esp32-may-1,20260920_212208_van_chuyen_dem,428,26.9,64.0,294.0,1.0,387.0,1,0
2026-09-20T21:29:21.156396,esp32-may-1,20260920_212208_van_chuyen_dem,429,26.9,64.0,445.0,1.0,389.0,1,0
2026-09-20T21:29:22.181313,esp32-may-1,20260920_212208_van_chuyen_dem,430,26.9,64.0,255.0,1.0,390.0,1,0
2026-09-20T21:29:23.055659,esp32-may-1,20260920_212208_van_chuyen_dem,431,26.9,64.0,381.0,1.0,385.0,1,0
2026-09-20T21:29:24.435102,esp32-may-1,20260920_212208_van_chuyen_dem,432,26.9,64.0,215.0,1.0,391.0,1,0
2026-09-20T21:29:25.050699,esp32-may-1,20260920_212208_van_chuyen_dem,433,26.9,64.0,478.0,1.0,386.0,1,0
2026-09-20T21:29:26.066126,esp32-may-1,20260920_212208_van_chuyen_dem,434,26.9,64.0,287.0,1.0,385.0,1,0
2026-09-20T21:29:27.095487,esp32-may-1,20260920_212208_van_chuyen_dem,435,26.8,64.0,471.0,1.0,384.0,1,0
2026-09-20T21:29:28.119155,esp32-may-1,20260920_212208_van_chuyen_dem,436,26.8,64.0,379.0,1.0,383.0,1,0
2026-09-20T21:29:29.143176,esp32-may-1,20260920_212208_van_chuyen_dem,437,26.8,64.0,208.0,1.0,384.0,1,0
2026-09-20T21:29:30.023766,esp32-may-1,20260920_212208_van_chuyen_dem,438,26.8,64.0,448.0,1.0,381.0,1,0
2026-09-20T21:29:31.197065,esp32-may-1,20260920_212208_van_chuyen_dem,439,26.9,64.0,259.0,1.0,384.0,1,0
2026-09-20T21:29:32.214843,esp32-may-1,20260920_212208_van_chuyen_dem,440,26.9,64.0,524.0,1.0,384.0,1,0
2026-09-20T21:29:33.138017,esp32-may-1,20260920_212208_van_chuyen_dem,441,26.8,64.0,0.0,1.0,381.0,1,0
2026-09-20T21:29:34.061066,esp32-may-1,20260920_212208_van_chuyen_dem,442,26.8,64.0,526.0,1.0,381.0,1,0
2026-09-20T21:29:35.084038,esp32-may-1,20260920_212208_van_chuyen_dem,443,26.8,64.0,0.0,1.0,377.0,1,0
2026-09-20T21:29:36.168774,esp32-may-1,20260920_212208_van_chuyen_dem,444,26.8,64.0,496.0,1.0,381.0,1,0
2026-09-20T21:29:38.040919,esp32-may-1,20260920_212208_van_chuyen_dem,445,26.8,64.0,0.0,1.0,377.0,1,0
2026-09-20T21:29:39.658649,esp32-may-1,20260920_212208_van_chuyen_dem,446,26.8,64.0,258.0,1.0,362.0,1,0
2026-09-20T21:29:40.591953,esp32-may-1,20260920_212208_van_chuyen_dem,447,26.8,64.0,72.0,1.0,357.0,1,0
2026-09-20T21:29:41.532829,esp32-may-1,20260920_212208_van_chuyen_dem,448,26.8,64.0,0.0,1.0,353.0,1,0
2026-09-20T21:29:41.796220,esp32-may-1,20260920_212208_van_chuyen_dem,449,26.8,64.0,240.0,1.0,378.0,1,0
2026-09-20T21:29:42.775661,esp32-may-1,20260920_212208_van_chuyen_dem,450,26.8,64.0,0.0,1.0,379.0,1,0
2026-09-20T21:29:43.803286,esp32-may-1,20260920_212208_van_chuyen_dem,451,26.9,64.0,439.0,1.0,377.0,1,0
2026-09-20T21:29:45.030941,esp32-may-1,20260920_212208_van_chuyen_dem,452,26.9,64.0,0.0,1.0,378.0,1,0
2026-09-20T21:29:45.800079,esp32-may-1,20260920_212208_van_chuyen_dem,453,26.8,64.0,534.0,1.0,381.0,1,0
2026-09-20T21:29:46.858751,esp32-may-1,20260920_212208_van_chuyen_dem,454,26.8,64.0,16.0,1.0,382.0,1,0
2026-09-20T21:29:47.802865,esp32-may-1,20260920_212208_van_chuyen_dem,455,26.8,64.0,499.0,1.0,377.0,1,0
2026-09-20T21:29:48.907611,esp32-may-1,20260920_212208_van_chuyen_dem,456,26.8,64.0,157.0,1.0,384.0,1,0
2026-09-20T21:29:49.931217,esp32-may-1,20260920_212208_van_chuyen_dem,457,26.8,64.0,351.0,1.0,381.0,1,0
2026-09-20T21:29:50.771716,esp32-may-1,20260920_212208_van_chuyen_dem,458,26.8,64.0,464.0,1.0,381.0,1,0
2026-09-20T21:29:51.801243,esp32-may-1,20260920_212208_van_chuyen_dem,459,26.8,64.0,16.0,1.0,382.0,1,0
2026-09-20T21:29:52.799716,esp32-may-1,20260920_212208_van_chuyen_dem,460,26.8,64.0,528.0,1.0,383.0,1,0
2026-09-20T21:29:53.795768,esp32-may-1,20260920_212208_van_chuyen_dem,461,26.8,64.0,0.0,1.0,382.0,1,0
2026-09-20T21:29:54.849176,esp32-may-1,20260920_212208_van_chuyen_dem,462,26.8,64.0,525.0,1.0,382.0,1,0
2026-09-20T21:29:55.869002,esp32-may-1,20260920_212208_van_chuyen_dem,463,26.8,64.0,0.0,1.0,381.0,1,0
2026-09-20T21:29:56.774354,esp32-may-1,20260920_212208_van_chuyen_dem,464,26.8,64.0,479.0,1.0,384.0,1,0
2026-09-20T21:29:57.801575,esp32-may-1,20260920_212208_van_chuyen_dem,465,26.8,64.0,0.0,1.0,384.0,1,0
2026-09-20T21:29:58.943407,esp32-may-1,20260920_212208_van_chuyen_dem,466,26.8,64.0,479.0,1.0,396.0,1,0
2026-09-20T21:29:59.795848,esp32-may-1,20260920_212208_van_chuyen_dem,467,26.8,64.0,0.0,1.0,381.0,1,0
2026-09-20T21:30:00.893159,esp32-may-1,20260920_212208_van_chuyen_dem,468,26.8,64.0,454.0,1.0,423.0,1,0
2026-09-20T21:30:02.013498,esp32-may-1,20260920_212208_van_chuyen_dem,469,26.6,64.0,0.0,1.0,494.0,1,0
2026-09-20T21:30:04.675183,esp32-may-1,20260920_212208_van_chuyen_dem,470,26.6,64.0,487.0,1.0,493.0,1,0
2026-09-20T21:30:04.813494,esp32-may-1,20260920_212208_van_chuyen_dem,471,26.6,63.0,451.0,1.0,471.0,1,0
2026-09-20T21:30:05.904099,esp32-may-1,20260920_212208_van_chuyen_dem,472,26.6,63.0,0.0,1.0,496.0,1,0
2026-09-20T21:30:06.810467,esp32-may-1,20260920_212208_van_chuyen_dem,473,26.5,64.0,528.0,1.0,496.0,1,0
2026-09-20T21:30:07.792619,esp32-may-1,20260920_212208_van_chuyen_dem,474,26.5,64.0,0.0,1.0,497.0,1,0
2026-09-20T21:30:08.827376,esp32-may-1,20260920_212208_van_chuyen_dem,475,26.5,63.0,459.0,1.0,499.0,1,0
2026-09-20T21:30:10.212307,esp32-may-1,20260920_212208_van_chuyen_dem,476,26.5,63.0,0.0,1.0,500.0,1,0
2026-09-20T21:30:10.814747,esp32-may-1,20260920_212208_van_chuyen_dem,477,26.5,64.0,218.0,1.0,497.0,1,0
2026-09-20T21:30:11.947226,esp32-may-1,20260920_212208_van_chuyen_dem,478,26.5,64.0,0.0,1.0,505.0,1,0
2026-09-20T21:30:12.873296,esp32-may-1,20260920_212208_van_chuyen_dem,479,26.4,63.0,99.0,1.0,511.0,1,0
2026-09-20T21:30:13.789251,esp32-may-1,20260920_212208_van_chuyen_dem,480,26.4,63.0,0.0,1.0,511.0,1,0
2026-09-20T21:30:14.917644,esp32-may-1,20260920_212208_van_chuyen_dem,481,26.3,63.0,37.0,1.0,530.0,1,0
2026-09-20T21:30:15.797255,esp32-may-1,20260920_212208_van_chuyen_dem,482,26.3,63.0,0.0,1.0,537.0,1,0
2026-09-20T21:30:16.962851,esp32-may-1,20260920_212208_van_chuyen_dem,483,26.3,63.0,0.0,1.0,528.0,1,0
2026-09-20T21:30:18.197653,esp32-may-1,20260920_212208_van_chuyen_dem,484,26.3,63.0,0.0,1.0,533.0,1,0
2026-09-20T21:30:18.811703,esp32-may-1,20260920_212208_van_chuyen_dem,485,26.3,63.0,0.0,1.0,533.0,1,0
2026-09-20T21:30:19.837238,esp32-may-1,20260920_212208_van_chuyen_dem,486,26.3,63.0,0.0,1.0,545.0,1,0
2026-09-20T21:30:20.814443,esp32-may-1,20260920_212208_van_chuyen_dem,487,26.3,63.0,0.0,1.0,544.0,1,0
2026-09-20T21:30:21.877012,esp32-may-1,20260920_212208_van_chuyen_dem,488,26.3,63.0,0.0,1.0,545.0,1,0
2026-09-20T21:30:22.908399,esp32-may-1,20260920_212208_van_chuyen_dem,489,26.1,63.0,0.0,1.0,545.0,1,0
2026-09-20T21:30:23.934030,esp32-may-1,20260920_212208_van_chuyen_dem,490,26.1,63.0,0.0,1.0,547.0,1,0
2026-09-20T21:30:25.052134,esp32-may-1,20260920_212208_van_chuyen_dem,491,26.2,63.0,0.0,1.0,547.0,1,0
2026-09-20T21:30:26.269352,esp32-may-1,20260920_212208_van_chuyen_dem,492,26.2,63.0,0.0,1.0,539.0,1,0
2026-09-20T21:30:27.897485,esp32-may-1,20260920_212208_van_chuyen_dem,493,26.2,63.0,0.0,1.0,540.0,1,0
2026-09-20T21:30:28.853278,esp32-may-1,20260920_212208_van_chuyen_dem,494,26.2,63.0,389.0,1.0,511.0,1,0
2026-09-20T21:30:29.162796,esp32-may-1,20260920_212208_van_chuyen_dem,495,26.4,63.0,4.0,1.0,510.0,1,0
2026-09-20T21:30:30.276493,esp32-may-1,20260920_212208_van_chuyen_dem,496,26.4,63.0,461.0,1.0,535.0,1,0
2026-09-20T21:30:31.318545,esp32-may-1,20260920_212208_van_chuyen_dem,497,26.3,63.0,113.0,1.0,533.0,1,0
2026-09-20T21:30:32.321915,esp32-may-1,20260920_212208_van_chuyen_dem,498,26.3,63.0,464.0,1.0,532.0,1,0
2026-09-20T21:30:33.166601,esp32-may-1,20260920_212208_van_chuyen_dem,499,26.3,63.0,275.0,1.0,534.0,1,0
2026-09-20T21:30:34.165642,esp32-may-1,20260920_212208_van_chuyen_dem,500,26.3,63.0,586.0,1.0,541.0,1,0
2026-09-20T21:30:35.297588,esp32-may-1,20260920_212208_van_chuyen_dem,501,26.4,63.0,35.0,1.0,536.0,1,0
2026-09-20T21:30:37.134629,esp32-may-1,20260920_212208_van_chuyen_dem,502,26.4,63.0,592.0,1.0,535.0,1,0
2026-09-20T21:30:37.267321,esp32-may-1,20260920_212208_van_chuyen_dem,503,26.4,63.0,0.0,1.0,511.0,1,0
2026-09-20T21:30:38.467682,esp32-may-1,20260920_212208_van_chuyen_dem,504,26.4,63.0,242.0,1.0,535.0,1,0
2026-09-20T21:30:39.262160,esp32-may-1,20260920_212208_van_chuyen_dem,505,26.3,63.0,0.0,1.0,535.0,1,0
2026-09-20T21:30:40.243308,esp32-may-1,20260920_212208_van_chuyen_dem,506,26.3,63.0,0.0,1.0,537.0,1,0
2026-09-20T21:30:41.339155,esp32-may-1,20260920_212208_van_chuyen_dem,507,26.3,63.0,0.0,1.0,532.0,1,0
2026-09-20T21:30:42.356934,esp32-may-1,20260920_212208_van_chuyen_dem,508,26.3,63.0,0.0,1.0,537.0,1,0
2026-09-20T21:30:43.387413,esp32-may-1,20260920_212208_van_chuyen_dem,509,26.3,63.0,18.0,1.0,534.0,1,0
2026-09-20T21:30:44.247611,esp32-may-1,20260920_212208_van_chuyen_dem,510,26.3,63.0,0.0,1.0,534.0,1,0
2026-09-20T21:30:45.436834,esp32-may-1,20260920_212208_van_chuyen_dem,511,26.3,63.0,369.0,1.0,538.0,1,0
2026-09-20T21:30:46.250138,esp32-may-1,20260920_212208_van_chuyen_dem,512,26.3,63.0,0.0,1.0,537.0,1,0
2026-09-20T21:30:47.274957,esp32-may-1,20260920_212208_van_chuyen_dem,513,26.3,63.0,675.0,1.0,533.0,1,0
2026-09-20T21:30:48.255371,esp32-may-1,20260920_212208_van_chuyen_dem,514,26.3,63.0,192.0,1.0,537.0,1,0
2026-09-20T21:30:49.330262,esp32-may-1,20260920_212208_van_chuyen_dem,515,26.3,63.0,189.0,1.0,533.0,1,0
2026-09-20T21:30:50.289255,esp32-may-1,20260920_212208_van_chuyen_dem,516,26.3,63.0,608.0,1.0,534.0,1,0
2026-09-20T21:30:52.226762,esp32-may-1,20260920_212208_van_chuyen_dem,517,26.3,63.0,0.0,1.0,533.0,1,0
2026-09-20T21:30:52.800427,esp32-may-1,20260920_212208_van_chuyen_dem,518,26.3,63.0,557.0,1.0,511.0,1,0
2026-09-20T21:30:53.471473,esp32-may-1,20260920_212208_van_chuyen_dem,519,26.3,63.0,0.0,1.0,533.0,1,0
2026-09-20T21:30:54.439881,esp32-may-1,20260920_212208_van_chuyen_dem,520,26.3,63.0,118.0,1.0,537.0,1,0
2026-09-20T21:30:55.669559,esp32-may-1,20260920_212208_van_chuyen_dem,521,26.3,63.0,0.0,1.0,533.0,1,0
2026-09-20T21:30:56.439742,esp32-may-1,20260920_212208_van_chuyen_dem,522,26.3,63.0,0.0,1.0,532.0,1,0
2026-09-20T21:30:57.469991,esp32-may-1,20260920_212208_van_chuyen_dem,523,26.3,63.0,34.0,1.0,532.0,1,0
2026-09-20T21:30:58.435081,esp32-may-1,20260920_212208_van_chuyen_dem,524,26.3,63.0,0.0,1.0,534.0,1,0
2026-09-20T21:30:59.462845,esp32-may-1,20260920_212208_van_chuyen_dem,525,26.3,63.0,609.0,1.0,528.0,1,0
2026-09-20T21:31:00.744177,esp32-may-1,20260920_212208_van_chuyen_dem,526,26.3,63.0,78.0,1.0,511.0,1,0
2026-09-20T21:31:01.610559,esp32-may-1,20260920_212208_van_chuyen_dem,527,26.4,64.0,274.0,1.0,493.0,1,0
2026-09-20T21:31:02.633115,esp32-may-1,20260920_212208_van_chuyen_dem,528,26.4,64.0,598.0,1.0,524.0,1,0
2026-09-20T21:31:03.708750,esp32-may-1,20260920_212208_van_chuyen_dem,529,26.4,63.0,0.0,1.0,524.0,1,0
2026-09-20T21:31:04.680309,esp32-may-1,20260920_212208_van_chuyen_dem,530,26.4,63.0,0.0,1.0,511.0,1,0
2026-09-20T21:31:05.467568,esp32-may-1,20260920_212208_van_chuyen_dem,531,26.2,63.0,0.0,1.0,539.0,1,0
2026-09-20T21:31:06.524199,esp32-may-1,20260920_212208_van_chuyen_dem,532,26.2,63.0,0.0,1.0,537.0,1,0
2026-09-20T21:31:07.457831,esp32-may-1,20260920_212208_van_chuyen_dem,533,26.0,62.0,57.0,1.0,558.0,1,0
2026-09-20T21:31:08.469560,esp32-may-1,20260920_212208_van_chuyen_dem,534,26.0,62.0,0.0,1.0,540.0,1,0
2026-09-20T21:31:09.499704,esp32-may-1,20260920_212208_van_chuyen_dem,535,25.9,63.0,528.0,1.0,545.0,1,0
2026-09-20T21:31:10.620374,esp32-may-1,20260920_212208_van_chuyen_dem,536,25.9,63.0,48.0,1.0,564.0,1,0
2026-09-20T21:31:11.462472,esp32-may-1,20260920_212208_van_chuyen_dem,537,26.0,63.0,375.0,1.0,559.0,1,0
2026-09-20T21:31:12.467643,esp32-may-1,20260920_212208_van_chuyen_dem,538,26.0,63.0,591.0,1.0,558.0,1,0
2026-09-20T21:31:13.690739,esp32-may-1,20260920_212208_van_chuyen_dem,539,26.0,63.0,0.0,1.0,561.0,1,0
2026-09-20T21:31:14.716422,esp32-may-1,20260920_212208_van_chuyen_dem,540,26.0,63.0,400.0,1.0,561.0,1,0
2026-09-20T21:31:15.955711,esp32-may-1,20260920_212208_van_chuyen_dem,541,26.0,62.0,0.0,1.0,560.0,1,0
2026-09-20T21:31:16.970961,esp32-may-1,20260920_212208_van_chuyen_dem,542,26.0,62.0,0.0,1.0,543.0,1,0
2026-09-20T21:31:17.462615,esp32-may-1,20260920_212208_van_chuyen_dem,543,26.1,62.0,0.0,1.0,560.0,1,0
2026-09-20T21:31:18.606040,esp32-may-1,20260920_212208_van_chuyen_dem,544,26.1,62.0,0.0,1.0,560.0,1,0
2026-09-20T21:31:19.460275,esp32-may-1,20260920_212208_van_chuyen_dem,545,26.0,62.0,362.0,1.0,557.0,1,0
2026-09-20T21:31:20.729761,esp32-may-1,20260920_212208_van_chuyen_dem,546,26.0,62.0,59.0,1.0,560.0,1,0
2026-09-20T21:31:21.480764,esp32-may-1,20260920_212208_van_chuyen_dem,547,26.0,62.0,528.0,1.0,556.0,1,0
2026-09-20T21:31:22.502336,esp32-may-1,20260920_212208_van_chuyen_dem,548,26.0,62.0,604.0,1.0,559.0,1,0
2026-09-20T21:31:23.460822,esp32-may-1,20260920_212208_van_chuyen_dem,549,26.0,63.0,0.0,1.0,558.0,1,0
2026-09-20T21:31:24.778776,esp32-may-1,20260920_212208_van_chuyen_dem,550,26.0,63.0,0.0,1.0,557.0,1,0
2026-09-20T21:31:25.568100,esp32-may-1,20260920_212208_van_chuyen_dem,551,26.1,63.0,0.0,1.0,546.0,1,0
2026-09-20T21:44:31.169736,esp32-may-1,20260920_214430_hang_hoa_che_khuat,1,26.7,62.0,2112.0,1.0,192.0,1,0
2026-09-20T21:44:32.391032,esp32-may-1,20260920_214430_hang_hoa_che_khuat,2,26.8,62.0,2107.0,1.0,194.0,1,0
2026-09-20T21:44:33.127688,esp32-may-1,20260920_214430_hang_hoa_che_khuat,3,26.8,62.0,2129.0,1.0,193.0,1,0
2026-09-20T21:44:34.170585,esp32-may-1,20260920_214430_hang_hoa_che_khuat,4,26.7,63.0,2169.0,1.0,194.0,1,0
2026-09-20T21:44:35.254613,esp32-may-1,20260920_214430_hang_hoa_che_khuat,5,26.7,63.0,2199.0,1.0,197.0,1,0
2026-09-20T21:44:36.279638,esp32-may-1,20260920_214430_hang_hoa_che_khuat,6,26.8,63.0,2035.0,1.0,195.0,1,0
2026-09-20T21:44:37.601648,esp32-may-1,20260920_214430_hang_hoa_che_khuat,7,26.8,63.0,1936.0,1.0,192.0,1,0
2026-09-20T21:44:38.742232,esp32-may-1,20260920_214430_hang_hoa_che_khuat,8,26.8,63.0,1981.0,1.0,185.0,1,0
2026-09-20T21:44:39.349988,esp32-may-1,20260920_214430_hang_hoa_che_khuat,9,26.8,63.0,1979.0,1.0,195.0,1,0
2026-09-20T21:44:40.244720,esp32-may-1,20260920_214430_hang_hoa_che_khuat,10,26.7,63.0,2754.0,1.0,202.0,1,0
2026-09-20T21:44:41.209626,esp32-may-1,20260920_214430_hang_hoa_che_khuat,11,26.7,63.0,4095.0,1.0,195.0,1,0
2026-09-20T21:44:42.317008,esp32-may-1,20260920_214430_hang_hoa_che_khuat,12,26.7,63.0,4095.0,1.0,193.0,1,0
2026-09-20T21:44:43.235601,esp32-may-1,20260920_214430_hang_hoa_che_khuat,13,26.7,63.0,4095.0,1.0,221.0,1,0
2026-09-20T21:44:44.472139,esp32-may-1,20260920_214430_hang_hoa_che_khuat,14,26.7,63.0,4095.0,1.0,229.0,1,0
2026-09-20T21:44:45.215824,esp32-may-1,20260920_214430_hang_hoa_che_khuat,15,26.7,63.0,4095.0,1.0,227.0,1,0
2026-09-20T21:44:46.518767,esp32-may-1,20260920_214430_hang_hoa_che_khuat,16,26.8,63.0,4095.0,1.0,229.0,1,0
2026-09-20T21:44:47.339041,esp32-may-1,20260920_214430_hang_hoa_che_khuat,17,26.8,63.0,4095.0,1.0,227.0,1,0
2026-09-20T21:44:48.239074,esp32-may-1,20260920_214430_hang_hoa_che_khuat,18,26.8,63.0,4095.0,1.0,234.0,1,0
2026-09-20T21:44:49.386152,esp32-may-1,20260920_214430_hang_hoa_che_khuat,19,26.8,63.0,4095.0,1.0,246.0,1,0
2026-09-20T21:44:50.282439,esp32-may-1,20260920_214430_hang_hoa_che_khuat,20,26.7,62.0,4095.0,1.0,245.0,1,0
2026-09-20T21:44:51.212763,esp32-may-1,20260920_214430_hang_hoa_che_khuat,21,26.7,62.0,4095.0,1.0,246.0,1,0
2026-09-20T21:44:52.461340,esp32-may-1,20260920_214430_hang_hoa_che_khuat,22,26.8,62.0,4095.0,1.0,240.0,1,0
2026-09-20T21:44:53.481077,esp32-may-1,20260920_214430_hang_hoa_che_khuat,23,26.8,62.0,4095.0,1.0,240.0,1,0
2026-09-20T21:44:54.311394,esp32-may-1,20260920_214430_hang_hoa_che_khuat,24,26.8,62.0,4095.0,1.0,240.0,1,0
2026-09-20T21:44:55.222292,esp32-may-1,20260920_214430_hang_hoa_che_khuat,25,26.8,62.0,4095.0,1.0,240.0,1,0
2026-09-20T21:44:56.251336,esp32-may-1,20260920_214430_hang_hoa_che_khuat,26,26.8,63.0,4095.0,1.0,235.0,1,0
2026-09-20T21:44:57.216405,esp32-may-1,20260920_214430_hang_hoa_che_khuat,27,26.8,63.0,4095.0,1.0,233.0,1,0
2026-09-20T21:44:58.247221,esp32-may-1,20260920_214430_hang_hoa_che_khuat,28,26.7,62.0,4095.0,1.0,230.0,1,0
2026-09-20T21:44:59.624939,esp32-may-1,20260920_214430_hang_hoa_che_khuat,29,26.7,62.0,4095.0,1.0,228.0,1,0
2026-09-20T21:45:00.241866,esp32-may-1,20260920_214430_hang_hoa_che_khuat,30,26.7,63.0,4095.0,1.0,225.0,1,0
2026-09-20T21:45:01.261858,esp32-may-1,20260920_214430_hang_hoa_che_khuat,31,26.7,63.0,4095.0,1.0,223.0,1,0
2026-09-20T21:45:02.295987,esp32-may-1,20260920_214430_hang_hoa_che_khuat,32,26.7,62.0,4095.0,1.0,225.0,1,0
2026-09-20T21:45:03.316678,esp32-may-1,20260920_214430_hang_hoa_che_khuat,33,26.7,62.0,4095.0,1.0,224.0,1,0
2026-09-20T21:45:04.240746,esp32-may-1,20260920_214430_hang_hoa_che_khuat,34,26.7,63.0,4095.0,1.0,224.0,1,0
2026-09-20T21:45:05.220763,esp32-may-1,20260920_214430_hang_hoa_che_khuat,35,26.7,63.0,4095.0,1.0,206.0,1,0
2026-09-20T21:45:06.240526,esp32-may-1,20260920_214430_hang_hoa_che_khuat,36,26.7,63.0,4095.0,1.0,219.0,1,0
2026-09-20T21:45:07.218522,esp32-may-1,20260920_214430_hang_hoa_che_khuat,37,26.7,63.0,4095.0,1.0,219.0,1,0
2026-09-20T21:45:08.239601,esp32-may-1,20260920_214430_hang_hoa_che_khuat,38,26.8,63.0,4095.0,1.0,218.0,1,0
2026-09-20T21:45:09.252038,esp32-may-1,20260920_214430_hang_hoa_che_khuat,39,26.8,63.0,4095.0,1.0,221.0,1,0
2026-09-20T21:45:10.238215,esp32-may-1,20260920_214430_hang_hoa_che_khuat,40,26.7,63.0,4095.0,1.0,217.0,1,0
2026-09-20T21:45:11.300645,esp32-may-1,20260920_214430_hang_hoa_che_khuat,41,26.7,63.0,4095.0,1.0,213.0,1,0
2026-09-20T21:45:12.240348,esp32-may-1,20260920_214430_hang_hoa_che_khuat,42,26.8,63.0,4095.0,1.0,214.0,1,0
2026-09-20T21:45:13.214896,esp32-may-1,20260920_214430_hang_hoa_che_khuat,43,26.8,63.0,4095.0,1.0,219.0,1,0
2026-09-20T21:45:14.234989,esp32-may-1,20260920_214430_hang_hoa_che_khuat,44,26.7,63.0,4095.0,1.0,217.0,1,0
2026-09-20T21:45:15.392436,esp32-may-1,20260920_214430_hang_hoa_che_khuat,45,26.7,63.0,4095.0,1.0,212.0,1,0
2026-09-20T21:45:16.242775,esp32-may-1,20260920_214430_hang_hoa_che_khuat,46,26.7,63.0,4095.0,1.0,217.0,1,0
2026-09-20T21:45:17.214258,esp32-may-1,20260920_214430_hang_hoa_che_khuat,47,26.7,63.0,4095.0,1.0,214.0,1,0
2026-09-20T21:45:18.234092,esp32-may-1,20260920_214430_hang_hoa_che_khuat,48,26.7,63.0,4095.0,1.0,192.0,1,0
2026-09-20T21:45:19.287561,esp32-may-1,20260920_214430_hang_hoa_che_khuat,49,26.7,63.0,4095.0,1.0,209.0,1,0
2026-09-20T21:45:20.236125,esp32-may-1,20260920_214430_hang_hoa_che_khuat,50,26.7,63.0,4095.0,1.0,210.0,1,0
2026-09-20T21:45:21.333161,esp32-may-1,20260920_214430_hang_hoa_che_khuat,51,26.7,63.0,4095.0,1.0,207.0,1,0
2026-09-20T21:45:22.232909,esp32-may-1,20260920_214430_hang_hoa_che_khuat,52,26.8,63.0,4095.0,1.0,208.0,1,0
2026-09-20T21:45:23.585457,esp32-may-1,20260920_214430_hang_hoa_che_khuat,53,26.8,63.0,4095.0,1.0,208.0,1,0
2026-09-20T21:45:24.236532,esp32-may-1,20260920_214430_hang_hoa_che_khuat,54,26.8,63.0,4095.0,1.0,209.0,1,0
2026-09-20T21:45:25.208732,esp32-may-1,20260920_214430_hang_hoa_che_khuat,55,26.8,63.0,4095.0,1.0,208.0,1,0
2026-09-20T21:45:26.241786,esp32-may-1,20260920_214430_hang_hoa_che_khuat,56,26.8,63.0,4095.0,1.0,208.0,1,0
2026-09-20T21:45:27.278941,esp32-may-1,20260920_214430_hang_hoa_che_khuat,57,26.8,63.0,4095.0,1.0,208.0,1,0
2026-09-20T21:45:28.303179,esp32-may-1,20260920_214430_hang_hoa_che_khuat,58,26.7,63.0,4095.0,1.0,208.0,1,0
2026-09-20T21:45:29.323515,esp32-may-1,20260920_214430_hang_hoa_che_khuat,59,26.7,63.0,4095.0,1.0,208.0,1,0
2026-09-20T21:45:30.237072,esp32-may-1,20260920_214430_hang_hoa_che_khuat,60,26.8,63.0,4095.0,1.0,208.0,1,0
2026-09-20T21:45:31.208908,esp32-may-1,20260920_214430_hang_hoa_che_khuat,61,26.8,63.0,4095.0,1.0,205.0,1,0
2026-09-20T21:45:32.391631,esp32-may-1,20260920_214430_hang_hoa_che_khuat,62,26.7,63.0,4095.0,1.0,202.0,1,0
2026-09-20T21:45:33.222145,esp32-may-1,20260920_214430_hang_hoa_che_khuat,63,26.7,63.0,4095.0,1.0,205.0,1,0
2026-09-20T21:45:34.439734,esp32-may-1,20260920_214430_hang_hoa_che_khuat,64,26.7,63.0,4095.0,1.0,208.0,1,0
2026-09-20T21:45:35.259464,esp32-may-1,20260920_214430_hang_hoa_che_khuat,65,26.7,63.0,4095.0,1.0,208.0,1,0
2026-09-20T21:45:36.235009,esp32-may-1,20260920_214430_hang_hoa_che_khuat,66,26.7,63.0,4095.0,1.0,206.0,1,0
2026-09-20T21:45:37.721546,esp32-may-1,20260920_214430_hang_hoa_che_khuat,67,26.7,63.0,4095.0,1.0,195.0,1,0
2026-09-20T21:45:38.435513,esp32-may-1,20260920_214430_hang_hoa_che_khuat,68,26.7,63.0,4095.0,1.0,208.0,1,0
2026-09-20T21:45:39.208222,esp32-may-1,20260920_214430_hang_hoa_che_khuat,69,26.7,63.0,4095.0,1.0,208.0,1,0
2026-09-20T21:45:40.236173,esp32-may-1,20260920_214430_hang_hoa_che_khuat,70,26.8,63.0,4095.0,1.0,211.0,1,0
2026-09-20T21:45:41.302263,esp32-may-1,20260920_214430_hang_hoa_che_khuat,71,26.8,63.0,4095.0,1.0,208.0,1,0
2026-09-20T21:45:42.232495,esp32-may-1,20260920_214430_hang_hoa_che_khuat,72,26.7,63.0,4095.0,1.0,208.0,1,0
2026-09-20T21:45:43.348062,esp32-may-1,20260920_214430_hang_hoa_che_khuat,73,26.7,63.0,4095.0,1.0,211.0,1,0
2026-09-20T21:45:44.237139,esp32-may-1,20260920_214430_hang_hoa_che_khuat,74,26.7,63.0,4095.0,1.0,208.0,1,0
2026-09-20T21:45:45.214161,esp32-may-1,20260920_214430_hang_hoa_che_khuat,75,26.7,63.0,4095.0,1.0,211.0,1,0
2026-09-20T21:45:46.420372,esp32-may-1,20260920_214430_hang_hoa_che_khuat,76,26.8,63.0,4095.0,1.0,209.0,1,0
2026-09-20T21:45:47.443742,esp32-may-1,20260920_214430_hang_hoa_che_khuat,77,26.8,63.0,4095.0,1.0,208.0,1,0
2026-09-20T21:45:48.264363,esp32-may-1,20260920_214430_hang_hoa_che_khuat,78,26.7,63.0,4095.0,1.0,208.0,1,0
2026-09-20T21:45:49.286343,esp32-may-1,20260920_214430_hang_hoa_che_khuat,79,26.7,63.0,4095.0,1.0,210.0,1,0
2026-09-20T21:45:50.466287,esp32-may-1,20260920_214430_hang_hoa_che_khuat,80,26.7,63.0,4095.0,1.0,210.0,1,0
2026-09-20T21:45:51.385188,esp32-may-1,20260920_214430_hang_hoa_che_khuat,81,26.7,63.0,4095.0,1.0,212.0,1,0
2026-09-20T21:45:52.360920,esp32-may-1,20260920_214430_hang_hoa_che_khuat,82,26.8,63.0,4095.0,1.0,211.0,1,0
2026-09-20T21:45:53.382928,esp32-may-1,20260920_214430_hang_hoa_che_khuat,83,26.8,63.0,4095.0,1.0,208.0,1,0
2026-09-20T21:45:54.407541,esp32-may-1,20260920_214430_hang_hoa_che_khuat,84,26.7,63.0,4095.0,1.0,208.0,1,0
2026-09-20T21:45:55.210926,esp32-may-1,20260920_214430_hang_hoa_che_khuat,85,26.7,63.0,4095.0,1.0,208.0,1,0
2026-09-20T21:45:56.255063,esp32-may-1,20260920_214430_hang_hoa_che_khuat,86,26.8,63.0,4095.0,1.0,208.0,1,0
2026-09-20T21:45:57.276496,esp32-may-1,20260920_214430_hang_hoa_che_khuat,87,26.8,63.0,4095.0,1.0,209.0,1,0
2026-09-20T21:45:58.297465,esp32-may-1,20260920_214430_hang_hoa_che_khuat,88,26.7,63.0,4095.0,1.0,208.0,1,0
2026-09-20T21:45:59.209352,esp32-may-1,20260920_214430_hang_hoa_che_khuat,89,26.7,63.0,4095.0,1.0,207.0,1,0
2026-09-20T21:46:00.242491,esp32-may-1,20260920_214430_hang_hoa_che_khuat,90,26.8,63.0,4095.0,1.0,208.0,1,0
2026-09-20T21:46:01.211054,esp32-may-1,20260920_214430_hang_hoa_che_khuat,91,26.8,63.0,4095.0,1.0,208.0,1,0
2026-09-20T21:46:02.393041,esp32-may-1,20260920_214430_hang_hoa_che_khuat,92,26.7,63.0,4095.0,1.0,208.0,1,0
2026-09-20T21:46:03.216015,esp32-may-1,20260920_214430_hang_hoa_che_khuat,93,26.7,63.0,4095.0,1.0,208.0,1,0
2026-09-20T21:46:04.234675,esp32-may-1,20260920_214430_hang_hoa_che_khuat,94,26.7,63.0,4095.0,1.0,208.0,1,0
2026-09-20T21:46:05.214305,esp32-may-1,20260920_214430_hang_hoa_che_khuat,95,26.7,63.0,4095.0,1.0,208.0,1,0
2026-09-20T21:46:06.284102,esp32-may-1,20260920_214430_hang_hoa_che_khuat,96,26.8,63.0,4095.0,1.0,208.0,1,0
2026-09-20T21:46:07.308159,esp32-may-1,20260920_214430_hang_hoa_che_khuat,97,26.8,63.0,4095.0,1.0,208.0,1,0
2026-09-20T21:46:08.332002,esp32-may-1,20260920_214430_hang_hoa_che_khuat,98,26.7,63.0,4095.0,1.0,207.0,1,0
2026-09-20T21:46:09.216408,esp32-may-1,20260920_214430_hang_hoa_che_khuat,99,26.7,63.0,4095.0,1.0,195.0,1,0
2026-09-20T21:46:10.384602,esp32-may-1,20260920_214430_hang_hoa_che_khuat,100,26.7,63.0,4095.0,1.0,194.0,1,0
2026-09-20T21:46:11.404116,esp32-may-1,20260920_214430_hang_hoa_che_khuat,101,26.7,63.0,4095.0,1.0,208.0,1,0
2026-09-20T21:46:12.433422,esp32-may-1,20260920_214430_hang_hoa_che_khuat,102,26.7,63.0,4095.0,1.0,208.0,1,0
2026-09-20T21:46:13.656973,esp32-may-1,20260920_214430_hang_hoa_che_khuat,103,26.7,63.0,4095.0,1.0,206.0,1,0
2026-09-20T21:46:14.475626,esp32-may-1,20260920_214430_hang_hoa_che_khuat,104,26.7,63.0,4095.0,1.0,207.0,1,0
2026-09-20T21:46:15.217990,esp32-may-1,20260920_214430_hang_hoa_che_khuat,105,26.7,63.0,4095.0,1.0,205.0,1,0
2026-09-20T21:46:16.319002,esp32-may-1,20260920_214430_hang_hoa_che_khuat,106,26.7,63.0,4095.0,1.0,206.0,1,0
2026-09-20T21:46:17.208118,esp32-may-1,20260920_214430_hang_hoa_che_khuat,107,26.7,63.0,4095.0,1.0,206.0,1,0
2026-09-20T21:46:18.370011,esp32-may-1,20260920_214430_hang_hoa_che_khuat,108,26.8,63.0,4095.0,1.0,208.0,1,0
2026-09-20T21:46:19.399160,esp32-may-1,20260920_214430_hang_hoa_che_khuat,109,26.8,63.0,4095.0,1.0,208.0,1,0
2026-09-20T21:46:20.418142,esp32-may-1,20260920_214430_hang_hoa_che_khuat,110,26.7,63.0,4095.0,1.0,208.0,1,0
2026-09-20T21:46:21.211558,esp32-may-1,20260920_214430_hang_hoa_che_khuat,111,26.7,63.0,4095.0,1.0,206.0,1,0
2026-09-20T21:46:22.240295,esp32-may-1,20260920_214430_hang_hoa_che_khuat,112,26.8,63.0,4095.0,1.0,208.0,1,0
2026-09-20T21:46:23.486522,esp32-may-1,20260920_214430_hang_hoa_che_khuat,113,26.8,63.0,4095.0,1.0,207.0,1,0
2026-09-20T21:46:24.305949,esp32-may-1,20260920_214430_hang_hoa_che_khuat,114,26.7,63.0,4095.0,1.0,208.0,1,0
2026-09-20T21:46:25.213329,esp32-may-1,20260920_214430_hang_hoa_che_khuat,115,26.7,63.0,4095.0,1.0,204.0,1,0
2026-09-20T21:46:26.358528,esp32-may-1,20260920_214430_hang_hoa_che_khuat,116,26.8,63.0,4095.0,1.0,204.0,1,0
2026-09-20T21:46:27.211774,esp32-may-1,20260920_214430_hang_hoa_che_khuat,117,26.8,63.0,4095.0,1.0,207.0,1,0
2026-09-20T21:46:28.244306,esp32-may-1,20260920_214430_hang_hoa_che_khuat,118,26.7,63.0,4095.0,1.0,210.0,1,0
2026-09-20T21:46:29.425316,esp32-may-1,20260920_214430_hang_hoa_che_khuat,119,26.7,63.0,4095.0,1.0,207.0,1,0
2026-09-20T21:46:30.449506,esp32-may-1,20260920_214430_hang_hoa_che_khuat,120,26.7,63.0,4095.0,1.0,208.0,1,0
2026-09-20T21:46:31.271486,esp32-may-1,20260920_214430_hang_hoa_che_khuat,121,26.7,63.0,4095.0,1.0,206.0,1,0
2026-09-20T21:46:32.243953,esp32-may-1,20260920_214430_hang_hoa_che_khuat,122,26.7,63.0,4095.0,1.0,208.0,1,0
2026-09-20T21:46:33.318578,esp32-may-1,20260920_214430_hang_hoa_che_khuat,123,26.7,63.0,4095.0,1.0,208.0,1,0
2026-09-20T21:46:34.342277,esp32-may-1,20260920_214430_hang_hoa_che_khuat,124,26.7,63.0,4095.0,1.0,208.0,1,0
2026-09-20T21:46:35.210417,esp32-may-1,20260920_214430_hang_hoa_che_khuat,125,26.7,63.0,4095.0,1.0,210.0,1,0
2026-09-20T21:46:36.390778,esp32-may-1,20260920_214430_hang_hoa_che_khuat,126,26.7,63.0,4095.0,1.0,211.0,1,0
2026-09-20T21:46:37.618528,esp32-may-1,20260920_214430_hang_hoa_che_khuat,127,26.7,63.0,4095.0,1.0,202.0,1,0
2026-09-20T21:46:38.438741,esp32-may-1,20260920_214430_hang_hoa_che_khuat,128,26.7,63.0,4095.0,1.0,208.0,1,0
2026-09-20T21:46:39.259765,esp32-may-1,20260920_214430_hang_hoa_che_khuat,129,26.7,63.0,4095.0,1.0,208.0,1,0
2026-09-20T21:46:40.248469,esp32-may-1,20260920_214430_hang_hoa_che_khuat,130,26.7,63.0,4095.0,1.0,208.0,1,0
2026-09-20T21:46:41.509686,esp32-may-1,20260920_214430_hang_hoa_che_khuat,131,26.7,63.0,4095.0,1.0,209.0,1,0
2026-09-20T21:46:42.234011,esp32-may-1,20260920_214430_hang_hoa_che_khuat,132,26.7,63.0,4095.0,1.0,208.0,1,0
2026-09-20T21:46:43.356075,esp32-may-1,20260920_214430_hang_hoa_che_khuat,133,26.7,63.0,4095.0,1.0,203.0,1,0
2026-09-20T21:46:44.379053,esp32-may-1,20260920_214430_hang_hoa_che_khuat,134,26.7,63.0,4095.0,1.0,208.0,1,0
2026-09-20T21:46:45.209679,esp32-may-1,20260920_214430_hang_hoa_che_khuat,135,26.7,63.0,4095.0,1.0,208.0,1,0
2026-09-20T21:46:46.426333,esp32-may-1,20260920_214430_hang_hoa_che_khuat,136,26.7,63.0,4095.0,1.0,207.0,1,0
2026-09-20T21:46:47.243738,esp32-may-1,20260920_214430_hang_hoa_che_khuat,137,26.7,63.0,4095.0,1.0,208.0,1,0
2026-09-20T21:46:48.281125,esp32-may-1,20260920_214430_hang_hoa_che_khuat,138,26.7,63.0,4095.0,1.0,208.0,1,0
2026-09-20T21:46:49.297374,esp32-may-1,20260920_214430_hang_hoa_che_khuat,139,26.7,63.0,4095.0,1.0,208.0,1,0
2026-09-20T21:46:50.317544,esp32-may-1,20260920_214430_hang_hoa_che_khuat,140,26.8,63.0,4095.0,1.0,208.0,1,0
2026-09-20T21:46:51.341251,esp32-may-1,20260920_214430_hang_hoa_che_khuat,141,26.8,63.0,4095.0,1.0,208.0,1,0
2026-09-20T21:46:52.364683,esp32-may-1,20260920_214430_hang_hoa_che_khuat,142,26.7,63.0,4095.0,1.0,208.0,1,0
2026-09-20T21:46:53.211405,esp32-may-1,20260920_214430_hang_hoa_che_khuat,143,26.7,63.0,4095.0,1.0,203.0,1,0
2026-09-20T21:46:54.238530,esp32-may-1,20260920_214430_hang_hoa_che_khuat,144,26.7,63.0,4095.0,1.0,208.0,1,0
2026-09-20T21:46:55.230743,esp32-may-1,20260920_214430_hang_hoa_che_khuat,145,26.7,63.0,4095.0,1.0,203.0,1,0
2026-09-20T21:46:56.462557,esp32-may-1,20260920_214430_hang_hoa_che_khuat,146,26.7,63.0,4095.0,1.0,205.0,1,0
2026-09-20T21:46:57.278661,esp32-may-1,20260920_214430_hang_hoa_che_khuat,147,26.7,63.0,4095.0,1.0,206.0,1,0
2026-09-20T21:46:58.231489,esp32-may-1,20260920_214430_hang_hoa_che_khuat,148,26.7,63.0,4095.0,1.0,207.0,1,0
2026-09-20T21:46:59.330661,esp32-may-1,20260920_214430_hang_hoa_che_khuat,149,26.7,63.0,4095.0,1.0,205.0,1,0
2026-09-20T21:47:00.234880,esp32-may-1,20260920_214430_hang_hoa_che_khuat,150,26.7,63.0,4095.0,1.0,206.0,1,0
2026-09-20T21:47:01.376293,esp32-may-1,20260920_214430_hang_hoa_che_khuat,151,26.7,63.0,4095.0,1.0,208.0,1,0
2026-09-20T21:47:02.243177,esp32-may-1,20260920_214430_hang_hoa_che_khuat,152,26.8,63.0,4095.0,1.0,206.0,1,0
2026-09-20T21:47:03.421765,esp32-may-1,20260920_214430_hang_hoa_che_khuat,153,26.8,63.0,4095.0,1.0,203.0,1,0
2026-09-20T21:47:04.240572,esp32-may-1,20260920_214430_hang_hoa_che_khuat,154,26.7,63.0,4095.0,1.0,206.0,1,0
2026-09-20T21:47:05.209110,esp32-may-1,20260920_214430_hang_hoa_che_khuat,155,26.7,63.0,4095.0,1.0,205.0,1,0
2026-09-20T21:47:06.290147,esp32-may-1,20260920_214430_hang_hoa_che_khuat,156,26.7,63.0,4095.0,1.0,207.0,1,0
2026-09-20T21:47:07.314289,esp32-may-1,20260920_214430_hang_hoa_che_khuat,157,26.7,63.0,4095.0,1.0,207.0,1,0
2026-09-20T21:47:08.336698,esp32-may-1,20260920_214430_hang_hoa_che_khuat,158,26.7,63.0,4095.0,1.0,205.0,1,0
2026-09-20T21:47:09.361774,esp32-may-1,20260920_214430_hang_hoa_che_khuat,159,26.7,63.0,4095.0,1.0,204.0,1,0
2026-09-20T21:47:10.384835,esp32-may-1,20260920_214430_hang_hoa_che_khuat,160,26.7,63.0,4095.0,1.0,205.0,1,0
2026-09-20T21:47:11.614260,esp32-may-1,20260920_214430_hang_hoa_che_khuat,161,26.7,63.0,4095.0,1.0,203.0,1,0
2026-09-20T21:47:12.234572,esp32-may-1,20260920_214430_hang_hoa_che_khuat,162,26.7,63.0,4095.0,1.0,206.0,1,0
2026-09-20T21:47:13.258485,esp32-may-1,20260920_214430_hang_hoa_che_khuat,163,26.7,63.0,4095.0,1.0,206.0,1,0
2026-09-20T21:47:14.233877,esp32-may-1,20260920_214430_hang_hoa_che_khuat,164,26.7,63.0,4095.0,1.0,205.0,1,0
2026-09-20T21:47:15.202522,esp32-may-1,20260920_214430_hang_hoa_che_khuat,165,26.7,63.0,4095.0,1.0,204.0,1,0
2026-09-20T21:47:16.233270,esp32-may-1,20260920_214430_hang_hoa_che_khuat,166,26.7,63.0,4095.0,1.0,207.0,1,0
2026-09-20T21:47:17.209323,esp32-may-1,20260920_214430_hang_hoa_che_khuat,167,26.7,63.0,4095.0,1.0,207.0,1,0
2026-09-20T21:47:18.238344,esp32-may-1,20260920_214430_hang_hoa_che_khuat,168,26.7,63.0,4095.0,1.0,202.0,1,0
2026-09-20T21:47:19.208960,esp32-may-1,20260920_214430_hang_hoa_che_khuat,169,26.7,63.0,4095.0,1.0,202.0,1,0
2026-09-20T21:47:20.243424,esp32-may-1,20260920_214430_hang_hoa_che_khuat,170,26.7,63.0,4095.0,1.0,205.0,1,0
2026-09-20T21:47:21.446177,esp32-may-1,20260920_214430_hang_hoa_che_khuat,171,26.7,63.0,4095.0,1.0,202.0,1,0
2026-09-20T21:47:22.267733,esp32-may-1,20260920_214430_hang_hoa_che_khuat,172,26.7,63.0,4095.0,1.0,203.0,1,0
2026-09-20T21:47:23.286999,esp32-may-1,20260920_214430_hang_hoa_che_khuat,173,26.7,63.0,4095.0,1.0,202.0,1,0
2026-09-20T21:47:24.236401,esp32-may-1,20260920_214430_hang_hoa_che_khuat,174,26.7,63.0,4095.0,1.0,205.0,1,0
2026-09-20T21:47:25.334544,esp32-may-1,20260920_214430_hang_hoa_che_khuat,175,26.7,63.0,4095.0,1.0,201.0,1,0
2026-09-20T21:47:26.238813,esp32-may-1,20260920_214430_hang_hoa_che_khuat,176,26.7,63.0,4095.0,1.0,203.0,1,0
2026-09-20T21:47:27.200581,esp32-may-1,20260920_214430_hang_hoa_che_khuat,177,26.7,63.0,4095.0,1.0,205.0,1,0
2026-09-20T21:47:28.231218,esp32-may-1,20260920_214430_hang_hoa_che_khuat,178,26.7,63.0,4095.0,1.0,203.0,1,0
2026-09-20T21:47:29.637297,esp32-may-1,20260920_214430_hang_hoa_che_khuat,179,26.7,63.0,4095.0,1.0,203.0,1,0
2026-09-20T21:47:30.455328,esp32-may-1,20260920_214430_hang_hoa_che_khuat,180,26.7,63.0,4095.0,1.0,201.0,1,0
2026-09-20T21:47:31.482687,esp32-may-1,20260920_214430_hang_hoa_che_khuat,181,26.7,63.0,4095.0,1.0,204.0,1,0
2026-09-20T21:47:32.243601,esp32-may-1,20260920_214430_hang_hoa_che_khuat,182,26.7,63.0,4095.0,1.0,206.0,1,0
2026-09-20T21:47:33.321476,esp32-may-1,20260920_214430_hang_hoa_che_khuat,183,26.7,63.0,4095.0,1.0,205.0,1,0
2026-09-20T21:47:34.347506,esp32-may-1,20260920_214430_hang_hoa_che_khuat,184,26.7,63.0,4095.0,1.0,202.0,1,0
2026-09-20T21:47:35.203799,esp32-may-1,20260920_214430_hang_hoa_che_khuat,185,26.7,63.0,4095.0,1.0,201.0,1,0
2026-09-20T21:47:36.232943,esp32-may-1,20260920_214430_hang_hoa_che_khuat,186,26.7,63.0,4095.0,1.0,205.0,1,0
2026-09-20T21:47:37.202257,esp32-may-1,20260920_214430_hang_hoa_che_khuat,187,26.7,63.0,4095.0,1.0,203.0,1,0
2026-09-20T21:47:38.236310,esp32-may-1,20260920_214430_hang_hoa_che_khuat,188,26.7,63.0,4095.0,1.0,204.0,1,0
2026-09-20T21:47:39.422482,esp32-may-1,20260920_214430_hang_hoa_che_khuat,189,26.7,63.0,4095.0,1.0,199.0,1,0
2026-09-20T21:47:40.390912,esp32-may-1,20260920_214430_hang_hoa_che_khuat,190,26.7,63.0,4095.0,1.0,199.0,1,0
2026-09-20T21:47:41.419597,esp32-may-1,20260920_214430_hang_hoa_che_khuat,191,26.7,63.0,4095.0,1.0,199.0,1,0
2026-09-20T21:47:42.300129,esp32-may-1,20260920_214430_hang_hoa_che_khuat,192,26.7,63.0,4095.0,1.0,205.0,1,0
2026-09-20T21:47:43.260430,esp32-may-1,20260920_214430_hang_hoa_che_khuat,193,26.7,63.0,4095.0,1.0,205.0,1,0
2026-09-20T21:47:44.286664,esp32-may-1,20260920_214430_hang_hoa_che_khuat,194,26.7,63.0,4095.0,1.0,199.0,1,0
2026-09-20T21:47:45.213677,esp32-may-1,20260920_214430_hang_hoa_che_khuat,195,26.7,63.0,4095.0,1.0,205.0,1,0
2026-09-20T21:47:46.328645,esp32-may-1,20260920_214430_hang_hoa_che_khuat,196,26.7,63.0,4095.0,1.0,199.0,1,0
2026-09-20T21:47:47.353304,esp32-may-1,20260920_214430_hang_hoa_che_khuat,197,26.7,63.0,4095.0,1.0,191.0,1,0
2026-09-20T21:47:48.376025,esp32-may-1,20260920_214430_hang_hoa_che_khuat,198,26.7,63.0,4095.0,1.0,198.0,1,0
2026-09-20T21:47:49.211633,esp32-may-1,20260920_214430_hang_hoa_che_khuat,199,26.7,63.0,4095.0,1.0,198.0,1,0
2026-09-20T21:47:50.225364,esp32-may-1,20260920_214430_hang_hoa_che_khuat,200,26.7,63.0,4095.0,1.0,202.0,1,0
2026-09-20T21:47:51.208879,esp32-may-1,20260920_214430_hang_hoa_che_khuat,201,26.7,63.0,4095.0,1.0,198.0,1,0
2026-09-20T21:47:52.231542,esp32-may-1,20260920_214430_hang_hoa_che_khuat,202,26.7,63.0,4095.0,1.0,203.0,1,0
2026-09-20T21:47:53.213677,esp32-may-1,20260920_214430_hang_hoa_che_khuat,203,26.7,63.0,4095.0,1.0,203.0,1,0
2026-09-20T21:47:54.319781,esp32-may-1,20260920_214430_hang_hoa_che_khuat,204,26.8,63.0,4095.0,1.0,199.0,1,0
2026-09-20T21:47:55.343561,esp32-may-1,20260920_214430_hang_hoa_che_khuat,205,26.8,63.0,4095.0,1.0,201.0,1,0
2026-09-20T21:47:56.480039,esp32-may-1,20260920_214430_hang_hoa_che_khuat,206,26.7,63.0,4095.0,1.0,204.0,1,0
2026-09-20T21:47:57.597428,esp32-may-1,20260920_214430_hang_hoa_che_khuat,207,26.7,63.0,4095.0,1.0,201.0,1,0
2026-09-20T21:47:58.409623,esp32-may-1,20260920_214430_hang_hoa_che_khuat,208,26.7,63.0,4095.0,1.0,204.0,1,0
2026-09-20T21:47:59.214454,esp32-may-1,20260920_214430_hang_hoa_che_khuat,209,26.7,63.0,4095.0,1.0,198.0,1,0
2026-09-20T21:48:00.251880,esp32-may-1,20260920_214430_hang_hoa_che_khuat,210,26.8,63.0,4095.0,1.0,203.0,1,0
2026-09-20T21:48:01.275825,esp32-may-1,20260920_214430_hang_hoa_che_khuat,211,26.8,63.0,4095.0,1.0,201.0,1,0
2026-09-20T21:48:02.235117,esp32-may-1,20260920_214430_hang_hoa_che_khuat,212,26.7,63.0,4095.0,1.0,201.0,1,0
2026-09-20T21:48:03.331404,esp32-may-1,20260920_214430_hang_hoa_che_khuat,213,26.7,63.0,4095.0,1.0,202.0,1,0
2026-09-20T21:48:04.353996,esp32-may-1,20260920_214430_hang_hoa_che_khuat,214,26.7,63.0,4095.0,1.0,197.0,1,0
2026-09-20T21:48:05.204635,esp32-may-1,20260920_214430_hang_hoa_che_khuat,215,26.7,63.0,4095.0,1.0,202.0,1,0
2026-09-20T21:48:06.233074,esp32-may-1,20260920_214430_hang_hoa_che_khuat,216,26.7,63.0,4095.0,1.0,203.0,1,0
2026-09-20T21:48:07.203003,esp32-may-1,20260920_214430_hang_hoa_che_khuat,217,26.7,63.0,4095.0,1.0,197.0,1,0
2026-09-20T21:48:08.443545,esp32-may-1,20260920_214430_hang_hoa_che_khuat,218,26.7,63.0,4095.0,1.0,201.0,1,0
2026-09-20T21:48:09.264452,esp32-may-1,20260920_214430_hang_hoa_che_khuat,219,26.7,63.0,4095.0,1.0,203.0,1,0
2026-09-20T21:48:10.229050,esp32-may-1,20260920_214430_hang_hoa_che_khuat,220,26.7,63.0,4095.0,1.0,199.0,1,0
2026-09-20T21:48:11.329298,esp32-may-1,20260920_214430_hang_hoa_che_khuat,221,26.7,63.0,4095.0,1.0,199.0,1,0
2026-09-20T21:48:12.226816,esp32-may-1,20260920_214430_hang_hoa_che_khuat,222,26.7,63.0,4095.0,1.0,197.0,1,0
2026-09-20T21:48:13.360259,esp32-may-1,20260920_214430_hang_hoa_che_khuat,223,26.7,63.0,4095.0,1.0,201.0,1,0
2026-09-20T21:48:14.385008,esp32-may-1,20260920_214430_hang_hoa_che_khuat,224,26.7,63.0,4095.0,1.0,198.0,1,0
2026-09-20T21:48:15.202689,esp32-may-1,20260920_214430_hang_hoa_che_khuat,225,26.7,63.0,4095.0,1.0,197.0,1,0
2026-09-20T21:48:16.233327,esp32-may-1,20260920_214430_hang_hoa_che_khuat,226,26.7,63.0,4095.0,1.0,195.0,1,0
2026-09-20T21:48:17.201706,esp32-may-1,20260920_214430_hang_hoa_che_khuat,227,26.7,63.0,4095.0,1.0,197.0,1,0
2026-09-20T21:48:18.229738,esp32-may-1,20260920_214430_hang_hoa_che_khuat,228,26.7,63.0,4095.0,1.0,199.0,1,0
2026-09-20T21:48:19.202342,esp32-may-1,20260920_214430_hang_hoa_che_khuat,229,26.7,63.0,4095.0,1.0,202.0,1,0
2026-09-20T21:48:20.233890,esp32-may-1,20260920_214430_hang_hoa_che_khuat,230,26.7,63.0,4095.0,1.0,201.0,1,0
2026-09-20T21:48:21.202495,esp32-may-1,20260920_214430_hang_hoa_che_khuat,231,26.7,63.0,4095.0,1.0,198.0,1,0
2026-09-20T21:48:22.228138,esp32-may-1,20260920_214430_hang_hoa_che_khuat,232,26.7,63.0,4095.0,1.0,199.0,1,0
2026-09-20T21:48:23.448671,esp32-may-1,20260920_214430_hang_hoa_che_khuat,233,26.7,63.0,4095.0,1.0,196.0,1,0
2026-09-20T21:48:24.229338,esp32-may-1,20260920_214430_hang_hoa_che_khuat,234,26.7,63.0,4095.0,1.0,199.0,1,0
2026-09-20T21:48:25.240932,esp32-may-1,20260920_214430_hang_hoa_che_khuat,235,26.7,63.0,4095.0,1.0,197.0,1,0
2026-09-20T21:48:26.275154,esp32-may-1,20260920_214430_hang_hoa_che_khuat,236,26.7,63.0,4095.0,1.0,196.0,1,0
2026-09-20T21:48:27.206576,esp32-may-1,20260920_214430_hang_hoa_che_khuat,237,26.7,63.0,4095.0,1.0,195.0,1,0
2026-09-20T21:48:28.308921,esp32-may-1,20260920_214430_hang_hoa_che_khuat,238,26.7,63.0,4095.0,1.0,199.0,1,0
2026-09-20T21:48:29.333465,esp32-may-1,20260920_214430_hang_hoa_che_khuat,239,26.7,63.0,4095.0,1.0,201.0,1,0
2026-09-20T21:48:30.232850,esp32-may-1,20260920_214430_hang_hoa_che_khuat,240,26.7,63.0,4095.0,1.0,198.0,1,0
2026-09-20T21:48:31.208415,esp32-may-1,20260920_214430_hang_hoa_che_khuat,241,26.7,63.0,4095.0,1.0,199.0,1,0
2026-09-20T21:48:32.407139,esp32-may-1,20260920_214430_hang_hoa_che_khuat,242,26.7,63.0,4095.0,1.0,197.0,1,0
2026-09-20T21:48:33.223244,esp32-may-1,20260920_214430_hang_hoa_che_khuat,243,26.7,63.0,4095.0,1.0,192.0,1,0
2026-09-20T21:48:34.451724,esp32-may-1,20260920_214430_hang_hoa_che_khuat,244,26.7,63.0,4095.0,1.0,195.0,1,0
2026-09-20T21:48:35.271162,esp32-may-1,20260920_214430_hang_hoa_che_khuat,245,26.7,63.0,4095.0,1.0,195.0,1,0
2026-09-20T21:48:36.295413,esp32-may-1,20260920_214430_hang_hoa_che_khuat,246,26.7,63.0,4095.0,1.0,195.0,1,0
2026-09-20T21:48:37.428250,esp32-may-1,20260920_214430_hang_hoa_che_khuat,247,26.7,63.0,4095.0,1.0,195.0,1,0
2026-09-20T21:48:38.244443,esp32-may-1,20260920_214430_hang_hoa_che_khuat,248,26.7,63.0,4095.0,1.0,199.0,1,0
2026-09-20T21:48:39.209760,esp32-may-1,20260920_214430_hang_hoa_che_khuat,249,26.7,63.0,4095.0,1.0,193.0,1,0
2026-09-20T21:48:40.289833,esp32-may-1,20260920_214430_hang_hoa_che_khuat,250,26.7,63.0,4095.0,1.0,197.0,1,0
2026-09-20T21:48:41.213830,esp32-may-1,20260920_214430_hang_hoa_che_khuat,251,26.7,63.0,4095.0,1.0,199.0,1,0
2026-09-20T21:48:42.297683,esp32-may-1,20260920_214430_hang_hoa_che_khuat,252,26.7,63.0,4095.0,1.0,196.0,1,0
2026-09-20T21:48:43.207051,esp32-may-1,20260920_214430_hang_hoa_che_khuat,253,26.7,63.0,4095.0,1.0,197.0,1,0
2026-09-20T21:48:44.385636,esp32-may-1,20260920_214430_hang_hoa_che_khuat,254,26.7,63.0,4095.0,1.0,196.0,1,0
2026-09-20T21:48:45.206139,esp32-may-1,20260920_214430_hang_hoa_che_khuat,255,26.7,63.0,4095.0,1.0,195.0,1,0
2026-09-20T21:48:46.432414,esp32-may-1,20260920_214430_hang_hoa_che_khuat,256,26.7,63.0,4095.0,1.0,199.0,1,0
2026-09-20T21:48:47.209315,esp32-may-1,20260920_214430_hang_hoa_che_khuat,257,26.7,63.0,4095.0,1.0,198.0,1,0
2026-09-20T21:48:48.276053,esp32-may-1,20260920_214430_hang_hoa_che_khuat,258,26.7,63.0,4095.0,1.0,194.0,1,0
2026-09-20T21:48:49.299703,esp32-may-1,20260920_214430_hang_hoa_che_khuat,259,26.7,63.0,4095.0,1.0,197.0,1,0
2026-09-20T21:48:50.327777,esp32-may-1,20260920_214430_hang_hoa_che_khuat,260,26.7,63.0,4095.0,1.0,195.0,1,0
2026-09-20T21:48:51.206770,esp32-may-1,20260920_214430_hang_hoa_che_khuat,261,26.7,63.0,4095.0,1.0,186.0,1,0
2026-09-20T21:48:52.244277,esp32-may-1,20260920_214430_hang_hoa_che_khuat,262,26.7,63.0,4095.0,1.0,194.0,1,0
2026-09-20T21:48:53.395389,esp32-may-1,20260920_214430_hang_hoa_che_khuat,263,26.7,63.0,4095.0,1.0,192.0,1,0
2026-09-20T21:48:54.230149,esp32-may-1,20260920_214430_hang_hoa_che_khuat,264,26.7,63.0,4095.0,1.0,194.0,1,0
2026-09-20T21:48:55.243382,esp32-may-1,20260920_214430_hang_hoa_che_khuat,265,26.7,63.0,4095.0,1.0,198.0,1,0
2026-09-20T21:48:56.224175,esp32-may-1,20260920_214430_hang_hoa_che_khuat,266,26.7,63.0,4095.0,1.0,194.0,1,0
2026-09-20T21:48:57.290174,esp32-may-1,20260920_214430_hang_hoa_che_khuat,267,26.7,63.0,4095.0,1.0,192.0,1,0
2026-09-20T21:48:58.313536,esp32-may-1,20260920_214430_hang_hoa_che_khuat,268,26.7,63.0,4095.0,1.0,185.0,1,0
2026-09-20T21:48:59.388354,esp32-may-1,20260920_214430_hang_hoa_che_khuat,269,26.7,63.0,4095.0,1.0,198.0,1,0
2026-09-20T21:49:00.362007,esp32-may-1,20260920_214430_hang_hoa_che_khuat,270,26.7,63.0,4095.0,1.0,203.0,1,0
2026-09-20T21:49:01.588814,esp32-may-1,20260920_214430_hang_hoa_che_khuat,271,26.7,63.0,4095.0,1.0,202.0,1,0
2026-09-20T21:49:02.230072,esp32-may-1,20260920_214430_hang_hoa_che_khuat,272,26.7,63.0,4095.0,1.0,204.0,1,0
2026-09-20T21:49:03.226934,esp32-may-1,20260920_214430_hang_hoa_che_khuat,273,26.7,63.0,4095.0,1.0,201.0,1,0
2026-09-20T21:49:04.256589,esp32-may-1,20260920_214430_hang_hoa_che_khuat,274,26.7,63.0,4095.0,1.0,202.0,1,0
2026-09-20T21:49:05.326626,esp32-may-1,20260920_214430_hang_hoa_che_khuat,275,26.7,63.0,4095.0,1.0,203.0,1,0
2026-09-20T21:49:06.227647,esp32-may-1,20260920_214430_hang_hoa_che_khuat,276,26.7,63.0,4095.0,1.0,199.0,1,0
2026-09-20T21:49:07.326470,esp32-may-1,20260920_214430_hang_hoa_che_khuat,277,26.7,63.0,4095.0,1.0,199.0,1,0
2026-09-20T21:49:08.230087,esp32-may-1,20260920_214430_hang_hoa_che_khuat,278,26.7,63.0,4095.0,1.0,198.0,1,0
2026-09-20T21:49:09.371818,esp32-may-1,20260920_214430_hang_hoa_che_khuat,279,26.7,63.0,4095.0,1.0,195.0,1,0
2026-09-20T21:49:10.223438,esp32-may-1,20260920_214430_hang_hoa_che_khuat,280,26.7,63.0,4095.0,1.0,199.0,1,0
2026-09-20T21:49:11.207954,esp32-may-1,20260920_214430_hang_hoa_che_khuat,281,26.7,63.0,4095.0,1.0,199.0,1,0
2026-09-20T21:49:12.228287,esp32-may-1,20260920_214430_hang_hoa_che_khuat,282,26.7,63.0,4095.0,1.0,193.0,1,0
2026-09-20T21:49:13.201221,esp32-may-1,20260920_214430_hang_hoa_che_khuat,283,26.7,63.0,4095.0,1.0,198.0,1,0
2026-09-20T21:49:14.284915,esp32-may-1,20260920_214430_hang_hoa_che_khuat,284,26.7,63.0,4095.0,1.0,192.0,1,0
2026-09-20T21:49:15.309543,esp32-may-1,20260920_214430_hang_hoa_che_khuat,285,26.7,63.0,4095.0,1.0,195.0,1,0
2026-09-20T21:49:16.336276,esp32-may-1,20260920_214430_hang_hoa_che_khuat,286,26.7,63.0,4095.0,1.0,193.0,1,0
2026-09-20T21:49:17.358064,esp32-may-1,20260920_214430_hang_hoa_che_khuat,287,26.7,63.0,4095.0,1.0,193.0,1,0
2026-09-20T21:49:18.238370,esp32-may-1,20260920_214430_hang_hoa_che_khuat,288,26.8,63.0,4095.0,1.0,194.0,1,0
2026-09-20T21:49:19.206727,esp32-may-1,20260920_214430_hang_hoa_che_khuat,289,26.8,63.0,4095.0,1.0,192.0,1,0
2026-09-20T21:49:20.232696,esp32-may-1,20260920_214430_hang_hoa_che_khuat,290,26.7,63.0,4095.0,1.0,192.0,1,0
2026-09-20T21:49:21.248490,esp32-may-1,20260920_214430_hang_hoa_che_khuat,291,26.7,63.0,4095.0,1.0,195.0,1,0
2026-09-20T21:49:22.229781,esp32-may-1,20260920_214430_hang_hoa_che_khuat,292,26.7,63.0,4095.0,1.0,192.0,1,0
2026-09-20T21:49:23.298494,esp32-may-1,20260920_214430_hang_hoa_che_khuat,293,26.7,63.0,4095.0,1.0,192.0,1,0
2026-09-20T21:49:24.318925,esp32-may-1,20260920_214430_hang_hoa_che_khuat,294,26.7,63.0,4095.0,1.0,191.0,1,0
2026-09-20T21:49:25.201764,esp32-may-1,20260920_214430_hang_hoa_che_khuat,295,26.7,63.0,4095.0,1.0,192.0,1,0
2026-09-20T21:49:26.366912,esp32-may-1,20260920_214430_hang_hoa_che_khuat,296,26.7,63.0,4095.0,1.0,193.0,1,0
2026-09-20T21:49:27.596671,esp32-may-1,20260920_214430_hang_hoa_che_khuat,297,26.7,63.0,4095.0,1.0,194.0,1,0
2026-09-20T21:49:28.224545,esp32-may-1,20260920_214430_hang_hoa_che_khuat,298,26.7,63.0,4095.0,1.0,191.0,1,0
2026-09-20T21:49:29.234949,esp32-may-1,20260920_214430_hang_hoa_che_khuat,299,26.7,63.0,4095.0,1.0,192.0,1,0
2026-09-20T21:49:30.226310,esp32-may-1,20260920_214430_hang_hoa_che_khuat,300,26.7,63.0,4095.0,1.0,191.0,1,0
2026-09-20T21:49:31.206022,esp32-may-1,20260920_214430_hang_hoa_che_khuat,301,26.7,63.0,4095.0,1.0,190.0,1,0
2026-09-20T21:49:32.230069,esp32-may-1,20260920_214430_hang_hoa_che_khuat,302,26.7,63.0,4095.0,1.0,192.0,1,0
2026-09-20T21:49:33.468781,esp32-may-1,20260920_214430_hang_hoa_che_khuat,303,26.7,63.0,4095.0,1.0,192.0,1,0
2026-09-20T21:49:34.354483,esp32-may-1,20260920_214430_hang_hoa_che_khuat,304,26.7,63.0,4095.0,1.0,189.0,1,0
2026-09-20T21:49:35.378474,esp32-may-1,20260920_214430_hang_hoa_che_khuat,305,26.7,63.0,4095.0,1.0,190.0,1,0
2026-09-20T21:49:36.231493,esp32-may-1,20260920_214430_hang_hoa_che_khuat,306,26.7,63.0,4095.0,1.0,190.0,1,0
2026-09-20T21:49:37.836685,esp32-may-1,20260920_214430_hang_hoa_che_khuat,307,26.7,63.0,4095.0,1.0,179.0,1,0
2026-09-20T21:49:38.227244,esp32-may-1,20260920_214430_hang_hoa_che_khuat,308,26.7,63.0,4095.0,1.0,189.0,1,0
2026-09-20T21:49:39.203147,esp32-may-1,20260920_214430_hang_hoa_che_khuat,309,26.7,63.0,4095.0,1.0,189.0,1,0
2026-09-20T21:49:40.600661,esp32-may-1,20260920_214430_hang_hoa_che_khuat,310,26.7,63.0,4095.0,1.0,193.0,1,0
2026-09-20T21:49:41.216207,esp32-may-1,20260920_214430_hang_hoa_che_khuat,311,26.7,63.0,4095.0,1.0,192.0,1,0
2026-09-20T21:49:42.294768,esp32-may-1,20260920_214430_hang_hoa_che_khuat,312,26.7,63.0,4095.0,1.0,188.0,1,0
2026-09-20T21:49:43.281451,esp32-may-1,20260920_214430_hang_hoa_che_khuat,313,26.7,63.0,4095.0,1.0,190.0,1,0
2026-09-20T21:49:44.291729,esp32-may-1,20260920_214430_hang_hoa_che_khuat,314,26.7,63.0,4095.0,1.0,189.0,1,0
2026-09-20T21:49:45.314296,esp32-may-1,20260920_214430_hang_hoa_che_khuat,315,26.7,63.0,4095.0,1.0,191.0,1,0
2026-09-20T21:49:46.337082,esp32-may-1,20260920_214430_hang_hoa_che_khuat,316,26.7,63.0,4095.0,1.0,189.0,1,0
2026-09-20T21:49:47.365079,esp32-may-1,20260920_214430_hang_hoa_che_khuat,317,26.7,63.0,4095.0,1.0,189.0,1,0
2026-09-20T21:49:48.388114,esp32-may-1,20260920_214430_hang_hoa_che_khuat,318,26.7,63.0,4095.0,1.0,190.0,1,0
2026-09-20T21:49:49.205544,esp32-may-1,20260920_214430_hang_hoa_che_khuat,319,26.7,63.0,4095.0,1.0,192.0,1,0
2026-09-20T21:49:50.268310,esp32-may-1,20260920_214430_hang_hoa_che_khuat,320,26.7,63.0,4095.0,1.0,191.0,1,0
2026-09-20T21:49:51.206559,esp32-may-1,20260920_214430_hang_hoa_che_khuat,321,26.7,63.0,4095.0,1.0,193.0,1,0
2026-09-20T21:49:52.231120,esp32-may-1,20260920_214430_hang_hoa_che_khuat,322,26.7,63.0,4095.0,1.0,190.0,1,0
2026-09-20T21:49:53.301764,esp32-may-1,20260920_214430_hang_hoa_che_khuat,323,26.7,63.0,4095.0,1.0,192.0,1,0
2026-09-20T21:49:54.321951,esp32-may-1,20260920_214430_hang_hoa_che_khuat,324,26.7,63.0,4095.0,1.0,191.0,1,0
2026-09-20T21:49:55.357030,esp32-may-1,20260920_214430_hang_hoa_che_khuat,325,26.7,63.0,4095.0,1.0,179.0,1,0
2026-09-20T21:49:56.220630,esp32-may-1,20260920_214430_hang_hoa_che_khuat,326,26.7,63.0,4095.0,1.0,181.0,1,0
2026-09-20T21:49:57.398757,esp32-may-1,20260920_214430_hang_hoa_che_khuat,327,26.7,63.0,4095.0,1.0,188.0,1,0
2026-09-20T21:49:58.246432,esp32-may-1,20260920_214430_hang_hoa_che_khuat,328,26.8,63.0,4095.0,1.0,192.0,1,0
2026-09-20T21:49:59.199668,esp32-may-1,20260920_214430_hang_hoa_che_khuat,329,26.8,63.0,4095.0,1.0,189.0,1,0
2026-09-20T21:50:00.225571,esp32-may-1,20260920_214430_hang_hoa_che_khuat,330,26.8,63.0,4095.0,1.0,189.0,1,0
2026-09-20T21:50:01.284333,esp32-may-1,20260920_214430_hang_hoa_che_khuat,331,26.8,63.0,4095.0,1.0,192.0,1,0
2026-09-20T21:50:02.309348,esp32-may-1,20260920_214430_hang_hoa_che_khuat,332,26.7,63.0,4095.0,1.0,186.0,1,0
2026-09-20T21:50:03.205271,esp32-may-1,20260920_214430_hang_hoa_che_khuat,333,26.7,63.0,4095.0,1.0,191.0,1,0
2026-09-20T21:50:04.356752,esp32-may-1,20260920_214430_hang_hoa_che_khuat,334,26.7,63.0,4095.0,1.0,188.0,1,0
2026-09-20T21:50:05.382770,esp32-may-1,20260920_214430_hang_hoa_che_khuat,335,26.7,63.0,4095.0,1.0,190.0,1,0
2026-09-20T21:50:06.227133,esp32-may-1,20260920_214430_hang_hoa_che_khuat,336,26.8,63.0,4095.0,1.0,186.0,1,0
2026-09-20T21:50:07.225851,esp32-may-1,20260920_214430_hang_hoa_che_khuat,337,26.8,63.0,4095.0,1.0,189.0,1,0
2026-09-20T21:50:08.248782,esp32-may-1,20260920_214430_hang_hoa_che_khuat,338,26.7,63.0,4095.0,1.0,186.0,1,0
2026-09-20T21:50:09.205130,esp32-may-1,20260920_214430_hang_hoa_che_khuat,339,26.7,63.0,4095.0,1.0,190.0,1,0
2026-09-20T21:50:10.296543,esp32-may-1,20260920_214430_hang_hoa_che_khuat,340,26.7,62.0,4095.0,1.0,190.0,1,0
2026-09-20T21:50:11.322345,esp32-may-1,20260920_214430_hang_hoa_che_khuat,341,26.7,62.0,4095.0,1.0,187.0,1,0
2026-09-20T21:50:12.226664,esp32-may-1,20260920_214430_hang_hoa_che_khuat,342,26.7,63.0,4095.0,1.0,187.0,1,0
2026-09-20T21:50:13.209455,esp32-may-1,20260920_214430_hang_hoa_che_khuat,343,26.7,63.0,4095.0,1.0,186.0,1,0
2026-09-20T21:50:14.396502,esp32-may-1,20260920_214430_hang_hoa_che_khuat,344,26.7,62.0,4095.0,1.0,185.0,1,0
2026-09-20T21:50:15.208080,esp32-may-1,20260920_214430_hang_hoa_che_khuat,345,26.7,62.0,4095.0,1.0,189.0,1,0
2026-09-20T21:50:16.225856,esp32-may-1,20260920_214430_hang_hoa_che_khuat,346,26.7,63.0,4095.0,1.0,188.0,1,0
2026-09-20T21:50:17.262001,esp32-may-1,20260920_214430_hang_hoa_che_khuat,347,26.7,63.0,4095.0,1.0,186.0,1,0
2026-09-20T21:50:18.231542,esp32-may-1,20260920_214430_hang_hoa_che_khuat,348,26.7,62.0,4095.0,1.0,191.0,1,0
2026-09-20T21:50:19.310387,esp32-may-1,20260920_214430_hang_hoa_che_khuat,349,26.7,62.0,4095.0,1.0,187.0,1,0
2026-09-20T21:50:20.332530,esp32-may-1,20260920_214430_hang_hoa_che_khuat,350,26.7,63.0,4095.0,1.0,189.0,1,0
2026-09-20T21:50:21.356690,esp32-may-1,20260920_214430_hang_hoa_che_khuat,351,26.7,63.0,4095.0,1.0,189.0,1,0
2026-09-20T21:50:22.382988,esp32-may-1,20260920_214430_hang_hoa_che_khuat,352,26.7,63.0,4095.0,1.0,185.0,1,0
2026-09-20T21:50:23.404488,esp32-may-1,20260920_214430_hang_hoa_che_khuat,353,26.7,63.0,4095.0,1.0,189.0,1,0
2026-09-20T21:50:24.427250,esp32-may-1,20260920_214430_hang_hoa_che_khuat,354,26.7,62.0,4095.0,1.0,185.0,1,0
2026-09-20T21:50:25.245763,esp32-may-1,20260920_214430_hang_hoa_che_khuat,355,26.7,62.0,4095.0,1.0,189.0,1,0
2026-09-20T21:50:26.478010,esp32-may-1,20260920_214430_hang_hoa_che_khuat,356,26.7,63.0,4095.0,1.0,183.0,1,0
2026-09-20T21:50:27.296896,esp32-may-1,20260920_214430_hang_hoa_che_khuat,357,26.7,63.0,4095.0,1.0,186.0,1,0
2026-09-20T21:50:28.229302,esp32-may-1,20260920_214430_hang_hoa_che_khuat,358,26.8,62.0,4095.0,1.0,187.0,1,0
2026-09-20T21:50:29.346266,esp32-may-1,20260920_214430_hang_hoa_che_khuat,359,26.8,62.0,4095.0,1.0,191.0,1,0
2026-09-20T21:50:30.370010,esp32-may-1,20260920_214430_hang_hoa_che_khuat,360,26.7,62.0,4095.0,1.0,183.0,1,0
2026-09-20T21:50:31.200351,esp32-may-1,20260920_214430_hang_hoa_che_khuat,361,26.7,62.0,4095.0,1.0,185.0,1,0
2026-09-20T21:50:32.413664,esp32-may-1,20260920_214430_hang_hoa_che_khuat,362,26.7,62.0,4095.0,1.0,187.0,1,0
2026-09-20T21:50:33.202663,esp32-may-1,20260920_214430_hang_hoa_che_khuat,363,26.7,62.0,4095.0,1.0,182.0,1,0
2026-09-20T21:50:34.258244,esp32-may-1,20260920_214430_hang_hoa_che_khuat,364,26.7,62.0,4095.0,1.0,186.0,1,0
2026-09-20T21:50:35.209264,esp32-may-1,20260920_214430_hang_hoa_che_khuat,365,26.7,62.0,4095.0,1.0,186.0,1,0
2026-09-20T21:50:36.306446,esp32-may-1,20260920_214430_hang_hoa_che_khuat,366,26.7,62.0,4095.0,1.0,188.0,1,0
2026-09-20T21:50:37.331286,esp32-may-1,20260920_214430_hang_hoa_che_khuat,367,26.7,62.0,4095.0,1.0,183.0,1,0
2026-09-20T21:50:38.355740,esp32-may-1,20260920_214430_hang_hoa_che_khuat,368,26.7,62.0,4095.0,1.0,183.0,1,0
2026-09-20T21:50:39.198954,esp32-may-1,20260920_214430_hang_hoa_che_khuat,369,26.7,62.0,4095.0,1.0,186.0,1,0
2026-09-20T21:50:40.401236,esp32-may-1,20260920_214430_hang_hoa_che_khuat,370,26.7,62.0,4095.0,1.0,187.0,1,0
2026-09-20T21:50:41.487437,esp32-may-1,20260920_214430_hang_hoa_che_khuat,371,26.7,62.0,4095.0,1.0,183.0,1,0
2026-09-20T21:50:42.246848,esp32-may-1,20260920_214430_hang_hoa_che_khuat,372,26.7,63.0,4095.0,1.0,183.0,1,0
2026-09-20T21:50:43.196410,esp32-may-1,20260920_214430_hang_hoa_che_khuat,373,26.7,63.0,4095.0,1.0,188.0,1,0
2026-09-20T21:50:44.292774,esp32-may-1,20260920_214430_hang_hoa_che_khuat,374,26.7,63.0,4095.0,1.0,183.0,1,0
2026-09-20T21:50:45.317421,esp32-may-1,20260920_214430_hang_hoa_che_khuat,375,26.7,63.0,4095.0,1.0,186.0,1,0
2026-09-20T21:50:46.340082,esp32-may-1,20260920_214430_hang_hoa_che_khuat,376,26.7,62.0,4095.0,1.0,181.0,1,0
2026-09-20T21:50:47.366225,esp32-may-1,20260920_214430_hang_hoa_che_khuat,377,26.7,62.0,4095.0,1.0,183.0,1,0
2026-09-20T21:50:48.387992,esp32-may-1,20260920_214430_hang_hoa_che_khuat,378,26.7,62.0,4095.0,1.0,186.0,1,0
2026-09-20T21:50:49.412497,esp32-may-1,20260920_214430_hang_hoa_che_khuat,379,26.7,62.0,4095.0,1.0,189.0,1,0
2026-09-20T21:50:50.245816,esp32-may-1,20260920_214430_hang_hoa_che_khuat,380,26.7,63.0,4095.0,1.0,188.0,1,0
2026-09-20T21:50:51.254338,esp32-may-1,20260920_214430_hang_hoa_che_khuat,381,26.7,63.0,4095.0,1.0,186.0,1,0
2026-09-20T21:50:52.225392,esp32-may-1,20260920_214430_hang_hoa_che_khuat,382,26.7,62.0,4095.0,1.0,181.0,1,0
2026-09-20T21:50:53.304731,esp32-may-1,20260920_214430_hang_hoa_che_khuat,383,26.7,62.0,4095.0,1.0,187.0,1,0
2026-09-20T21:50:54.326366,esp32-may-1,20260920_214430_hang_hoa_che_khuat,384,26.7,63.0,4095.0,1.0,182.0,1,0
2026-09-20T21:50:55.351337,esp32-may-1,20260920_214430_hang_hoa_che_khuat,385,26.7,63.0,4095.0,1.0,180.0,1,0
2026-09-20T21:50:56.378809,esp32-may-1,20260920_214430_hang_hoa_che_khuat,386,26.7,62.0,4095.0,1.0,185.0,1,0
2026-09-20T21:50:57.449106,esp32-may-1,20260920_214430_hang_hoa_che_khuat,387,26.7,62.0,4095.0,1.0,186.0,1,0
2026-09-20T21:50:58.229108,esp32-may-1,20260920_214430_hang_hoa_che_khuat,388,26.7,63.0,4095.0,1.0,182.0,1,0
2026-09-20T21:50:59.192302,esp32-may-1,20260920_214430_hang_hoa_che_khuat,389,26.7,63.0,4095.0,1.0,183.0,1,0
2026-09-20T21:51:00.224253,esp32-may-1,20260920_214430_hang_hoa_che_khuat,390,26.7,62.0,4095.0,1.0,186.0,1,0
2026-09-20T21:51:01.289279,esp32-may-1,20260920_214430_hang_hoa_che_khuat,391,26.7,62.0,4095.0,1.0,187.0,1,0
2026-09-20T21:51:02.218639,esp32-may-1,20260920_214430_hang_hoa_che_khuat,392,26.7,63.0,4095.0,1.0,185.0,1,0
2026-09-20T21:51:03.198270,esp32-may-1,20260920_214430_hang_hoa_che_khuat,393,26.7,63.0,4095.0,1.0,181.0,1,0
2026-09-20T21:51:04.364344,esp32-may-1,20260920_214430_hang_hoa_che_khuat,394,26.7,63.0,4095.0,1.0,182.0,1,0
2026-09-20T21:51:05.393007,esp32-may-1,20260920_214430_hang_hoa_che_khuat,395,26.7,63.0,4095.0,1.0,186.0,1,0
2026-09-20T21:51:06.218761,esp32-may-1,20260920_214430_hang_hoa_che_khuat,396,26.7,63.0,4095.0,1.0,183.0,1,0
2026-09-20T21:51:07.198629,esp32-may-1,20260920_214430_hang_hoa_che_khuat,397,26.7,63.0,4095.0,1.0,187.0,1,0
2026-09-20T21:51:08.223887,esp32-may-1,20260920_214430_hang_hoa_che_khuat,398,26.7,62.0,4095.0,1.0,185.0,1,0
2026-09-20T21:51:09.204284,esp32-may-1,20260920_214430_hang_hoa_che_khuat,399,26.7,62.0,4095.0,1.0,187.0,1,0
2026-09-20T21:51:10.229284,esp32-may-1,20260920_214430_hang_hoa_che_khuat,400,26.7,62.0,4095.0,1.0,186.0,1,0
2026-09-20T21:51:11.196295,esp32-may-1,20260920_214430_hang_hoa_che_khuat,401,26.7,62.0,4095.0,1.0,186.0,1,0
2026-09-20T21:51:12.253505,esp32-may-1,20260920_214430_hang_hoa_che_khuat,402,26.7,62.0,4095.0,1.0,186.0,1,0
2026-09-20T21:51:13.217815,esp32-may-1,20260920_214430_hang_hoa_che_khuat,403,26.7,62.0,4095.0,1.0,183.0,1,0
2026-09-20T21:51:14.398664,esp32-may-1,20260920_214430_hang_hoa_che_khuat,404,26.7,62.0,4095.0,1.0,180.0,1,0
2026-09-20T21:51:15.240344,esp32-may-1,20260920_214430_hang_hoa_che_khuat,405,26.7,62.0,4095.0,1.0,183.0,1,0
2026-09-20T21:51:16.222757,esp32-may-1,20260920_214430_hang_hoa_che_khuat,406,26.7,62.0,4095.0,1.0,181.0,1,0
2026-09-20T21:51:17.683925,esp32-may-1,20260920_214430_hang_hoa_che_khuat,407,26.7,62.0,4095.0,1.0,183.0,1,0
2026-09-20T21:51:18.497905,esp32-may-1,20260920_214430_hang_hoa_che_khuat,408,26.7,62.0,4095.0,1.0,185.0,1,0
2026-09-20T21:51:19.519208,esp32-may-1,20260920_214430_hang_hoa_che_khuat,409,26.7,62.0,4095.0,1.0,181.0,1,0
2026-09-20T21:51:20.341390,esp32-may-1,20260920_214430_hang_hoa_che_khuat,410,26.7,62.0,4095.0,1.0,187.0,1,0
2026-09-20T21:51:21.201360,esp32-may-1,20260920_214430_hang_hoa_che_khuat,411,26.7,62.0,4095.0,1.0,182.0,1,0
2026-09-20T21:51:22.593471,esp32-may-1,20260920_214430_hang_hoa_che_khuat,412,26.7,62.0,4095.0,1.0,185.0,1,0
2026-09-20T21:51:23.411815,esp32-may-1,20260920_214430_hang_hoa_che_khuat,413,26.7,62.0,4095.0,1.0,186.0,1,0
2026-09-20T21:51:24.305309,esp32-may-1,20260920_214430_hang_hoa_che_khuat,414,26.7,62.0,4095.0,1.0,182.0,1,0
2026-09-20T21:51:25.254833,esp32-may-1,20260920_214430_hang_hoa_che_khuat,415,26.7,62.0,4095.0,1.0,183.0,1,0
2026-09-20T21:51:26.479272,esp32-may-1,20260920_214430_hang_hoa_che_khuat,416,26.7,63.0,4095.0,1.0,179.0,1,0
2026-09-20T21:51:27.200062,esp32-may-1,20260920_214430_hang_hoa_che_khuat,417,26.7,63.0,4095.0,1.0,182.0,1,0
2026-09-20T21:51:28.322500,esp32-may-1,20260920_214430_hang_hoa_che_khuat,418,26.7,62.0,4095.0,1.0,183.0,1,0
2026-09-20T21:51:29.208183,esp32-may-1,20260920_214430_hang_hoa_che_khuat,419,26.7,62.0,4095.0,1.0,185.0,1,0
2026-09-20T21:51:30.371105,esp32-may-1,20260920_214430_hang_hoa_che_khuat,420,26.7,62.0,4095.0,1.0,178.0,1,0
2026-09-20T21:51:31.200995,esp32-may-1,20260920_214430_hang_hoa_che_khuat,421,26.7,62.0,4095.0,1.0,179.0,1,0
2026-09-20T21:51:32.418202,esp32-may-1,20260920_214430_hang_hoa_che_khuat,422,26.7,62.0,4095.0,1.0,183.0,1,0
2026-09-20T21:51:33.193495,esp32-may-1,20260920_214430_hang_hoa_che_khuat,423,26.7,62.0,4095.0,1.0,181.0,1,0
2026-09-20T21:51:34.224623,esp32-may-1,20260920_214430_hang_hoa_che_khuat,424,26.7,62.0,4095.0,1.0,182.0,1,0
2026-09-20T21:51:35.493185,esp32-may-1,20260920_214430_hang_hoa_che_khuat,425,26.7,62.0,4095.0,1.0,180.0,1,0
2026-09-20T21:51:36.227151,esp32-may-1,20260920_214430_hang_hoa_che_khuat,426,26.7,62.0,4095.0,1.0,182.0,1,0
2026-09-20T21:51:38.050769,esp32-may-1,20260920_214430_hang_hoa_che_khuat,427,26.7,62.0,4095.0,1.0,176.0,1,0
2026-09-20T21:51:39.176431,esp32-may-1,20260920_214430_hang_hoa_che_khuat,428,26.7,62.0,4095.0,1.0,174.0,1,0
2026-09-20T21:51:39.586266,esp32-may-1,20260920_214430_hang_hoa_che_khuat,429,26.7,62.0,4095.0,1.0,181.0,1,0
2026-09-20T21:51:40.572735,esp32-may-1,20260920_214430_hang_hoa_che_khuat,430,26.7,62.0,4095.0,1.0,182.0,1,0
2026-09-20T21:51:41.633816,esp32-may-1,20260920_214430_hang_hoa_che_khuat,431,26.7,62.0,4095.0,1.0,187.0,1,0
2026-09-20T21:51:42.664629,esp32-may-1,20260920_214430_hang_hoa_che_khuat,432,26.7,62.0,4095.0,1.0,183.0,1,0
2026-09-20T21:51:43.547037,esp32-may-1,20260920_214430_hang_hoa_che_khuat,433,26.7,62.0,4095.0,1.0,181.0,1,0
2026-09-20T21:51:44.707301,esp32-may-1,20260920_214430_hang_hoa_che_khuat,434,26.7,62.0,4095.0,1.0,187.0,1,0
2026-09-20T21:51:45.732472,esp32-may-1,20260920_214430_hang_hoa_che_khuat,435,26.7,62.0,4095.0,1.0,182.0,1,0
2026-09-20T21:51:46.571274,esp32-may-1,20260920_214430_hang_hoa_che_khuat,436,26.7,62.0,4095.0,1.0,182.0,1,0
2026-09-20T21:51:47.572757,esp32-may-1,20260920_214430_hang_hoa_che_khuat,437,26.7,62.0,4095.0,1.0,182.0,1,0
2026-09-20T21:51:48.603733,esp32-may-1,20260920_214430_hang_hoa_che_khuat,438,26.7,62.0,4095.0,1.0,183.0,1,0
2026-09-20T21:51:49.832124,esp32-may-1,20260920_214430_hang_hoa_che_khuat,439,26.7,62.0,4095.0,1.0,182.0,1,0
2026-09-20T21:51:50.566771,esp32-may-1,20260920_214430_hang_hoa_che_khuat,440,26.7,62.0,4095.0,1.0,183.0,1,0
2026-09-20T21:51:51.672734,esp32-may-1,20260920_214430_hang_hoa_che_khuat,441,26.7,62.0,4095.0,1.0,185.0,1,0
2026-09-20T21:51:52.696821,esp32-may-1,20260920_214430_hang_hoa_che_khuat,442,26.7,62.0,4095.0,1.0,181.0,1,0
2026-09-20T21:51:53.542855,esp32-may-1,20260920_214430_hang_hoa_che_khuat,443,26.7,62.0,4095.0,1.0,178.0,1,0
2026-09-20T21:51:54.573901,esp32-may-1,20260920_214430_hang_hoa_che_khuat,444,26.7,62.0,4095.0,1.0,181.0,1,0
2026-09-20T21:51:55.766279,esp32-may-1,20260920_214430_hang_hoa_che_khuat,445,26.7,62.0,4095.0,1.0,181.0,1,0
2026-09-20T21:51:56.566629,esp32-may-1,20260920_214430_hang_hoa_che_khuat,446,26.7,62.0,4095.0,1.0,181.0,1,0
2026-09-20T21:51:57.540681,esp32-may-1,20260920_214430_hang_hoa_che_khuat,447,26.7,62.0,4095.0,1.0,180.0,1,0
2026-09-20T21:51:58.570908,esp32-may-1,20260920_214430_hang_hoa_che_khuat,448,26.7,62.0,4095.0,1.0,183.0,1,0
2026-09-20T21:51:59.655261,esp32-may-1,20260920_214430_hang_hoa_che_khuat,449,26.7,62.0,4095.0,1.0,181.0,1,0
2026-09-20T21:52:00.568404,esp32-may-1,20260920_214430_hang_hoa_che_khuat,450,26.7,62.0,4095.0,1.0,180.0,1,0
2026-09-20T21:52:01.706023,esp32-may-1,20260920_214430_hang_hoa_che_khuat,451,26.7,62.0,4095.0,1.0,183.0,1,0
2026-09-20T21:52:02.727424,esp32-may-1,20260920_214430_hang_hoa_che_khuat,452,26.7,62.0,4095.0,1.0,181.0,1,0
2026-09-20T21:52:03.548150,esp32-may-1,20260920_214430_hang_hoa_che_khuat,453,26.7,62.0,4095.0,1.0,180.0,1,0
2026-09-20T21:52:04.781794,esp32-may-1,20260920_214430_hang_hoa_che_khuat,454,26.7,62.0,4095.0,1.0,185.0,1,0
2026-09-20T21:52:05.596637,esp32-may-1,20260920_214430_hang_hoa_che_khuat,455,26.7,62.0,4095.0,1.0,186.0,1,0
2026-09-20T21:52:06.569727,esp32-may-1,20260920_214430_hang_hoa_che_khuat,456,26.7,62.0,4095.0,1.0,183.0,1,0
2026-09-20T21:52:07.642432,esp32-may-1,20260920_214430_hang_hoa_che_khuat,457,26.7,62.0,4095.0,1.0,183.0,1,0
2026-09-20T21:52:08.672435,esp32-may-1,20260920_214430_hang_hoa_che_khuat,458,26.7,62.0,4095.0,1.0,185.0,1,0
2026-09-20T21:52:09.692476,esp32-may-1,20260920_214430_hang_hoa_che_khuat,459,26.7,62.0,4095.0,1.0,175.0,1,0
2026-09-20T21:52:10.721254,esp32-may-1,20260920_214430_hang_hoa_che_khuat,460,26.7,62.0,4095.0,1.0,176.0,1,0
2026-09-20T21:52:11.549461,esp32-may-1,20260920_214430_hang_hoa_che_khuat,461,26.7,62.0,4095.0,1.0,183.0,1,0
2026-09-20T21:52:12.969441,esp32-may-1,20260920_214430_hang_hoa_che_khuat,462,26.7,62.0,4095.0,1.0,181.0,1,0
2026-09-20T21:52:13.786287,esp32-may-1,20260920_214430_hang_hoa_che_khuat,463,26.7,62.0,4095.0,1.0,181.0,1,0
2026-09-20T21:52:14.567641,esp32-may-1,20260920_214430_hang_hoa_che_khuat,464,26.7,62.0,4095.0,1.0,180.0,1,0
2026-09-20T21:52:15.548351,esp32-may-1,20260920_214430_hang_hoa_che_khuat,465,26.7,62.0,4095.0,1.0,181.0,1,0
2026-09-20T21:52:16.653801,esp32-may-1,20260920_214430_hang_hoa_che_khuat,466,26.7,62.0,4095.0,1.0,185.0,1,0
2026-09-20T21:52:17.677022,esp32-may-1,20260920_214430_hang_hoa_che_khuat,467,26.7,62.0,4095.0,1.0,181.0,1,0
2026-09-20T21:52:18.587804,esp32-may-1,20260920_214430_hang_hoa_che_khuat,468,26.7,62.0,4095.0,1.0,183.0,1,0
2026-09-20T21:52:19.729190,esp32-may-1,20260920_214430_hang_hoa_che_khuat,469,26.7,62.0,4095.0,1.0,181.0,1,0
2026-09-20T21:52:20.570026,esp32-may-1,20260920_214430_hang_hoa_che_khuat,470,26.7,62.0,4095.0,1.0,178.0,1,0
2026-09-20T21:52:21.571401,esp32-may-1,20260920_214430_hang_hoa_che_khuat,471,26.7,62.0,4095.0,1.0,181.0,1,0
2026-09-20T21:52:22.567900,esp32-may-1,20260920_214430_hang_hoa_che_khuat,472,26.7,62.0,4095.0,1.0,183.0,1,0
2026-09-20T21:52:23.616375,esp32-may-1,20260920_214430_hang_hoa_che_khuat,473,26.7,62.0,4095.0,1.0,182.0,1,0
2026-09-20T21:52:24.650919,esp32-may-1,20260920_214430_hang_hoa_che_khuat,474,26.7,62.0,4095.0,1.0,179.0,1,0
2026-09-20T21:52:25.547164,esp32-may-1,20260920_214430_hang_hoa_che_khuat,475,26.7,62.0,4095.0,1.0,182.0,1,0
2026-09-20T21:52:26.688880,esp32-may-1,20260920_214430_hang_hoa_che_khuat,476,26.7,62.0,4095.0,1.0,177.0,1,0
2026-09-20T21:52:27.720660,esp32-may-1,20260920_214430_hang_hoa_che_khuat,477,26.7,62.0,4095.0,1.0,179.0,1,0
2026-09-20T21:52:28.797830,esp32-may-1,20260920_214430_hang_hoa_che_khuat,478,26.7,62.0,4095.0,1.0,178.0,1,0
2026-09-20T21:52:29.558899,esp32-may-1,20260920_214430_hang_hoa_che_khuat,479,26.7,62.0,4095.0,1.0,179.0,1,0
2026-09-20T21:52:30.786487,esp32-may-1,20260920_214430_hang_hoa_che_khuat,480,26.7,62.0,4095.0,1.0,181.0,1,0
2026-09-20T21:52:31.549845,esp32-may-1,20260920_214430_hang_hoa_che_khuat,481,26.7,62.0,4095.0,1.0,180.0,1,0
2026-09-20T21:52:32.838545,esp32-may-1,20260920_214430_hang_hoa_che_khuat,482,26.7,62.0,4095.0,1.0,179.0,1,0
2026-09-20T21:52:33.654912,esp32-may-1,20260920_214430_hang_hoa_che_khuat,483,26.7,62.0,4095.0,1.0,184.0,1,0
2026-09-20T21:52:34.572815,esp32-may-1,20260920_214430_hang_hoa_che_khuat,484,26.7,62.0,4095.0,1.0,180.0,1,0
2026-09-20T21:52:35.542864,esp32-may-1,20260920_214430_hang_hoa_che_khuat,485,26.7,62.0,4095.0,1.0,182.0,1,0
2026-09-20T21:52:36.724740,esp32-may-1,20260920_214430_hang_hoa_che_khuat,486,26.7,62.0,4095.0,1.0,182.0,1,0
2026-09-20T21:52:37.750652,esp32-may-1,20260920_214430_hang_hoa_che_khuat,487,26.7,62.0,4095.0,1.0,179.0,1,0
2026-09-20T21:52:38.772424,esp32-may-1,20260920_214430_hang_hoa_che_khuat,488,26.7,62.0,4095.0,1.0,181.0,1,0
2026-09-20T21:52:39.593046,esp32-may-1,20260920_214430_hang_hoa_che_khuat,489,26.7,62.0,4095.0,1.0,181.0,1,0
2026-09-20T21:52:40.618035,esp32-may-1,20260920_214430_hang_hoa_che_khuat,490,26.7,62.0,4095.0,1.0,181.0,1,0
2026-09-20T21:52:41.639645,esp32-may-1,20260920_214430_hang_hoa_che_khuat,491,26.7,62.0,4095.0,1.0,183.0,1,0
2026-09-20T21:52:42.662540,esp32-may-1,20260920_214430_hang_hoa_che_khuat,492,26.7,62.0,4095.0,1.0,180.0,1,0
2026-09-20T21:52:43.688677,esp32-may-1,20260920_214430_hang_hoa_che_khuat,493,26.7,62.0,4095.0,1.0,176.0,1,0
2026-09-20T21:52:44.712732,esp32-may-1,20260920_214430_hang_hoa_che_khuat,494,26.7,62.0,4095.0,1.0,178.0,1,0
2026-09-20T21:52:45.743502,esp32-may-1,20260920_214430_hang_hoa_che_khuat,495,26.7,62.0,4095.0,1.0,180.0,1,0
2026-09-20T21:52:46.760225,esp32-may-1,20260920_214430_hang_hoa_che_khuat,496,26.7,62.0,4095.0,1.0,182.0,1,0
2026-09-20T21:52:47.583093,esp32-may-1,20260920_214430_hang_hoa_che_khuat,497,26.7,62.0,4095.0,1.0,186.0,1,0
2026-09-20T21:52:48.564594,esp32-may-1,20260920_214430_hang_hoa_che_khuat,498,26.7,62.0,4095.0,1.0,187.0,1,0
2026-09-20T21:52:49.626687,esp32-may-1,20260920_214430_hang_hoa_che_khuat,499,26.7,62.0,4095.0,1.0,183.0,1,0
2026-09-20T21:52:50.565075,esp32-may-1,20260920_214430_hang_hoa_che_khuat,500,26.7,62.0,4095.0,1.0,182.0,1,0
2026-09-20T21:52:51.538881,esp32-may-1,20260920_214430_hang_hoa_che_khuat,501,26.7,62.0,4095.0,1.0,182.0,1,0
2026-09-20T21:52:52.697477,esp32-may-1,20260920_214430_hang_hoa_che_khuat,502,26.7,62.0,4095.0,1.0,181.0,1,0
2026-09-20T21:52:53.543116,esp32-may-1,20260920_214430_hang_hoa_che_khuat,503,26.7,62.0,4095.0,1.0,183.0,1,0
2026-09-20T21:52:54.572841,esp32-may-1,20260920_214430_hang_hoa_che_khuat,504,26.7,62.0,4095.0,1.0,186.0,1,0
2026-09-20T21:52:55.538405,esp32-may-1,20260920_214430_hang_hoa_che_khuat,505,26.7,62.0,4095.0,1.0,183.0,1,0
2026-09-20T21:52:56.564496,esp32-may-1,20260920_214430_hang_hoa_che_khuat,506,26.7,62.0,4095.0,1.0,186.0,1,0
2026-09-20T21:52:57.546560,esp32-may-1,20260920_214430_hang_hoa_che_khuat,507,26.7,62.0,4095.0,1.0,183.0,1,0
2026-09-20T21:52:58.573691,esp32-may-1,20260920_214430_hang_hoa_che_khuat,508,26.7,62.0,4095.0,1.0,184.0,1,0
2026-09-20T21:52:59.540350,esp32-may-1,20260920_214430_hang_hoa_che_khuat,509,26.7,62.0,4095.0,1.0,183.0,1,0
2026-09-20T21:53:00.565545,esp32-may-1,20260920_214430_hang_hoa_che_khuat,510,26.6,62.0,4095.0,1.0,183.0,1,0
2026-09-20T21:53:01.549041,esp32-may-1,20260920_214430_hang_hoa_che_khuat,511,26.6,62.0,4095.0,1.0,182.0,1,0
2026-09-20T21:53:02.731847,esp32-may-1,20260920_214430_hang_hoa_che_khuat,512,26.7,62.0,4095.0,1.0,184.0,1,0
2026-09-20T21:53:03.542376,esp32-may-1,20260920_214430_hang_hoa_che_khuat,513,26.7,62.0,4095.0,1.0,180.0,1,0
2026-09-20T21:53:04.575320,esp32-may-1,20260920_214430_hang_hoa_che_khuat,514,26.7,62.0,4095.0,1.0,183.0,1,0
2026-09-20T21:53:05.613612,esp32-may-1,20260920_214430_hang_hoa_che_khuat,515,26.7,62.0,4095.0,1.0,181.0,1,0
2026-09-20T21:53:06.569344,esp32-may-1,20260920_214430_hang_hoa_che_khuat,516,26.7,62.0,4095.0,1.0,183.0,1,0
2026-09-20T21:53:07.576153,esp32-may-1,20260920_214430_hang_hoa_che_khuat,517,26.7,62.0,4095.0,1.0,184.0,1,0
2026-09-20T21:53:08.675441,esp32-may-1,20260920_214430_hang_hoa_che_khuat,518,26.7,62.0,4095.0,1.0,183.0,1,0
2026-09-20T21:53:09.696164,esp32-may-1,20260920_214430_hang_hoa_che_khuat,519,26.7,62.0,4095.0,1.0,182.0,1,0
2026-09-20T21:53:10.720673,esp32-may-1,20260920_214430_hang_hoa_che_khuat,520,26.6,62.0,4095.0,1.0,180.0,1,0
2026-09-20T21:53:11.541331,esp32-may-1,20260920_214430_hang_hoa_che_khuat,521,26.6,62.0,4095.0,1.0,185.0,1,0
2026-09-20T21:53:12.767984,esp32-may-1,20260920_214430_hang_hoa_che_khuat,522,26.6,62.0,4095.0,1.0,181.0,1,0
2026-09-20T21:53:13.544280,esp32-may-1,20260920_214430_hang_hoa_che_khuat,523,26.6,62.0,4095.0,1.0,179.0,1,0
2026-09-20T21:53:14.564851,esp32-may-1,20260920_214430_hang_hoa_che_khuat,524,26.7,62.0,4095.0,1.0,192.0,1,0
2026-09-20T21:53:15.549785,esp32-may-1,20260920_214430_hang_hoa_che_khuat,525,26.7,62.0,4095.0,1.0,182.0,1,0
2026-09-20T21:53:16.660733,esp32-may-1,20260920_214430_hang_hoa_che_khuat,526,26.6,62.0,4095.0,1.0,185.0,1,0
2026-09-20T21:53:17.682311,esp32-may-1,20260920_214430_hang_hoa_che_khuat,527,26.6,62.0,4095.0,1.0,125.0,1,0
2026-09-20T21:53:18.564056,esp32-may-1,20260920_214430_hang_hoa_che_khuat,528,26.6,62.0,4095.0,1.0,176.0,1,0
2026-09-20T21:53:19.545364,esp32-may-1,20260920_214430_hang_hoa_che_khuat,529,26.6,62.0,4095.0,1.0,170.0,1,0
2026-09-20T21:53:20.753349,esp32-may-1,20260920_214430_hang_hoa_che_khuat,530,26.7,62.0,4095.0,1.0,166.0,1,0
2026-09-20T21:53:21.538981,esp32-may-1,20260920_214430_hang_hoa_che_khuat,531,26.7,62.0,4095.0,1.0,166.0,1,0
2026-09-20T21:53:22.596887,esp32-may-1,20260920_214430_hang_hoa_che_khuat,532,26.7,62.0,4095.0,1.0,162.0,1,0
2026-09-20T21:53:23.541763,esp32-may-1,20260920_214430_hang_hoa_che_khuat,533,26.7,62.0,4095.0,1.0,161.0,1,0
2026-09-20T21:53:24.646761,esp32-may-1,20260920_214430_hang_hoa_che_khuat,534,26.7,62.0,4095.0,1.0,160.0,1,0
2026-09-20T21:53:25.681303,esp32-may-1,20260920_214430_hang_hoa_che_khuat,535,26.7,62.0,4095.0,1.0,158.0,1,0
2026-09-20T21:53:26.568049,esp32-may-1,20260920_214430_hang_hoa_che_khuat,536,26.7,62.0,4095.0,1.0,160.0,1,0
2026-09-20T21:53:27.722110,esp32-may-1,20260920_214430_hang_hoa_che_khuat,537,26.7,62.0,4095.0,1.0,157.0,1,0
2026-09-20T21:53:28.568110,esp32-may-1,20260920_214430_hang_hoa_che_khuat,538,26.7,62.0,4095.0,1.0,154.0,1,0
2026-09-20T21:53:29.535881,esp32-may-1,20260920_214430_hang_hoa_che_khuat,539,26.7,62.0,4095.0,1.0,159.0,1,0
2026-09-20T21:53:30.565954,esp32-may-1,20260920_214430_hang_hoa_che_khuat,540,26.7,62.0,4095.0,1.0,158.0,1,0
2026-09-20T21:53:31.614887,esp32-may-1,20260920_214430_hang_hoa_che_khuat,541,26.7,62.0,4095.0,1.0,153.0,1,0
2026-09-20T21:53:32.566183,esp32-may-1,20260920_214430_hang_hoa_che_khuat,542,26.7,62.0,4095.0,1.0,155.0,1,0
2026-09-20T21:53:33.655518,esp32-may-1,20260920_214430_hang_hoa_che_khuat,543,26.7,62.0,4095.0,1.0,155.0,1,0
2026-09-20T21:53:34.679369,esp32-may-1,20260920_214430_hang_hoa_che_khuat,544,26.7,62.0,4095.0,1.0,154.0,1,0
2026-09-20T21:53:35.705350,esp32-may-1,20260920_214430_hang_hoa_che_khuat,545,26.7,62.0,4095.0,1.0,155.0,1,0
2026-09-20T21:53:37.552188,esp32-may-1,20260920_214430_hang_hoa_che_khuat,546,26.6,62.0,4095.0,1.0,154.0,1,0
2026-09-20T21:53:37.670338,esp32-may-1,20260920_214430_hang_hoa_che_khuat,547,26.6,62.0,4095.0,1.0,144.0,1,0
2026-09-20T21:53:38.880179,esp32-may-1,20260920_214430_hang_hoa_che_khuat,548,26.6,62.0,4095.0,1.0,154.0,1,0
2026-09-20T21:53:39.663647,esp32-may-1,20260920_214430_hang_hoa_che_khuat,549,26.6,62.0,4095.0,1.0,153.0,1,0
2026-09-20T21:53:40.724409,esp32-may-1,20260920_214430_hang_hoa_che_khuat,550,26.7,62.0,4095.0,1.0,150.0,1,0
2026-09-20T21:53:41.756460,esp32-may-1,20260920_214430_hang_hoa_che_khuat,551,26.7,62.0,4095.0,1.0,151.0,1,0
2026-09-20T21:53:42.681922,esp32-may-1,20260920_214430_hang_hoa_che_khuat,552,26.6,62.0,4095.0,1.0,153.0,1,0
2026-09-20T21:53:43.795062,esp32-may-1,20260920_214430_hang_hoa_che_khuat,553,26.6,62.0,4095.0,1.0,155.0,1,0
2026-09-20T21:53:44.679503,esp32-may-1,20260920_214430_hang_hoa_che_khuat,554,26.6,62.0,4095.0,1.0,152.0,1,0
2026-09-20T21:53:45.848313,esp32-may-1,20260920_214430_hang_hoa_che_khuat,555,26.6,62.0,4095.0,1.0,151.0,1,0
2026-09-20T21:53:46.678967,esp32-may-1,20260920_214430_hang_hoa_che_khuat,556,26.6,62.0,4095.0,1.0,153.0,1,0
2026-09-20T21:53:47.655415,esp32-may-1,20260920_214430_hang_hoa_che_khuat,557,26.6,62.0,4095.0,1.0,150.0,1,0
2026-09-20T21:53:48.697936,esp32-may-1,20260920_214430_hang_hoa_che_khuat,558,26.7,62.0,4095.0,1.0,151.0,1,0
2026-09-20T21:53:49.648510,esp32-may-1,20260920_214430_hang_hoa_che_khuat,559,26.7,62.0,4095.0,1.0,150.0,1,0
2026-09-20T21:53:50.683459,esp32-may-1,20260920_214430_hang_hoa_che_khuat,560,26.6,62.0,4095.0,1.0,152.0,1,0
2026-09-20T21:53:51.782970,esp32-may-1,20260920_214430_hang_hoa_che_khuat,561,26.6,62.0,4095.0,1.0,149.0,1,0
2026-09-20T21:53:52.683738,esp32-may-1,20260920_214430_hang_hoa_che_khuat,562,26.6,62.0,4095.0,1.0,147.0,1,0
2026-09-20T21:53:53.828953,esp32-may-1,20260920_214430_hang_hoa_che_khuat,563,26.6,62.0,4095.0,1.0,150.0,1,0
2026-09-20T21:53:54.681516,esp32-may-1,20260920_214430_hang_hoa_che_khuat,564,26.7,62.0,4095.0,1.0,149.0,1,0
2026-09-20T21:53:55.650812,esp32-may-1,20260920_214430_hang_hoa_che_khuat,565,26.7,62.0,4095.0,1.0,149.0,1,0
2026-09-20T21:53:56.680280,esp32-may-1,20260920_214430_hang_hoa_che_khuat,566,26.7,61.0,4095.0,1.0,151.0,1,0
2026-09-20T21:53:57.773493,esp32-may-1,20260920_214430_hang_hoa_che_khuat,567,26.7,61.0,4095.0,1.0,150.0,1,0
2026-09-20T21:53:58.948007,esp32-may-1,20260920_214430_hang_hoa_che_khuat,568,26.6,62.0,4095.0,1.0,150.0,1,0
2026-09-20T21:53:59.661299,esp32-may-1,20260920_214430_hang_hoa_che_khuat,569,26.6,62.0,4095.0,1.0,151.0,1,0
2026-09-20T21:54:00.672531,esp32-may-1,20260920_214430_hang_hoa_che_khuat,570,26.6,62.0,4095.0,1.0,149.0,1,0
2026-09-20T21:54:01.820258,esp32-may-1,20260920_214430_hang_hoa_che_khuat,571,26.6,62.0,4095.0,1.0,147.0,1,0
2026-09-20T21:54:02.893996,esp32-may-1,20260920_214430_hang_hoa_che_khuat,572,26.6,61.0,4095.0,1.0,147.0,1,0
2026-09-20T21:54:03.657305,esp32-may-1,20260920_214430_hang_hoa_che_khuat,573,26.6,61.0,4095.0,1.0,150.0,1,0
2026-09-20T21:54:04.887270,esp32-may-1,20260920_214430_hang_hoa_che_khuat,574,26.6,61.0,4095.0,1.0,151.0,1,0
2026-09-20T21:54:05.708611,esp32-may-1,20260920_214430_hang_hoa_che_khuat,575,26.6,61.0,4095.0,1.0,149.0,1,0
2026-09-20T21:54:06.732116,esp32-may-1,20260920_214430_hang_hoa_che_khuat,576,26.6,62.0,4095.0,1.0,147.0,1,0
2026-09-20T21:54:07.654589,esp32-may-1,20260920_214430_hang_hoa_che_khuat,577,26.6,62.0,4095.0,1.0,147.0,1,0
2026-09-20T21:54:08.779124,esp32-may-1,20260920_214430_hang_hoa_che_khuat,578,26.6,61.0,4095.0,1.0,146.0,1,0
2026-09-20T21:54:09.658310,esp32-may-1,20260920_214430_hang_hoa_che_khuat,579,26.6,61.0,4095.0,1.0,144.0,1,0
2026-09-20T21:54:10.825863,esp32-may-1,20260920_214430_hang_hoa_che_khuat,580,26.6,62.0,4095.0,1.0,143.0,1,0
2026-09-20T21:54:11.852338,esp32-may-1,20260920_214430_hang_hoa_che_khuat,581,26.6,62.0,4095.0,1.0,151.0,1,0
2026-09-20T21:54:12.874468,esp32-may-1,20260920_214430_hang_hoa_che_khuat,582,26.6,61.0,4095.0,1.0,151.0,1,0
2026-09-20T21:54:13.694002,esp32-may-1,20260920_214430_hang_hoa_che_khuat,583,26.6,61.0,4095.0,1.0,150.0,1,0
2026-09-20T21:54:14.718024,esp32-may-1,20260920_214430_hang_hoa_che_khuat,584,26.6,62.0,4095.0,1.0,149.0,1,0
2026-09-20T21:54:15.742100,esp32-may-1,20260920_214430_hang_hoa_che_khuat,585,26.6,62.0,4095.0,1.0,147.0,1,0
2026-09-20T21:54:16.770981,esp32-may-1,20260920_214430_hang_hoa_che_khuat,586,26.6,61.0,4095.0,1.0,151.0,1,0
2026-09-20T21:54:17.789839,esp32-may-1,20260920_214430_hang_hoa_che_khuat,587,26.6,61.0,4095.0,1.0,149.0,1,0
2026-09-20T21:54:18.814382,esp32-may-1,20260920_214430_hang_hoa_che_khuat,588,26.6,61.0,4095.0,1.0,145.0,1,0
2026-09-20T21:54:19.652459,esp32-may-1,20260920_214430_hang_hoa_che_khuat,589,26.6,61.0,4095.0,1.0,146.0,1,0
2026-09-20T21:54:20.860839,esp32-may-1,20260920_214430_hang_hoa_che_khuat,590,26.6,62.0,4095.0,1.0,147.0,1,0
2026-09-20T21:54:21.651487,esp32-may-1,20260920_214430_hang_hoa_che_khuat,591,26.6,62.0,4095.0,1.0,147.0,1,0
2026-09-20T21:54:22.707930,esp32-may-1,20260920_214430_hang_hoa_che_khuat,592,26.6,61.0,4095.0,1.0,148.0,1,0
2026-09-20T21:54:23.651842,esp32-may-1,20260920_214430_hang_hoa_che_khuat,593,26.6,61.0,4095.0,1.0,149.0,1,0
2026-09-20T21:54:24.753676,esp32-may-1,20260920_214430_hang_hoa_che_khuat,594,26.6,61.0,4095.0,1.0,149.0,1,0
2026-09-20T21:54:25.777472,esp32-may-1,20260920_214430_hang_hoa_che_khuat,595,26.6,61.0,4095.0,1.0,149.0,1,0
2026-09-20T21:54:26.677596,esp32-may-1,20260920_214430_hang_hoa_che_khuat,596,26.6,62.0,4095.0,1.0,147.0,1,0
2026-09-20T23:28:00.734607,esp32-may-1,20260920_232707_khoi_bui,1,27.3,70.0,2799.0,1.0,750.0,1,5
2026-09-20T23:28:27.973250,esp32-may-1,20260920_232707_khoi_bui,26,27.4,70.0,1759.0,1.0,574.0,1,5
2026-09-20T23:28:28.994353,esp32-may-1,20260920_232707_khoi_bui,27,27.4,70.0,1715.0,1.0,543.0,1,5
2026-09-20T23:28:29.816304,esp32-may-1,20260920_232707_khoi_bui,28,27.4,70.0,1664.0,1.0,464.0,1,5
2026-09-20T23:28:30.684959,esp32-may-1,20260920_232707_khoi_bui,29,27.4,70.0,1744.0,1.0,545.0,1,5
2026-09-20T23:28:31.861090,esp32-may-1,20260920_232707_khoi_bui,30,27.4,70.0,2423.0,1.0,495.0,1,5
2026-09-20T23:28:32.681230,esp32-may-1,20260920_232707_khoi_bui,31,27.4,70.0,2800.0,1.0,480.0,1,5
2026-09-20T23:28:33.655792,esp32-may-1,20260920_232707_khoi_bui,32,27.4,70.0,1907.0,1.0,510.0,1,5
2026-09-20T23:28:34.732849,esp32-may-1,20260920_232707_khoi_bui,33,27.4,70.0,1676.0,1.0,485.0,1,5
2026-09-20T23:28:35.752287,esp32-may-1,20260920_232707_khoi_bui,34,27.4,70.0,1680.0,1.0,481.0,1,5
2026-09-20T23:28:36.778290,esp32-may-1,20260920_232707_khoi_bui,35,27.4,70.0,3203.0,1.0,474.0,1,5
2026-09-20T23:28:37.654062,esp32-may-1,20260920_232707_khoi_bui,36,27.4,70.0,1682.0,1.0,465.0,1,5
2026-09-20T23:28:38.827319,esp32-may-1,20260920_232707_khoi_bui,37,27.4,70.0,1724.0,1.0,464.0,1,5
2026-09-20T23:28:39.850290,esp32-may-1,20260920_232707_khoi_bui,38,27.4,70.0,2259.0,1.0,461.0,1,5
2026-09-20T23:28:40.670061,esp32-may-1,20260920_232707_khoi_bui,39,27.4,70.0,1699.0,1.0,453.0,1,5
2026-09-20T23:28:42.102961,esp32-may-1,20260920_232707_khoi_bui,40,27.4,70.0,1649.0,1.0,431.0,1,5
2026-09-20T23:28:43.026947,esp32-may-1,20260920_232707_khoi_bui,41,27.4,70.0,1654.0,1.0,427.0,1,5
2026-09-20T23:28:43.637628,esp32-may-1,20260920_232707_khoi_bui,42,27.4,70.0,2553.0,1.0,422.0,1,5
2026-09-20T23:28:44.661155,esp32-may-1,20260920_232707_khoi_bui,43,27.4,70.0,2037.0,1.0,438.0,1,5
2026-09-20T23:28:45.794129,esp32-may-1,20260920_232707_khoi_bui,44,27.4,70.0,2175.0,1.0,435.0,1,5
2026-09-20T23:28:46.697089,esp32-may-1,20260920_232707_khoi_bui,45,27.4,70.0,1845.0,1.0,421.0,1,5
2026-09-20T23:28:47.675124,esp32-may-1,20260920_232707_khoi_bui,46,27.4,70.0,2423.0,1.0,430.0,1,5
2026-09-20T23:28:48.864059,esp32-may-1,20260920_232707_khoi_bui,47,27.4,70.0,3839.0,1.0,428.0,1,5
2026-09-20T23:28:49.886706,esp32-may-1,20260920_232707_khoi_bui,48,27.4,70.0,2960.0,1.0,429.0,1,5
2026-09-20T23:28:50.701975,esp32-may-1,20260920_232707_khoi_bui,49,27.4,70.0,2079.0,1.0,426.0,1,5
2026-09-20T23:28:51.935155,esp32-may-1,20260920_232707_khoi_bui,50,27.4,70.0,2926.0,1.0,415.0,1,5
2026-09-20T23:28:52.692973,esp32-may-1,20260920_232707_khoi_bui,51,27.4,70.0,2367.0,1.0,413.0,1,5
2026-09-20T23:28:53.672126,esp32-may-1,20260920_232707_khoi_bui,52,27.4,70.0,1681.0,1.0,410.0,1,5
2026-09-20T23:28:55.207678,esp32-may-1,20260920_232707_khoi_bui,53,27.5,70.0,1662.0,1.0,400.0,1,5
2026-09-20T23:28:55.826077,esp32-may-1,20260920_232707_khoi_bui,54,27.5,70.0,1680.0,1.0,400.0,1,5
2026-09-20T23:28:56.852812,esp32-may-1,20260920_232707_khoi_bui,55,27.5,70.0,1681.0,1.0,400.0,1,5
2026-09-20T23:28:57.972141,esp32-may-1,20260920_232707_khoi_bui,56,27.5,70.0,1684.0,1.0,398.0,1,5
2026-09-20T23:28:59.202895,esp32-may-1,20260920_232707_khoi_bui,57,27.5,70.0,1675.0,1.0,397.0,1,5
2026-09-20T23:28:59.815507,esp32-may-1,20260920_232707_khoi_bui,58,27.5,70.0,1728.0,1.0,398.0,1,5
2026-09-20T23:29:00.839580,esp32-may-1,20260920_232707_khoi_bui,59,27.5,70.0,1903.0,1.0,396.0,1,5
2026-09-20T23:29:01.663396,esp32-may-1,20260920_232707_khoi_bui,60,27.5,70.0,1957.0,1.0,394.0,1,5
2026-09-20T23:29:02.888253,esp32-may-1,20260920_232707_khoi_bui,61,27.5,70.0,2043.0,1.0,395.0,1,5
2026-09-20T23:29:03.913119,esp32-may-1,20260920_232707_khoi_bui,62,27.5,70.0,4005.0,1.0,384.0,1,5
2026-09-20T23:29:04.742744,esp32-may-1,20260920_232707_khoi_bui,63,27.5,70.0,2209.0,1.0,385.0,1,5
2026-09-20T23:29:05.754132,esp32-may-1,20260920_232707_khoi_bui,64,27.5,70.0,2401.0,1.0,384.0,1,5
2026-09-20T23:29:06.678073,esp32-may-1,20260920_232707_khoi_bui,65,27.5,70.0,3670.0,1.0,382.0,1,5
2026-09-20T23:29:07.655184,esp32-may-1,20260920_232707_khoi_bui,66,27.5,70.0,2945.0,1.0,384.0,1,5
2026-09-20T23:29:08.826360,esp32-may-1,20260920_232707_khoi_bui,67,27.5,70.0,2112.0,1.0,382.0,1,5
2026-09-20T23:29:09.851548,esp32-may-1,20260920_232707_khoi_bui,68,27.5,70.0,2094.0,1.0,377.0,1,5
2026-09-20T23:29:10.678316,esp32-may-1,20260920_232707_khoi_bui,69,27.5,70.0,2038.0,1.0,378.0,1,5
2026-09-20T23:29:11.897792,esp32-may-1,20260920_232707_khoi_bui,70,27.5,70.0,1983.0,1.0,375.0,1,5
2026-09-20T23:29:12.667643,esp32-may-1,20260920_232707_khoi_bui,71,27.5,70.0,2075.0,1.0,391.0,1,5
2026-09-20T23:29:13.843820,esp32-may-1,20260920_232707_khoi_bui,72,27.5,70.0,2671.0,1.0,374.0,1,5
2026-09-20T23:29:14.870357,esp32-may-1,20260920_232707_khoi_bui,73,27.5,70.0,2025.0,1.0,398.0,1,5
2026-09-20T23:29:15.727245,esp32-may-1,20260920_232707_khoi_bui,74,27.5,70.0,2053.0,1.0,390.0,1,5
2026-09-20T23:29:16.713419,esp32-may-1,20260920_232707_khoi_bui,75,27.5,70.0,2047.0,1.0,384.0,1,5
2026-09-20T23:29:17.742176,esp32-may-1,20260920_232707_khoi_bui,76,27.5,70.0,2035.0,1.0,383.0,1,5
2026-09-20T23:29:18.760520,esp32-may-1,20260920_232707_khoi_bui,77,27.5,70.0,2037.0,1.0,385.0,1,5
2026-09-20T23:29:19.689086,esp32-may-1,20260920_232707_khoi_bui,78,27.5,70.0,2006.0,1.0,370.0,1,5
2026-09-20T23:29:20.815277,esp32-may-1,20260920_232707_khoi_bui,79,27.5,70.0,1828.0,1.0,368.0,1,5
2026-09-20T23:29:21.833179,esp32-may-1,20260920_232707_khoi_bui,80,27.5,70.0,1889.0,1.0,383.0,1,5
2026-09-20T23:29:22.858258,esp32-may-1,20260920_232707_khoi_bui,81,27.5,70.0,1807.0,1.0,333.0,1,5
2026-09-20T23:29:23.772200,esp32-may-1,20260920_232707_khoi_bui,82,27.5,70.0,1862.0,1.0,333.0,1,5
2026-09-20T23:29:24.903129,esp32-may-1,20260920_232707_khoi_bui,83,27.5,70.0,1801.0,1.0,327.0,1,5
2026-09-20T23:29:25.928326,esp32-may-1,20260920_232707_khoi_bui,84,27.5,70.0,2845.0,1.0,307.0,1,5
2026-09-20T23:29:26.749769,esp32-may-1,20260920_232707_khoi_bui,85,27.5,70.0,1968.0,1.0,299.0,1,5
2026-09-20T23:29:27.667695,esp32-may-1,20260920_232707_khoi_bui,86,27.5,70.0,2352.0,1.0,379.0,1,5
2026-09-20T23:29:28.795241,esp32-may-1,20260920_232707_khoi_bui,87,27.6,70.0,2246.0,1.0,416.0,1,5
2026-09-20T23:29:29.674021,esp32-may-1,20260920_232707_khoi_bui,88,27.6,70.0,2163.0,1.0,400.0,1,5
2026-09-20T23:29:30.845812,esp32-may-1,20260920_232707_khoi_bui,89,27.6,70.0,2223.0,1.0,399.0,1,5
2026-09-20T23:29:31.764653,esp32-may-1,20260920_232707_khoi_bui,90,27.6,70.0,2128.0,1.0,399.0,1,5
2026-09-20T23:29:32.892723,esp32-may-1,20260920_232707_khoi_bui,91,27.6,70.0,2093.0,1.0,394.0,1,5
2026-09-20T23:29:33.812100,esp32-may-1,20260920_232707_khoi_bui,92,27.6,70.0,3184.0,1.0,400.0,1,5
2026-09-20T23:29:34.763612,esp32-may-1,20260920_232707_khoi_bui,93,27.6,70.0,2245.0,1.0,400.0,1,5
2026-09-20T23:29:35.859827,esp32-may-1,20260920_232707_khoi_bui,94,27.6,70.0,3453.0,1.0,400.0,1,5
2026-09-20T23:29:36.681779,esp32-may-1,20260920_232707_khoi_bui,95,27.6,70.0,2447.0,1.0,399.0,1,5
2026-09-20T23:29:37.692317,esp32-may-1,20260920_232707_khoi_bui,96,27.6,70.0,2065.0,1.0,393.0,1,5
2026-09-20T23:29:38.676588,esp32-may-1,20260920_232707_khoi_bui,97,27.6,70.0,2369.0,1.0,398.0,1,5
2026-09-20T23:29:39.750481,esp32-may-1,20260920_232707_khoi_bui,98,27.6,70.0,2221.0,1.0,396.0,1,5
2026-09-20T23:29:40.775639,esp32-may-1,20260920_232707_khoi_bui,99,27.6,70.0,2875.0,1.0,326.0,1,5
2026-09-20T23:29:42.310516,esp32-may-1,20260920_232707_khoi_bui,100,27.6,70.0,2045.0,1.0,228.0,1,5
2026-09-20T23:29:42.927192,esp32-may-1,20260920_232707_khoi_bui,101,27.6,70.0,1931.0,1.0,176.0,1,5
2026-09-20T23:29:43.739544,esp32-may-1,20260920_232707_khoi_bui,102,27.6,70.0,2189.0,1.0,225.0,1,5
2026-09-20T23:29:44.870179,esp32-may-1,20260920_232707_khoi_bui,103,27.6,70.0,1853.0,1.0,218.0,1,5
2026-09-20T23:29:45.643270,esp32-may-1,20260920_232707_khoi_bui,104,27.6,70.0,2173.0,1.0,326.0,1,5
2026-09-20T23:29:46.713568,esp32-may-1,20260920_232707_khoi_bui,105,27.6,70.0,3797.0,1.0,309.0,1,5
2026-09-20T23:29:47.635458,esp32-may-1,20260920_232707_khoi_bui,106,27.6,70.0,2403.0,1.0,305.0,1,5
2026-09-20T23:29:48.662344,esp32-may-1,20260920_232707_khoi_bui,107,27.6,70.0,2192.0,1.0,304.0,1,5
2026-09-20T23:29:49.790872,esp32-may-1,20260920_232707_khoi_bui,108,27.6,70.0,2320.0,1.0,299.0,1,5
2026-09-20T23:29:50.912045,esp32-may-1,20260920_232707_khoi_bui,109,27.6,70.0,2441.0,1.0,299.0,1,5
2026-09-20T23:29:52.244677,esp32-may-1,20260920_232707_khoi_bui,110,27.6,70.0,2976.0,1.0,298.0,1,5
2026-09-20T23:29:52.856887,esp32-may-1,20260920_232707_khoi_bui,111,27.6,70.0,1904.0,1.0,293.0,1,5
2026-09-20T23:29:53.881172,esp32-may-1,20260920_232707_khoi_bui,112,27.6,70.0,1926.0,1.0,297.0,1,5
2026-09-20T23:29:54.905078,esp32-may-1,20260920_232707_khoi_bui,113,27.6,70.0,3263.0,1.0,317.0,1,5
2026-09-20T23:29:55.827627,esp32-may-1,20260920_232707_khoi_bui,114,27.6,70.0,1597.0,1.0,294.0,1,5
2026-09-20T23:29:57.157709,esp32-may-1,20260920_232707_khoi_bui,115,27.7,70.0,1627.0,1.0,318.0,1,5
2026-09-20T23:29:58.796406,esp32-may-1,20260920_232707_khoi_bui,116,27.7,70.0,1622.0,1.0,317.0,1,5
2026-09-20T23:29:59.206060,esp32-may-1,20260920_232707_khoi_bui,117,27.6,70.0,1593.0,1.0,300.0,1,5
2026-09-20T23:29:59.926613,esp32-may-1,20260920_232707_khoi_bui,118,27.6,70.0,1636.0,1.0,307.0,1,5
2026-09-20T23:30:01.048838,esp32-may-1,20260920_232707_khoi_bui,119,27.6,70.0,4095.0,1.0,306.0,1,5
2026-09-20T23:30:02.383128,esp32-may-1,20260920_232707_khoi_bui,120,27.6,70.0,3371.0,1.0,303.0,1,5
2026-09-20T23:30:03.404301,esp32-may-1,20260920_232707_khoi_bui,121,27.6,70.0,1601.0,1.0,301.0,1,5
2026-09-20T23:30:04.120816,esp32-may-1,20260920_232707_khoi_bui,122,27.6,70.0,1807.0,1.0,310.0,1,5
2026-09-20T23:30:05.146425,esp32-may-1,20260920_232707_khoi_bui,123,27.7,70.0,2699.0,1.0,307.0,1,5
2026-09-20T23:30:06.171033,esp32-may-1,20260920_232707_khoi_bui,124,27.7,70.0,2522.0,1.0,306.0,1,5
2026-09-20T23:30:07.193186,esp32-may-1,20260920_232707_khoi_bui,125,27.7,70.0,3114.0,1.0,309.0,1,5
2026-09-20T23:30:07.952116,esp32-may-1,20260920_232707_khoi_bui,126,27.7,70.0,1782.0,1.0,327.0,1,5
2026-09-20T23:30:08.983289,esp32-may-1,20260920_232707_khoi_bui,127,27.6,70.0,1958.0,1.0,523.0,1,5
2026-09-20T23:30:10.059533,esp32-may-1,20260920_232707_khoi_bui,128,27.6,70.0,1842.0,1.0,574.0,1,5
2026-09-20T23:30:10.979749,esp32-may-1,20260920_232707_khoi_bui,129,27.7,70.0,2213.0,1.0,371.0,1,5
2026-09-20T23:30:11.956416,esp32-may-1,20260920_232707_khoi_bui,130,27.7,70.0,3571.0,1.0,359.0,1,5
2026-09-20T23:30:12.984896,esp32-may-1,20260920_232707_khoi_bui,131,27.7,70.0,1806.0,1.0,368.0,1,5
2026-09-20T23:30:13.951236,esp32-may-1,20260920_232707_khoi_bui,132,27.7,70.0,1705.0,1.0,294.0,1,5
2026-09-20T23:30:14.979113,esp32-may-1,20260920_232707_khoi_bui,133,27.7,70.0,1839.0,1.0,438.0,1,5
2026-09-20T23:30:16.103047,esp32-may-1,20260920_232707_khoi_bui,134,27.7,70.0,1921.0,1.0,196.0,1,5
2026-09-20T23:30:17.125454,esp32-may-1,20260920_232707_khoi_bui,135,27.7,70.0,3331.0,1.0,208.0,1,5
2026-09-20T23:30:18.148703,esp32-may-1,20260920_232707_khoi_bui,136,27.7,70.0,2559.0,1.0,263.0,1,5
2026-09-20T23:30:19.173067,esp32-may-1,20260920_232707_khoi_bui,137,27.8,70.0,1611.0,1.0,263.0,1,5
2026-09-20T23:30:19.945683,esp32-may-1,20260920_232707_khoi_bui,138,27.8,70.0,1601.0,1.0,259.0,1,5
2026-09-20T23:30:20.961429,esp32-may-1,20260920_232707_khoi_bui,139,27.7,70.0,1591.0,1.0,245.0,1,5
2026-09-20T23:30:21.941472,esp32-may-1,20260920_232707_khoi_bui,140,27.7,70.0,1562.0,1.0,208.0,1,5
2026-09-20T23:30:23.065848,esp32-may-1,20260920_232707_khoi_bui,141,27.7,70.0,1557.0,1.0,203.0,1,5
2026-09-20T23:30:24.089006,esp32-may-1,20260920_232707_khoi_bui,142,27.7,70.0,1554.0,1.0,195.0,1,5
2026-09-20T23:30:25.217491,esp32-may-1,20260920_232707_khoi_bui,143,27.7,70.0,1568.0,1.0,204.0,1,5
2026-09-20T23:30:26.340456,esp32-may-1,20260920_232707_khoi_bui,144,27.7,70.0,3342.0,1.0,203.0,1,5
2026-09-20T23:30:27.364192,esp32-may-1,20260920_232707_khoi_bui,145,27.8,70.0,3916.0,1.0,208.0,1,5
2026-09-20T23:30:27.979202,esp32-may-1,20260920_232707_khoi_bui,146,27.8,70.0,2121.0,1.0,194.0,1,5
2026-09-20T23:30:29.002662,esp32-may-1,20260920_232707_khoi_bui,147,27.8,70.0,2071.0,1.0,195.0,1,5
2026-09-20T23:30:29.928309,esp32-may-1,20260920_232707_khoi_bui,148,27.8,70.0,4039.0,1.0,177.0,1,5
2026-09-20T23:30:31.051606,esp32-may-1,20260920_232707_khoi_bui,149,27.8,70.0,4027.0,1.0,194.0,1,5
2026-09-20T23:30:32.281435,esp32-may-1,20260920_232707_khoi_bui,150,27.8,70.0,3920.0,1.0,188.0,1,5
2026-09-20T23:30:32.950909,esp32-may-1,20260920_232707_khoi_bui,151,27.8,70.0,4083.0,1.0,192.0,1,5
2026-09-20T23:30:34.022620,esp32-may-1,20260920_232707_khoi_bui,152,27.8,70.0,1781.0,1.0,179.0,1,5
2026-09-20T23:30:35.067251,esp32-may-1,20260920_232707_khoi_bui,153,27.8,70.0,2314.0,1.0,119.0,1,5
2026-09-20T23:30:36.069070,esp32-may-1,20260920_232707_khoi_bui,154,27.8,70.0,1871.0,1.0,115.0,1,5
2026-09-20T23:30:37.093796,esp32-may-1,20260920_232707_khoi_bui,155,27.8,70.0,1616.0,1.0,119.0,1,5
2026-09-20T23:30:37.957793,esp32-may-1,20260920_232707_khoi_bui,156,27.8,70.0,1535.0,1.0,121.0,1,5
2026-09-20T23:30:39.146255,esp32-may-1,20260920_232707_khoi_bui,157,27.8,70.0,1493.0,1.0,118.0,1,5
2026-09-20T23:30:39.960680,esp32-may-1,20260920_232707_khoi_bui,158,27.8,70.0,1493.0,1.0,114.0,1,5
2026-09-20T23:30:41.291291,esp32-may-1,20260920_232707_khoi_bui,159,27.8,70.0,1504.0,1.0,112.0,1,5
2026-09-20T23:30:42.419737,esp32-may-1,20260920_232707_khoi_bui,160,27.8,70.0,2704.0,1.0,102.0,1,5
2026-09-20T23:30:43.546213,esp32-may-1,20260920_232707_khoi_bui,161,27.8,70.0,2416.0,1.0,85.0,1,5
2026-09-20T23:30:43.956309,esp32-may-1,20260920_232707_khoi_bui,162,27.8,70.0,400.0,1.0,129.0,1,5
2026-09-20T23:30:44.978652,esp32-may-1,20260920_232707_khoi_bui,163,27.8,70.0,1949.0,1.0,115.0,1,5
2026-09-20T23:30:46.003039,esp32-may-1,20260920_232707_khoi_bui,164,27.8,70.0,2173.0,1.0,117.0,1,5
2026-09-20T23:30:47.232284,esp32-may-1,20260920_232707_khoi_bui,165,27.8,70.0,3119.0,1.0,114.0,1,5
2026-09-20T23:30:48.255564,esp32-may-1,20260920_232707_khoi_bui,166,27.8,70.0,1914.0,1.0,113.0,1,5
2026-09-20T23:30:49.279422,esp32-may-1,20260920_232707_khoi_bui,167,27.8,70.0,2896.0,1.0,112.0,1,5
2026-09-20T23:30:50.099773,esp32-may-1,20260920_232707_khoi_bui,168,27.8,70.0,2240.0,1.0,113.0,1,5
2026-09-20T23:30:51.123075,esp32-may-1,20260920_232707_khoi_bui,169,27.8,70.0,1809.0,1.0,112.0,1,5
2026-09-20T23:30:51.943613,esp32-may-1,20260920_232707_khoi_bui,170,27.8,70.0,2303.0,1.0,112.0,1,5
2026-09-20T23:30:53.170385,esp32-may-1,20260920_232707_khoi_bui,171,27.8,70.0,3055.0,1.0,111.0,1,5
2026-09-20T23:30:53.989867,esp32-may-1,20260920_232707_khoi_bui,172,27.8,70.0,1535.0,1.0,111.0,1,5
2026-09-20T23:30:55.012809,esp32-may-1,20260920_232707_khoi_bui,173,27.8,70.0,1517.0,1.0,111.0,1,5
2026-09-20T23:30:56.038367,esp32-may-1,20260920_232707_khoi_bui,174,27.8,70.0,1925.0,1.0,107.0,1,5
2026-09-20T23:30:57.370603,esp32-may-1,20260920_232707_khoi_bui,175,27.9,70.0,1535.0,1.0,107.0,1,5
2026-09-20T23:30:58.187559,esp32-may-1,20260920_232707_khoi_bui,176,27.9,70.0,1506.0,1.0,105.0,1,5
2026-09-20T23:30:59.306540,esp32-may-1,20260920_232707_khoi_bui,177,27.8,70.0,1501.0,1.0,105.0,1,5
2026-09-20T23:31:00.029704,esp32-may-1,20260920_232707_khoi_bui,178,27.8,70.0,1499.0,1.0,103.0,1,5
2026-09-20T23:31:00.950853,esp32-may-1,20260920_232707_khoi_bui,179,27.8,70.0,1490.0,1.0,108.0,1,5
2026-09-20T23:31:02.080734,esp32-may-1,20260920_232707_khoi_bui,180,27.8,70.0,1488.0,1.0,105.0,1,5
2026-09-20T23:31:02.947809,esp32-may-1,20260920_232707_khoi_bui,181,27.9,70.0,1489.0,1.0,102.0,1,5
2026-09-20T23:31:04.127241,esp32-may-1,20260920_232707_khoi_bui,182,27.9,70.0,1494.0,1.0,103.0,1,5
2026-09-20T23:31:05.149779,esp32-may-1,20260920_232707_khoi_bui,183,27.9,70.0,1519.0,1.0,103.0,1,5
2026-09-20T23:31:06.176626,esp32-may-1,20260920_232707_khoi_bui,184,27.9,70.0,2207.0,1.0,101.0,1,5
2026-09-20T23:31:06.944303,esp32-may-1,20260920_232707_khoi_bui,185,27.8,70.0,2421.0,1.0,99.0,1,5
2026-09-20T23:31:08.017337,esp32-may-1,20260920_232707_khoi_bui,186,27.8,70.0,2357.0,1.0,101.0,1,5
2026-09-20T23:31:09.143111,esp32-may-1,20260920_232707_khoi_bui,187,27.9,70.0,2321.0,1.0,99.0,1,5
2026-09-20T23:31:10.166787,esp32-may-1,20260920_232707_khoi_bui,188,27.9,70.0,2336.0,1.0,102.0,1,5
2026-09-20T23:31:10.985582,esp32-may-1,20260920_232707_khoi_bui,189,27.9,70.0,2361.0,1.0,99.0,1,5
2026-09-20T23:31:11.963253,esp32-may-1,20260920_232707_khoi_bui,190,27.9,70.0,2461.0,1.0,98.0,1,5
2026-09-20T23:31:12.988119,esp32-may-1,20260920_232707_khoi_bui,191,27.9,70.0,2416.0,1.0,98.0,1,5
2026-09-20T23:31:14.161936,esp32-may-1,20260920_232707_khoi_bui,192,27.9,70.0,2411.0,1.0,95.0,1,5
2026-09-20T23:31:15.082768,esp32-may-1,20260920_232707_khoi_bui,193,27.9,70.0,2470.0,1.0,97.0,1,5
2026-09-20T23:40:12.156157,esp32-may-1,20260920_234011_khoi_loang,1,27.6,70.0,4095.0,1.0,70.0,1,0
2026-09-20T23:40:13.076468,esp32-may-1,20260920_234011_khoi_loang,2,27.6,70.0,4095.0,1.0,64.0,1,0
2026-09-20T23:40:14.358949,esp32-may-1,20260920_234011_khoi_loang,3,27.7,69.0,4095.0,1.0,63.0,1,0
2026-09-20T23:40:15.023165,esp32-may-1,20260920_234011_khoi_loang,4,27.7,69.0,4095.0,1.0,50.0,1,0
2026-09-20T23:40:16.044803,esp32-may-1,20260920_234011_khoi_loang,5,27.7,69.0,4095.0,1.0,58.0,1,0
2026-09-20T23:40:17.175753,esp32-may-1,20260920_234011_khoi_loang,6,27.7,69.0,4095.0,1.0,69.0,1,0
2026-09-20T23:40:18.095326,esp32-may-1,20260920_234011_khoi_loang,7,27.7,69.0,4095.0,1.0,63.0,1,0
2026-09-20T23:40:19.222349,esp32-may-1,20260920_234011_khoi_loang,8,27.7,69.0,4095.0,1.0,62.0,1,0
2026-09-20T23:40:20.047537,esp32-may-1,20260920_234011_khoi_loang,9,27.7,70.0,4095.0,1.0,74.0,1,0
2026-09-20T23:40:21.047521,esp32-may-1,20260920_234011_khoi_loang,10,27.7,70.0,4095.0,1.0,73.0,1,0
2026-09-20T23:40:22.292571,esp32-may-1,20260920_234011_khoi_loang,11,27.6,69.0,4095.0,1.0,76.0,1,0
2026-09-20T23:40:23.111525,esp32-may-1,20260920_234011_khoi_loang,12,27.6,69.0,4095.0,1.0,77.0,1,0
2026-09-20T23:40:24.137490,esp32-may-1,20260920_234011_khoi_loang,13,27.7,69.0,4095.0,1.0,78.0,1,0
2026-09-20T23:40:25.159305,esp32-may-1,20260920_234011_khoi_loang,14,27.7,69.0,4095.0,1.0,79.0,1,0
2026-09-20T23:40:26.226164,esp32-may-1,20260920_234011_khoi_loang,15,27.6,69.0,4095.0,1.0,83.0,1,0
2026-09-20T23:40:27.051207,esp32-may-1,20260920_234011_khoi_loang,16,27.6,69.0,4095.0,1.0,84.0,1,0
2026-09-20T23:40:28.079280,esp32-may-1,20260920_234011_khoi_loang,17,27.7,70.0,4095.0,1.0,86.0,1,0
2026-09-20T23:40:29.255202,esp32-may-1,20260920_234011_khoi_loang,18,27.7,70.0,4095.0,1.0,83.0,1,0
2026-09-20T23:40:30.080521,esp32-may-1,20260920_234011_khoi_loang,19,27.7,69.0,4095.0,1.0,64.0,1,0
2026-09-20T23:40:31.103591,esp32-may-1,20260920_234011_khoi_loang,20,27.7,69.0,4095.0,1.0,77.0,1,0
2026-09-20T23:40:32.075518,esp32-may-1,20260920_234011_khoi_loang,21,27.6,69.0,4095.0,1.0,80.0,1,0
2026-09-20T23:40:33.153343,esp32-may-1,20260920_234011_khoi_loang,22,27.6,69.0,4095.0,1.0,82.0,1,0
2026-09-20T23:40:34.067756,esp32-may-1,20260920_234011_khoi_loang,23,27.7,69.0,4095.0,1.0,81.0,1,0
2026-09-20T23:40:35.092025,esp32-may-1,20260920_234011_khoi_loang,24,27.7,69.0,4095.0,1.0,83.0,1,0
2026-09-20T23:40:36.069643,esp32-may-1,20260920_234011_khoi_loang,25,27.6,69.0,4095.0,1.0,81.0,1,0
2026-09-20T23:40:37.139722,esp32-may-1,20260920_234011_khoi_loang,26,27.6,69.0,4095.0,1.0,81.0,1,0
2026-09-20T23:40:38.059722,esp32-may-1,20260920_234011_khoi_loang,27,27.7,69.0,4095.0,1.0,83.0,1,0
2026-09-20T23:40:39.192941,esp32-may-1,20260920_234011_khoi_loang,28,27.7,69.0,4095.0,1.0,71.0,1,0
2026-09-20T23:40:40.059195,esp32-may-1,20260920_234011_khoi_loang,29,27.6,69.0,4095.0,1.0,80.0,1,0
2026-09-20T23:40:41.338232,esp32-may-1,20260920_234011_khoi_loang,30,27.6,69.0,4095.0,1.0,83.0,1,5
2026-09-20T23:40:42.465223,esp32-may-1,20260920_234011_khoi_loang,31,27.6,70.0,4095.0,1.0,75.0,1,5
2026-09-20T23:40:43.386635,esp32-may-1,20260920_234011_khoi_loang,32,27.6,70.0,4095.0,1.0,79.0,1,5
2026-09-20T23:40:44.103463,esp32-may-1,20260920_234011_khoi_loang,33,27.6,70.0,4095.0,1.0,82.0,1,5
2026-09-20T23:40:45.128739,esp32-may-1,20260920_234011_khoi_loang,34,27.6,70.0,3122.0,1.0,79.0,1,5
2026-09-20T23:40:46.151381,esp32-may-1,20260920_234011_khoi_loang,35,27.7,70.0,1518.0,1.0,80.0,1,5
2026-09-20T23:40:47.023270,esp32-may-1,20260920_234011_khoi_loang,36,27.7,70.0,1424.0,1.0,82.0,1,5
2026-09-20T23:40:48.199828,esp32-may-1,20260920_234011_khoi_loang,37,27.7,70.0,1424.0,1.0,85.0,1,5
2026-09-20T23:40:49.223858,esp32-may-1,20260920_234011_khoi_loang,38,27.7,70.0,1711.0,1.0,90.0,1,5
2026-09-20T23:40:50.043617,esp32-may-1,20260920_234011_khoi_loang,39,27.7,69.0,1471.0,1.0,87.0,1,5
2026-09-20T23:40:51.172047,esp32-may-1,20260920_234011_khoi_loang,40,27.7,69.0,1855.0,1.0,91.0,1,5
2026-09-20T23:40:52.046692,esp32-may-1,20260920_234011_khoi_loang,41,27.7,69.0,2114.0,1.0,91.0,1,5
2026-09-20T23:40:53.063222,esp32-may-1,20260920_234011_khoi_loang,42,27.7,69.0,1946.0,1.0,112.0,1,5
2026-09-20T23:40:54.044799,esp32-may-1,20260920_234011_khoi_loang,43,27.6,70.0,1577.0,1.0,143.0,1,5
2026-09-20T23:40:55.366268,esp32-may-1,20260920_234011_khoi_loang,44,27.6,70.0,1470.0,1.0,134.0,1,5
2026-09-20T23:40:56.290476,esp32-may-1,20260920_234011_khoi_loang,45,27.7,70.0,1417.0,1.0,134.0,1,5
2026-09-20T23:40:57.320601,esp32-may-1,20260920_234011_khoi_loang,46,27.7,70.0,1280.0,1.0,99.0,1,5
2026-09-20T23:40:58.336696,esp32-may-1,20260920_234011_khoi_loang,47,27.6,70.0,1561.0,1.0,95.0,1,5
2026-09-20T23:40:59.052251,esp32-may-1,20260920_234011_khoi_loang,48,27.6,70.0,1734.0,1.0,98.0,1,5
2026-09-20T23:41:00.384122,esp32-may-1,20260920_234011_khoi_loang,49,27.7,70.0,2096.0,1.0,111.0,1,5
2026-09-20T23:41:01.203158,esp32-may-1,20260920_234011_khoi_loang,50,27.7,70.0,2208.0,1.0,103.0,1,5
2026-09-20T23:41:02.432682,esp32-may-1,20260920_234011_khoi_loang,51,27.7,69.0,1841.0,1.0,90.0,1,5
2026-09-20T23:41:03.456770,esp32-may-1,20260920_234011_khoi_loang,52,27.7,69.0,2400.0,1.0,112.0,1,5
2026-09-20T23:41:04.479869,esp32-may-1,20260920_234011_khoi_loang,53,27.7,69.0,2071.0,1.0,121.0,1,5
2026-09-20T23:41:05.300449,esp32-may-1,20260920_234011_khoi_loang,54,27.7,69.0,1789.0,1.0,106.0,1,5
2026-09-20T23:41:06.326894,esp32-may-1,20260920_234011_khoi_loang,55,27.6,69.0,2045.0,1.0,171.0,1,5
2026-09-20T23:41:07.347075,esp32-may-1,20260920_234011_khoi_loang,56,27.6,69.0,2016.0,1.0,176.0,1,5
2026-09-20T23:41:08.373296,esp32-may-1,20260920_234011_khoi_loang,57,27.7,70.0,2090.0,1.0,178.0,1,5
2026-09-20T23:41:09.293042,esp32-may-1,20260920_234011_khoi_loang,58,27.7,70.0,2890.0,1.0,178.0,1,5
2026-09-20T23:41:10.316275,esp32-may-1,20260920_234011_khoi_loang,59,27.7,69.0,3085.0,1.0,208.0,1,5
2026-09-20T23:41:11.341630,esp32-may-1,20260920_234011_khoi_loang,60,27.7,69.0,3175.0,1.0,163.0,1,5
2026-09-20T23:41:12.366513,esp32-may-1,20260920_234011_khoi_loang,61,27.6,70.0,3383.0,1.0,128.0,1,5
2026-09-20T23:41:13.184976,esp32-may-1,20260920_234011_khoi_loang,62,27.6,70.0,3636.0,1.0,135.0,1,5
2026-09-20T23:41:14.207874,esp32-may-1,20260920_234011_khoi_loang,63,27.6,70.0,3247.0,1.0,118.0,1,5
2026-09-20T23:41:15.130053,esp32-may-1,20260920_234011_khoi_loang,64,27.6,70.0,2790.0,1.0,208.0,1,5
2026-09-20T23:41:16.153679,esp32-may-1,20260920_234011_khoi_loang,65,27.6,69.0,2703.0,1.0,305.0,1,5
2026-09-20T23:41:17.027378,esp32-may-1,20260920_234011_khoi_loang,66,27.6,69.0,2797.0,1.0,361.0,1,5
2026-09-20T23:41:18.200912,esp32-may-1,20260920_234011_khoi_loang,67,27.6,69.0,3199.0,1.0,358.0,1,5
2026-09-20T23:41:19.225278,esp32-may-1,20260920_234011_khoi_loang,68,27.6,69.0,3257.0,1.0,311.0,1,5
2026-09-20T23:41:20.042728,esp32-may-1,20260920_234011_khoi_loang,69,27.6,69.0,3107.0,1.0,381.0,1,5
2026-09-20T23:41:21.068472,esp32-may-1,20260920_234011_khoi_loang,70,27.6,69.0,3253.0,1.0,423.0,1,5
2026-09-20T23:41:22.093408,esp32-may-1,20260920_234011_khoi_loang,71,27.6,69.0,3345.0,1.0,252.0,1,5
2026-09-20T23:41:23.022481,esp32-may-1,20260920_234011_khoi_loang,72,27.6,69.0,3315.0,1.0,209.0,1,5
2026-09-20T23:41:24.044140,esp32-may-1,20260920_234011_khoi_loang,73,27.6,69.0,3337.0,1.0,250.0,1,5
2026-09-20T23:41:25.164468,esp32-may-1,20260920_234011_khoi_loang,74,27.6,69.0,3312.0,1.0,199.0,1,5
2026-09-20T23:41:26.188310,esp32-may-1,20260920_234011_khoi_loang,75,27.6,69.0,3262.0,1.0,176.0,1,5
2026-09-20T23:41:27.213382,esp32-may-1,20260920_234011_khoi_loang,76,27.6,69.0,3344.0,1.0,223.0,1,5
2026-09-20T23:41:28.237379,esp32-may-1,20260920_234011_khoi_loang,77,27.6,69.0,3390.0,1.0,327.0,1,5
2026-09-20T23:41:29.260729,esp32-may-1,20260920_234011_khoi_loang,78,27.6,69.0,3426.0,1.0,379.0,1,5
2026-09-20T23:41:30.081776,esp32-may-1,20260920_234011_khoi_loang,79,27.7,69.0,2937.0,1.0,511.0,1,5
2026-09-20T23:41:31.307823,esp32-may-1,20260920_234011_khoi_loang,80,27.7,69.0,2981.0,1.0,565.0,1,5
2026-09-20T23:41:32.127216,esp32-may-1,20260920_234011_khoi_loang,81,27.5,68.0,0.0,1.0,557.0,1,5
2026-09-20T23:41:33.152755,esp32-may-1,20260920_234011_khoi_loang,82,27.5,68.0,3601.0,1.0,569.0,1,5
2026-09-20T23:41:34.076987,esp32-may-1,20260920_234011_khoi_loang,83,27.5,69.0,3485.0,1.0,472.0,1,5
2026-09-20T23:41:35.045713,esp32-may-1,20260920_234011_khoi_loang,84,27.5,69.0,3566.0,1.0,433.0,1,5
2026-09-20T23:41:36.072299,esp32-may-1,20260920_234011_khoi_loang,85,27.6,68.0,462.0,1.0,495.0,1,5
2026-09-20T23:41:37.144630,esp32-may-1,20260920_234011_khoi_loang,86,27.6,68.0,0.0,1.0,489.0,1,5
2026-09-20T23:41:38.064191,esp32-may-1,20260920_234011_khoi_loang,87,27.5,68.0,3986.0,1.0,472.0,1,5
2026-09-20T23:41:39.041220,esp32-may-1,20260920_234011_khoi_loang,88,27.5,68.0,4071.0,1.0,490.0,1,5
2026-09-20T23:41:40.063359,esp32-may-1,20260920_234011_khoi_loang,89,27.5,68.0,4076.0,1.0,507.0,1,5
2026-09-20T23:41:41.137838,esp32-may-1,20260920_234011_khoi_loang,90,27.5,68.0,4095.0,1.0,524.0,1,5
2026-09-20T23:41:42.571527,esp32-may-1,20260920_234011_khoi_loang,91,27.6,69.0,3248.0,1.0,538.0,1,5
2026-09-20T23:41:43.493506,esp32-may-1,20260920_234011_khoi_loang,92,27.6,69.0,0.0,1.0,555.0,1,5
2026-09-20T23:41:44.210875,esp32-may-1,20260920_234011_khoi_loang,93,27.5,69.0,0.0,1.0,535.0,1,5
2026-09-20T23:41:45.234103,esp32-may-1,20260920_234011_khoi_loang,94,27.5,69.0,4095.0,1.0,485.0,1,5
2026-09-20T23:41:46.257816,esp32-may-1,20260920_234011_khoi_loang,95,27.5,68.0,0.0,1.0,503.0,1,5
2026-09-20T23:41:47.180175,esp32-may-1,20260920_234011_khoi_loang,96,27.5,68.0,4095.0,1.0,381.0,1,5
2026-09-20T23:41:48.203271,esp32-may-1,20260920_234011_khoi_loang,97,27.5,68.0,2273.0,1.0,487.0,1,5
2026-09-20T23:41:49.432714,esp32-may-1,20260920_234011_khoi_loang,98,27.5,68.0,1327.0,1.0,590.0,1,5
2026-09-20T23:41:50.455969,esp32-may-1,20260920_234011_khoi_loang,99,27.5,68.0,1520.0,1.0,630.0,1,5
2026-09-20T23:41:51.275282,esp32-may-1,20260920_234011_khoi_loang,100,27.5,68.0,1269.0,1.0,605.0,1,5
2026-09-20T23:41:52.041764,esp32-may-1,20260920_234011_khoi_loang,101,27.4,69.0,1232.0,1.0,609.0,1,5
2026-09-20T23:41:53.118217,esp32-may-1,20260920_234011_khoi_loang,102,27.4,69.0,1452.0,1.0,622.0,1,5
2026-09-20T23:41:54.142575,esp32-may-1,20260920_234011_khoi_loang,103,27.5,69.0,1619.0,1.0,523.0,1,5
2026-09-20T23:41:55.012737,esp32-may-1,20260920_234011_khoi_loang,104,27.5,69.0,1535.0,1.0,496.0,1,5
2026-09-20T23:41:56.189492,esp32-may-1,20260920_234011_khoi_loang,105,27.5,69.0,1534.0,1.0,477.0,1,5
2026-09-20T23:41:57.013574,esp32-may-1,20260920_234011_khoi_loang,106,27.5,69.0,1560.0,1.0,439.0,1,5
2026-09-20T23:41:58.238792,esp32-may-1,20260920_234011_khoi_loang,107,27.5,68.0,1566.0,1.0,387.0,1,5
2026-09-20T23:41:59.048869,esp32-may-1,20260920_234011_khoi_loang,108,27.5,68.0,1502.0,1.0,464.0,1,5
2026-09-20T23:42:00.286272,esp32-may-1,20260920_234011_khoi_loang,109,27.5,68.0,1508.0,1.0,511.0,1,5
2026-09-20T23:42:01.048347,esp32-may-1,20260920_234011_khoi_loang,110,27.5,68.0,1555.0,1.0,530.0,1,5
2026-09-20T23:42:02.129706,esp32-may-1,20260920_234011_khoi_loang,111,27.5,68.0,1596.0,1.0,351.0,1,5
2026-09-20T23:42:03.153417,esp32-may-1,20260920_234011_khoi_loang,112,27.5,68.0,1645.0,1.0,431.0,1,5
2026-09-20T23:42:04.070737,esp32-may-1,20260920_234011_khoi_loang,113,27.5,69.0,1584.0,1.0,374.0,1,5
2026-09-20T23:42:05.201601,esp32-may-1,20260920_234011_khoi_loang,114,27.5,69.0,1743.0,1.0,288.0,1,5
2026-09-20T23:42:06.079463,esp32-may-1,20260920_234011_khoi_loang,115,27.6,69.0,1808.0,1.0,179.0,1,5
2026-09-20T23:42:07.043216,esp32-may-1,20260920_234011_khoi_loang,116,27.6,69.0,1831.0,1.0,95.0,1,5
2026-09-20T23:42:08.275226,esp32-may-1,20260920_234011_khoi_loang,117,27.6,69.0,0.0,1.0,58.0,1,5
2026-09-20T23:42:09.093183,esp32-may-1,20260920_234011_khoi_loang,118,27.6,69.0,0.0,1.0,99.0,1,5
2026-09-20T23:42:10.067528,esp32-may-1,20260920_234011_khoi_loang,119,27.6,69.0,2170.0,1.0,178.0,1,5
2026-09-20T23:42:11.140273,esp32-may-1,20260920_234011_khoi_loang,120,27.6,69.0,2188.0,1.0,303.0,1,5
2026-09-20T23:42:12.070355,esp32-may-1,20260920_234011_khoi_loang,121,27.6,69.0,2378.0,1.0,432.0,1,5
2026-09-20T23:42:13.188501,esp32-may-1,20260920_234011_khoi_loang,122,27.6,69.0,2402.0,1.0,347.0,1,5
2026-09-20T23:42:14.060911,esp32-may-1,20260920_234011_khoi_loang,123,27.6,69.0,2477.0,1.0,282.0,1,5
2026-09-20T23:42:15.070921,esp32-may-1,20260920_234011_khoi_loang,124,27.6,69.0,2478.0,1.0,227.0,1,5
2026-09-20T23:42:16.054288,esp32-may-1,20260920_234011_khoi_loang,125,27.6,69.0,2496.0,1.0,240.0,1,5
2026-09-20T23:42:17.033340,esp32-may-1,20260920_234011_khoi_loang,126,27.6,69.0,2479.0,1.0,275.0,1,5
2026-09-20T23:42:18.107398,esp32-may-1,20260920_234011_khoi_loang,127,27.6,68.0,55.0,1.0,342.0,1,5
2026-09-20T23:42:19.027872,esp32-may-1,20260920_234011_khoi_loang,128,27.6,68.0,2106.0,1.0,467.0,1,5
2026-09-20T23:42:20.054557,esp32-may-1,20260920_234011_khoi_loang,129,27.6,68.0,1979.0,1.0,592.0,1,5
2026-09-20T23:42:21.175609,esp32-may-1,20260920_234011_khoi_loang,130,27.6,68.0,2492.0,1.0,593.0,1,5
2026-09-20T23:42:22.199186,esp32-may-1,20260920_234011_khoi_loang,131,27.7,68.0,3259.0,1.0,528.0,1,5
2026-09-20T23:42:23.222897,esp32-may-1,20260920_234011_khoi_loang,132,27.7,68.0,2944.0,1.0,377.0,1,5
2026-09-20T23:42:24.041880,esp32-may-1,20260920_234011_khoi_loang,133,27.6,68.0,2839.0,1.0,390.0,1,5
2026-09-20T23:42:25.066259,esp32-may-1,20260920_234011_khoi_loang,134,27.6,68.0,2019.0,1.0,502.0,1,5
2026-09-20T23:42:26.192816,esp32-may-1,20260920_234011_khoi_loang,135,27.6,68.0,1779.0,1.0,583.0,1,5
2026-09-20T23:42:27.015901,esp32-may-1,20260920_234011_khoi_loang,136,27.6,68.0,1825.0,1.0,616.0,1,5
2026-09-20T23:42:28.037185,esp32-may-1,20260920_234011_khoi_loang,137,27.6,68.0,3007.0,1.0,591.0,1,5
2026-09-20T23:42:29.265495,esp32-may-1,20260920_234011_khoi_loang,138,27.6,68.0,2944.0,1.0,455.0,1,5
2026-09-20T23:42:30.289118,esp32-may-1,20260920_234011_khoi_loang,139,27.6,68.0,2998.0,1.0,351.0,1,5
2026-09-20T23:42:31.051066,esp32-may-1,20260920_234011_khoi_loang,140,27.6,68.0,3050.0,1.0,416.0,1,5
2026-09-20T23:42:32.234277,esp32-may-1,20260920_234011_khoi_loang,141,27.6,68.0,3152.0,1.0,394.0,1,5
2026-09-20T23:42:33.359985,esp32-may-1,20260920_234011_khoi_loang,142,27.6,68.0,3159.0,1.0,463.0,1,5
2026-09-20T23:42:34.179749,esp32-may-1,20260920_234011_khoi_loang,143,27.6,67.0,3011.0,1.0,555.0,1,5
2026-09-20T23:42:35.409108,esp32-may-1,20260920_234011_khoi_loang,144,27.6,67.0,3318.0,1.0,544.0,1,5
2026-09-20T23:42:36.228705,esp32-may-1,20260920_234011_khoi_loang,145,27.6,68.0,3323.0,1.0,575.0,1,5
2026-09-20T23:42:37.250941,esp32-may-1,20260920_234011_khoi_loang,146,27.6,68.0,2559.0,1.0,607.0,1,5
2026-09-20T23:42:38.173041,esp32-may-1,20260920_234011_khoi_loang,147,27.6,67.0,1855.0,1.0,599.0,1,5
2026-09-20T23:42:39.046409,esp32-may-1,20260920_234011_khoi_loang,148,27.6,67.0,1408.0,1.0,576.0,1,5
2026-09-20T23:42:40.118024,esp32-may-1,20260920_234011_khoi_loang,149,27.6,67.0,0.0,1.0,480.0,1,5
2026-09-20T23:42:41.038915,esp32-may-1,20260920_234011_khoi_loang,150,27.6,67.0,1295.0,1.0,433.0,1,5
2026-09-20T23:42:42.576153,esp32-may-1,20260920_234011_khoi_loang,151,27.5,68.0,1402.0,1.0,375.0,1,5
2026-09-20T23:42:43.497573,esp32-may-1,20260920_234011_khoi_loang,152,27.5,68.0,1319.0,1.0,273.0,1,5
2026-09-20T23:42:44.066794,esp32-may-1,20260920_234011_khoi_loang,153,27.6,68.0,1408.0,1.0,335.0,1,5
2026-09-20T23:42:45.031869,esp32-may-1,20260920_234011_khoi_loang,154,27.6,68.0,1403.0,1.0,315.0,1,5
2026-09-20T23:42:46.264798,esp32-may-1,20260920_234011_khoi_loang,155,27.6,68.0,1406.0,1.0,304.0,1,5
2026-09-20T23:42:47.069676,esp32-may-1,20260920_234011_khoi_loang,156,27.6,68.0,1408.0,1.0,291.0,1,5
2026-09-20T23:42:48.312909,esp32-may-1,20260920_234011_khoi_loang,157,27.6,68.0,1362.0,1.0,259.0,1,5
2026-09-20T23:42:49.129012,esp32-may-1,20260920_234011_khoi_loang,158,27.6,68.0,1409.0,1.0,261.0,1,5
2026-09-20T23:42:50.153287,esp32-may-1,20260920_234011_khoi_loang,159,27.5,67.0,1411.0,1.0,249.0,1,5
2026-09-20T23:42:51.216558,esp32-may-1,20260920_234011_khoi_loang,160,27.5,67.0,3685.0,1.0,240.0,1,5
2026-09-20T23:42:52.059217,esp32-may-1,20260920_234011_khoi_loang,161,27.6,68.0,3483.0,1.0,213.0,1,5
2026-09-20T23:42:53.022518,esp32-may-1,20260920_234011_khoi_loang,162,27.6,68.0,2480.0,1.0,208.0,1,5
2026-09-20T23:42:54.249199,esp32-may-1,20260920_234011_khoi_loang,163,27.6,67.0,1403.0,1.0,198.0,1,5
2026-09-20T23:42:55.016331,esp32-may-1,20260920_234011_khoi_loang,164,27.6,67.0,1398.0,1.0,193.0,1,5
2026-09-20T23:42:56.195637,esp32-may-1,20260920_234011_khoi_loang,165,27.6,68.0,1406.0,1.0,189.0,1,5
2026-09-20T23:42:57.218887,esp32-may-1,20260920_234011_khoi_loang,166,27.6,68.0,1408.0,1.0,178.0,1,5
2026-09-20T23:42:58.244525,esp32-may-1,20260920_234011_khoi_loang,167,27.6,67.0,1402.0,1.0,173.0,1,5
2026-09-20T23:42:59.010641,esp32-may-1,20260920_234011_khoi_loang,168,27.6,67.0,1398.0,1.0,167.0,1,5
2026-09-20T23:43:00.040794,esp32-may-1,20260920_234011_khoi_loang,169,27.5,67.0,1399.0,1.0,159.0,1,5
2026-09-20T23:43:01.046245,esp32-may-1,20260920_234011_khoi_loang,170,27.5,67.0,1402.0,1.0,153.0,1,5
2026-09-20T23:43:02.135520,esp32-may-1,20260920_234011_khoi_loang,171,27.5,67.0,1403.0,1.0,145.0,1,5
2026-09-20T23:43:03.160013,esp32-may-1,20260920_234011_khoi_loang,172,27.5,67.0,1360.0,1.0,136.0,1,5
2026-09-20T23:43:04.284313,esp32-may-1,20260920_234011_khoi_loang,173,27.5,67.0,1403.0,1.0,139.0,1,5
2026-09-20T23:43:05.103111,esp32-may-1,20260920_234011_khoi_loang,174,27.5,67.0,1403.0,1.0,131.0,1,5
2026-09-20T23:43:06.074300,esp32-may-1,20260920_234011_khoi_loang,175,27.5,67.0,1402.0,1.0,130.0,1,5
2026-09-20T23:43:07.355879,esp32-may-1,20260920_234011_khoi_loang,176,27.5,67.0,1402.0,1.0,126.0,1,5
2026-09-20T23:43:08.175429,esp32-may-1,20260920_234011_khoi_loang,177,27.5,67.0,1397.0,1.0,122.0,1,5
2026-09-20T23:43:09.199010,esp32-may-1,20260920_234011_khoi_loang,178,27.5,67.0,1401.0,1.0,119.0,1,5
2026-09-20T23:43:10.068120,esp32-may-1,20260920_234011_khoi_loang,179,27.5,67.0,1397.0,1.0,117.0,1,5
2026-09-20T23:43:11.043988,esp32-may-1,20260920_234011_khoi_loang,180,27.5,67.0,1395.0,1.0,112.0,1,5
2026-09-20T23:43:12.276566,esp32-may-1,20260920_234011_khoi_loang,181,27.5,67.0,1395.0,1.0,112.0,1,5
2026-09-20T23:43:13.196185,esp32-may-1,20260920_234011_khoi_loang,182,27.5,67.0,1401.0,1.0,111.0,1,5
2026-09-20T23:43:14.218839,esp32-may-1,20260920_234011_khoi_loang,183,27.5,66.0,1401.0,1.0,109.0,1,5
2026-09-20T23:43:15.035537,esp32-may-1,20260920_234011_khoi_loang,184,27.5,66.0,1399.0,1.0,105.0,1,5
2026-09-20T23:43:16.265001,esp32-may-1,20260920_234011_khoi_loang,185,27.4,67.0,1395.0,1.0,101.0,1,5
2026-09-20T23:43:17.078677,esp32-may-1,20260920_234011_khoi_loang,186,27.4,67.0,1399.0,1.0,101.0,1,5
2026-09-20T23:43:18.312757,esp32-may-1,20260920_234011_khoi_loang,187,27.4,66.0,1406.0,1.0,98.0,1,5
2026-09-20T23:43:19.338749,esp32-may-1,20260920_234011_khoi_loang,188,27.4,66.0,1890.0,1.0,99.0,1,5
2026-09-20T23:43:20.361268,esp32-may-1,20260920_234011_khoi_loang,189,27.4,66.0,1937.0,1.0,75.0,1,5
2026-09-20T23:43:21.179872,esp32-may-1,20260920_234011_khoi_loang,190,27.4,66.0,2020.0,1.0,94.0,1,5
2026-09-20T23:43:22.204397,esp32-may-1,20260920_234011_khoi_loang,191,27.4,67.0,2032.0,1.0,102.0,1,5
2026-09-20T23:43:23.227993,esp32-may-1,20260920_234011_khoi_loang,192,27.4,67.0,2034.0,1.0,99.0,1,5
2026-09-20T23:43:24.252235,esp32-may-1,20260920_234011_khoi_loang,193,27.4,66.0,2032.0,1.0,102.0,1,5
2026-09-20T23:43:25.071258,esp32-may-1,20260920_234011_khoi_loang,194,27.4,66.0,2032.0,1.0,102.0,1,5
2026-09-21T00:04:25.782219,esp32-may-1,20260921_000130_hoi_nuoc,79,29.5,70.0,4095.0,1.0,202.0,1,2
2026-09-21T00:04:26.554415,esp32-may-1,20260921_000130_hoi_nuoc,80,29.5,70.0,4095.0,1.0,179.0,1,2
2026-09-21T00:04:27.581354,esp32-may-1,20260921_000130_hoi_nuoc,81,29.5,70.0,4095.0,1.0,191.0,1,2
2026-09-21T00:04:28.547520,esp32-may-1,20260921_000130_hoi_nuoc,82,29.5,70.0,4095.0,1.0,192.0,1,2
2026-09-21T00:04:29.674572,esp32-may-1,20260921_000130_hoi_nuoc,83,29.5,70.0,4095.0,1.0,197.0,1,2
2026-09-21T00:04:30.540361,esp32-may-1,20260921_000130_hoi_nuoc,84,29.5,70.0,4095.0,1.0,199.0,1,2
2026-09-21T00:04:31.565413,esp32-may-1,20260921_000130_hoi_nuoc,85,29.6,71.0,4095.0,1.0,200.0,1,2
2026-09-21T00:04:32.535913,esp32-may-1,20260921_000130_hoi_nuoc,86,29.6,71.0,4095.0,1.0,203.0,1,2
2026-09-21T00:04:33.562846,esp32-may-1,20260921_000130_hoi_nuoc,87,29.6,70.0,4095.0,1.0,202.0,1,2
2026-09-21T00:04:34.544214,esp32-may-1,20260921_000130_hoi_nuoc,88,29.6,70.0,4095.0,1.0,203.0,1,2
2026-09-21T00:04:35.616320,esp32-may-1,20260921_000130_hoi_nuoc,89,29.6,70.0,4095.0,1.0,202.0,1,2
2026-09-21T00:04:36.635390,esp32-may-1,20260921_000130_hoi_nuoc,90,29.6,70.0,4095.0,1.0,204.0,1,2
2026-09-21T00:04:37.659195,esp32-may-1,20260921_000130_hoi_nuoc,91,29.6,70.0,4095.0,1.0,203.0,1,2
2026-09-21T00:04:38.533879,esp32-may-1,20260921_000130_hoi_nuoc,92,29.6,70.0,4095.0,1.0,202.0,1,2
2026-09-21T00:04:39.561959,esp32-may-1,20260921_000130_hoi_nuoc,93,29.7,71.0,4095.0,1.0,191.0,1,2
2026-09-21T00:04:40.732121,esp32-may-1,20260921_000130_hoi_nuoc,94,29.7,71.0,4095.0,1.0,199.0,1,2
2026-09-21T00:04:41.857650,esp32-may-1,20260921_000130_hoi_nuoc,95,29.7,71.0,4095.0,1.0,195.0,1,2
2026-09-21T00:04:43.089435,esp32-may-1,20260921_000130_hoi_nuoc,96,29.7,71.0,4095.0,1.0,187.0,1,2
2026-09-21T00:04:44.010577,esp32-may-1,20260921_000130_hoi_nuoc,97,30.0,69.0,4095.0,1.0,180.0,1,2
2026-09-21T00:04:44.623112,esp32-may-1,20260921_000130_hoi_nuoc,98,30.0,69.0,4095.0,1.0,192.0,1,2
2026-09-21T00:04:45.594509,esp32-may-1,20260921_000130_hoi_nuoc,99,29.7,71.0,4095.0,1.0,196.0,1,2
2026-09-21T00:04:46.569456,esp32-may-1,20260921_000130_hoi_nuoc,100,29.7,71.0,4095.0,1.0,194.0,1,2
2026-09-21T00:04:47.587789,esp32-may-1,20260921_000130_hoi_nuoc,101,29.7,71.0,4095.0,1.0,194.0,1,2
2026-09-21T00:04:48.718381,esp32-may-1,20260921_000130_hoi_nuoc,102,29.7,71.0,4095.0,1.0,191.0,1,2
2026-09-21T00:04:49.591655,esp32-may-1,20260921_000130_hoi_nuoc,103,29.8,70.0,4095.0,1.0,190.0,1,2
2026-09-21T00:04:50.767225,esp32-may-1,20260921_000130_hoi_nuoc,104,29.8,70.0,4095.0,1.0,191.0,1,2
2026-09-21T00:04:51.790254,esp32-may-1,20260921_000130_hoi_nuoc,105,29.7,70.0,4095.0,1.0,189.0,1,2
2026-09-21T00:04:52.616512,esp32-may-1,20260921_000130_hoi_nuoc,106,29.7,70.0,4095.0,1.0,189.0,1,2
2026-09-21T00:04:53.580895,esp32-may-1,20260921_000130_hoi_nuoc,107,29.8,71.0,4095.0,1.0,186.0,1,2
2026-09-21T00:04:54.657302,esp32-may-1,20260921_000130_hoi_nuoc,108,29.8,71.0,4095.0,1.0,187.0,1,2
2026-09-21T00:04:55.585298,esp32-may-1,20260921_000130_hoi_nuoc,109,29.9,70.0,4095.0,1.0,188.0,1,2
2026-09-21T00:04:56.705919,esp32-may-1,20260921_000130_hoi_nuoc,110,29.9,70.0,4095.0,1.0,185.0,1,2
2026-09-21T00:04:57.731753,esp32-may-1,20260921_000130_hoi_nuoc,111,29.8,71.0,4095.0,1.0,186.0,1,2
2026-09-21T00:04:58.754593,esp32-may-1,20260921_000130_hoi_nuoc,112,29.8,71.0,4095.0,1.0,182.0,1,2
2026-09-21T00:04:59.777847,esp32-may-1,20260921_000130_hoi_nuoc,113,29.9,71.0,4095.0,1.0,181.0,1,2
2026-09-21T00:05:00.544973,esp32-may-1,20260921_000130_hoi_nuoc,114,29.9,71.0,4095.0,1.0,183.0,1,2
2026-09-21T00:05:01.621314,esp32-may-1,20260921_000130_hoi_nuoc,115,29.9,71.0,4095.0,1.0,182.0,1,2
2026-09-21T00:05:02.547994,esp32-may-1,20260921_000130_hoi_nuoc,116,29.9,71.0,4095.0,1.0,181.0,1,2
2026-09-21T00:05:03.670417,esp32-may-1,20260921_000130_hoi_nuoc,117,30.0,69.0,4095.0,1.0,183.0,1,2
2026-09-21T00:05:04.692108,esp32-may-1,20260921_000130_hoi_nuoc,118,30.0,69.0,4095.0,1.0,180.0,1,2
2026-09-21T00:05:05.568031,esp32-may-1,20260921_000130_hoi_nuoc,119,30.0,70.0,4095.0,1.0,180.0,1,2
2026-09-21T00:05:06.742582,esp32-may-1,20260921_000130_hoi_nuoc,120,30.0,70.0,4095.0,1.0,179.0,1,2
2026-09-21T00:05:07.764127,esp32-may-1,20260921_000130_hoi_nuoc,121,30.0,70.0,4095.0,1.0,182.0,1,2
2026-09-21T00:05:08.533904,esp32-may-1,20260921_000130_hoi_nuoc,122,30.0,70.0,4095.0,1.0,181.0,1,2
2026-09-21T00:05:09.611603,esp32-may-1,20260921_000130_hoi_nuoc,123,30.0,70.0,4095.0,1.0,182.0,1,2
2026-09-21T00:05:10.532715,esp32-may-1,20260921_000130_hoi_nuoc,124,30.0,70.0,4095.0,1.0,181.0,1,2
2026-09-21T00:05:11.555882,esp32-may-1,20260921_000130_hoi_nuoc,125,30.0,70.0,4095.0,1.0,179.0,1,2
2026-09-21T00:05:12.567753,esp32-may-1,20260921_000130_hoi_nuoc,126,30.0,70.0,4095.0,1.0,174.0,1,2
2026-09-21T00:05:13.702896,esp32-may-1,20260921_000130_hoi_nuoc,127,30.0,70.0,4095.0,1.0,171.0,1,2
2026-09-21T00:05:14.726722,esp32-may-1,20260921_000130_hoi_nuoc,128,30.0,70.0,4095.0,1.0,179.0,1,2
2026-09-21T00:05:15.751840,esp32-may-1,20260921_000130_hoi_nuoc,129,30.1,70.0,4095.0,1.0,179.0,1,2
2026-09-21T00:05:16.571133,esp32-may-1,20260921_000130_hoi_nuoc,130,30.1,70.0,4095.0,1.0,179.0,1,2
2026-09-21T00:05:17.803050,esp32-may-1,20260921_000130_hoi_nuoc,131,30.0,70.0,4095.0,1.0,177.0,1,2
2026-09-21T00:05:18.618001,esp32-may-1,20260921_000130_hoi_nuoc,132,30.0,70.0,4095.0,1.0,174.0,1,2
2026-09-21T00:05:19.588952,esp32-may-1,20260921_000130_hoi_nuoc,133,30.0,70.0,4095.0,1.0,178.0,1,2
2026-09-21T00:05:20.665744,esp32-may-1,20260921_000130_hoi_nuoc,134,30.0,70.0,4095.0,1.0,176.0,1,2
2026-09-21T00:05:21.691725,esp32-may-1,20260921_000130_hoi_nuoc,135,30.1,70.0,4048.0,1.0,179.0,1,2
2026-09-21T00:05:22.713716,esp32-may-1,20260921_000130_hoi_nuoc,136,30.1,70.0,4095.0,1.0,181.0,1,2
2026-09-21T00:05:23.589367,esp32-may-1,20260921_000130_hoi_nuoc,137,30.1,70.0,4095.0,1.0,179.0,1,2
2026-09-21T00:05:24.865504,esp32-may-1,20260921_000130_hoi_nuoc,138,30.1,70.0,4095.0,1.0,181.0,1,2
2026-09-21T00:05:25.684648,esp32-may-1,20260921_000130_hoi_nuoc,139,30.1,70.0,4095.0,1.0,181.0,1,2
2026-09-21T00:05:26.555928,esp32-may-1,20260921_000130_hoi_nuoc,140,30.1,70.0,4095.0,1.0,182.0,1,2
2026-09-21T00:05:27.732609,esp32-may-1,20260921_000130_hoi_nuoc,141,30.1,70.0,4095.0,1.0,181.0,1,2
2026-09-21T00:05:28.756281,esp32-may-1,20260921_000130_hoi_nuoc,142,30.1,70.0,4095.0,1.0,179.0,1,2
2026-09-21T00:05:29.573157,esp32-may-1,20260921_000130_hoi_nuoc,143,30.1,70.0,4095.0,1.0,178.0,1,2
2026-09-21T00:05:30.605686,esp32-may-1,20260921_000130_hoi_nuoc,144,30.1,70.0,4095.0,1.0,178.0,1,2
2026-09-21T00:05:31.623333,esp32-may-1,20260921_000130_hoi_nuoc,145,30.2,70.0,4095.0,1.0,177.0,1,2
2026-09-21T00:05:32.545514,esp32-may-1,20260921_000130_hoi_nuoc,146,30.2,70.0,4095.0,1.0,177.0,1,2
2026-09-21T00:05:33.574637,esp32-may-1,20260921_000130_hoi_nuoc,147,30.2,70.0,4095.0,1.0,176.0,1,2
2026-09-21T00:05:34.695727,esp32-may-1,20260921_000130_hoi_nuoc,148,30.2,70.0,4095.0,1.0,176.0,1,2
2026-09-21T00:05:35.719328,esp32-may-1,20260921_000130_hoi_nuoc,149,30.2,70.0,4095.0,1.0,176.0,1,2
2026-09-21T00:05:36.745377,esp32-may-1,20260921_000130_hoi_nuoc,150,30.2,70.0,4095.0,1.0,176.0,1,2
2026-09-21T00:05:37.767932,esp32-may-1,20260921_000130_hoi_nuoc,151,30.2,70.0,4095.0,1.0,176.0,1,2
2026-09-21T00:05:38.534011,esp32-may-1,20260921_000130_hoi_nuoc,152,30.2,70.0,4095.0,1.0,176.0,1,2
2026-09-21T00:05:39.817055,esp32-may-1,20260921_000130_hoi_nuoc,153,30.2,70.0,4087.0,1.0,176.0,1,2
2026-09-21T00:05:40.634362,esp32-may-1,20260921_000130_hoi_nuoc,154,30.2,70.0,4095.0,1.0,205.0,1,2
2026-09-21T00:05:42.067173,esp32-may-1,20260921_000130_hoi_nuoc,155,30.2,70.0,4095.0,1.0,199.0,1,2
2026-09-21T00:05:42.887442,esp32-may-1,20260921_000130_hoi_nuoc,156,30.2,70.0,4095.0,1.0,144.0,1,2
2026-09-21T00:05:43.808931,esp32-may-1,20260921_000130_hoi_nuoc,157,30.3,70.0,4095.0,1.0,101.0,1,2
2026-09-21T00:05:44.730927,esp32-may-1,20260921_000130_hoi_nuoc,158,30.3,70.0,4095.0,1.0,407.0,1,2
2026-09-21T00:05:45.551791,esp32-may-1,20260921_000130_hoi_nuoc,159,30.3,70.0,4095.0,1.0,321.0,1,2
2026-09-21T00:05:46.776766,esp32-may-1,20260921_000130_hoi_nuoc,160,30.3,70.0,4095.0,1.0,151.0,1,2
2026-09-21T00:05:47.593124,esp32-may-1,20260921_000130_hoi_nuoc,161,30.3,70.0,4095.0,1.0,365.0,1,2
2026-09-21T00:05:48.563240,esp32-may-1,20260921_000130_hoi_nuoc,162,30.3,70.0,4095.0,1.0,157.0,1,2
2026-09-21T00:05:49.587386,esp32-may-1,20260921_000130_hoi_nuoc,163,30.4,69.0,4095.0,1.0,190.0,1,2
2026-09-21T00:05:50.669524,esp32-may-1,20260921_000130_hoi_nuoc,164,30.4,69.0,4095.0,1.0,216.0,1,2
2026-09-21T00:05:51.693177,esp32-may-1,20260921_000130_hoi_nuoc,165,30.3,69.0,4095.0,1.0,170.0,1,2
2026-09-21T00:05:52.556400,esp32-may-1,20260921_000130_hoi_nuoc,166,30.3,69.0,4095.0,1.0,267.0,1,2
2026-09-21T00:05:53.638446,esp32-may-1,20260921_000130_hoi_nuoc,167,30.3,68.0,4095.0,1.0,151.0,1,2
2026-09-21T00:05:54.557103,esp32-may-1,20260921_000130_hoi_nuoc,168,30.3,68.0,3661.0,1.0,147.0,1,2
2026-09-21T00:05:55.584801,esp32-may-1,20260921_000130_hoi_nuoc,169,30.4,68.0,3190.0,1.0,144.0,1,2
2026-09-21T00:05:56.562432,esp32-may-1,20260921_000130_hoi_nuoc,170,30.4,68.0,3196.0,1.0,144.0,1,2
2026-09-21T00:05:57.633322,esp32-may-1,20260921_000130_hoi_nuoc,171,30.3,67.0,3186.0,1.0,141.0,1,2
2026-09-21T00:05:58.554637,esp32-may-1,20260921_000130_hoi_nuoc,172,30.3,67.0,3183.0,1.0,142.0,1,2
2026-09-21T00:05:59.679037,esp32-may-1,20260921_000130_hoi_nuoc,173,30.3,67.0,3184.0,1.0,139.0,1,2
2026-09-21T00:06:00.705197,esp32-may-1,20260921_000130_hoi_nuoc,174,30.3,67.0,3187.0,1.0,138.0,1,2
2026-09-21T00:06:01.578070,esp32-may-1,20260921_000130_hoi_nuoc,175,30.4,66.0,3196.0,1.0,137.0,1,2
2026-09-21T00:06:02.752877,esp32-may-1,20260921_000130_hoi_nuoc,176,30.4,66.0,3188.0,1.0,137.0,1,2
2026-09-21T00:06:03.780775,esp32-may-1,20260921_000130_hoi_nuoc,177,30.3,66.0,3203.0,1.0,134.0,1,2
2026-09-21T00:06:04.842813,esp32-may-1,20260921_000130_hoi_nuoc,178,30.3,66.0,3191.0,1.0,130.0,1,2
2026-09-21T00:06:05.568166,esp32-may-1,20260921_000130_hoi_nuoc,179,30.4,65.0,3186.0,1.0,128.0,1,2
2026-09-21T00:06:06.538510,esp32-may-1,20260921_000130_hoi_nuoc,180,30.4,65.0,3189.0,1.0,128.0,1,2
2026-09-21T00:06:07.562122,esp32-may-1,20260921_000130_hoi_nuoc,181,30.3,65.0,3190.0,1.0,128.0,1,2
2026-09-21T00:06:08.735661,esp32-may-1,20260921_000130_hoi_nuoc,182,30.3,65.0,3188.0,1.0,127.0,1,2
2026-09-21T00:06:09.556208,esp32-may-1,20260921_000130_hoi_nuoc,183,30.3,64.0,3312.0,1.0,126.0,1,2
2026-09-21T00:06:10.793852,esp32-may-1,20260921_000130_hoi_nuoc,184,30.3,64.0,3216.0,1.0,123.0,1,2
2026-09-21T00:06:11.763128,esp32-may-1,20260921_000130_hoi_nuoc,185,30.3,64.0,3239.0,1.0,123.0,1,2
2026-09-21T00:06:12.581414,esp32-may-1,20260921_000130_hoi_nuoc,186,30.3,64.0,3213.0,1.0,123.0,1,2
2026-09-21T00:06:13.553298,esp32-may-1,20260921_000130_hoi_nuoc,187,30.3,64.0,3184.0,1.0,122.0,1,2
2026-09-21T00:06:14.529515,esp32-may-1,20260921_000130_hoi_nuoc,188,30.3,64.0,3185.0,1.0,119.0,1,2
2026-09-21T00:06:15.652811,esp32-may-1,20260921_000130_hoi_nuoc,189,30.3,64.0,3181.0,1.0,122.0,1,2
2026-09-21T00:06:16.527238,esp32-may-1,20260921_000130_hoi_nuoc,190,30.3,64.0,3181.0,1.0,113.0,1,2
2026-09-21T00:06:17.700687,esp32-may-1,20260921_000130_hoi_nuoc,191,30.3,64.0,3147.0,1.0,113.0,1,2
2026-09-21T00:06:19.032299,esp32-may-1,20260921_000130_hoi_nuoc,192,30.3,64.0,3279.0,1.0,121.0,1,2
2026-09-21T00:06:19.754788,esp32-may-1,20260921_000130_hoi_nuoc,193,30.2,64.0,3199.0,1.0,121.0,1,2
2026-09-21T00:06:20.979976,esp32-may-1,20260921_000130_hoi_nuoc,194,30.2,64.0,3280.0,1.0,122.0,1,2
2026-09-21T00:06:21.797250,esp32-may-1,20260921_000130_hoi_nuoc,195,30.2,63.0,3213.0,1.0,119.0,1,2
2026-09-21T00:06:22.615924,esp32-may-1,20260921_000130_hoi_nuoc,196,30.2,63.0,3248.0,1.0,122.0,1,2
2026-09-21T00:06:23.584101,esp32-may-1,20260921_000130_hoi_nuoc,197,30.1,63.0,2979.0,1.0,101.0,1,2
2026-09-21T00:06:24.563496,esp32-may-1,20260921_000130_hoi_nuoc,198,30.1,63.0,3099.0,1.0,105.0,1,2
2026-09-21T00:06:25.591060,esp32-may-1,20260921_000130_hoi_nuoc,199,30.1,64.0,3150.0,1.0,108.0,1,2
2026-09-21T00:06:26.711592,esp32-may-1,20260921_000130_hoi_nuoc,200,30.1,64.0,3354.0,1.0,114.0,1,2
2026-09-21T00:06:27.735763,esp32-may-1,20260921_000130_hoi_nuoc,201,30.0,63.0,3108.0,1.0,129.0,1,2
2026-09-21T00:07:12.330224,esp32-may-1,20260921_000130_hoi_nuoc,202,29.5,65.0,4095.0,1.0,125.0,1,2
2026-09-21T00:07:13.404971,esp32-may-1,20260921_000130_hoi_nuoc,203,29.5,65.0,4095.0,1.0,135.0,1,2
2026-09-21T00:07:14.326220,esp32-may-1,20260921_000130_hoi_nuoc,204,29.5,65.0,4095.0,1.0,155.0,1,2
2026-09-21T00:07:15.298047,esp32-may-1,20260921_000130_hoi_nuoc,205,29.5,65.0,4095.0,1.0,158.0,1,2
2026-09-21T00:07:16.526242,esp32-may-1,20260921_000130_hoi_nuoc,206,29.4,66.0,4095.0,1.0,142.0,1,2
2026-09-21T00:07:17.292258,esp32-may-1,20260921_000130_hoi_nuoc,207,29.4,66.0,4095.0,1.0,148.0,1,2
2026-09-21T00:07:18.524711,esp32-may-1,20260921_000130_hoi_nuoc,208,29.4,66.0,4095.0,1.0,149.0,1,2
2026-09-21T00:07:19.552428,esp32-may-1,20260921_000130_hoi_nuoc,209,29.4,66.0,4095.0,1.0,150.0,1,2
2026-09-21T00:07:20.368114,esp32-may-1,20260921_000130_hoi_nuoc,210,29.4,65.0,4095.0,1.0,146.0,1,2
2026-09-21T00:07:21.391760,esp32-may-1,20260921_000130_hoi_nuoc,211,29.4,65.0,4095.0,1.0,147.0,1,2
2026-09-21T00:07:22.415780,esp32-may-1,20260921_000130_hoi_nuoc,212,29.4,65.0,4095.0,1.0,147.0,1,2
2026-09-21T00:07:23.441935,esp32-may-1,20260921_000130_hoi_nuoc,213,29.4,65.0,4095.0,1.0,145.0,1,2
2026-09-21T00:07:24.359587,esp32-may-1,20260921_000130_hoi_nuoc,214,29.3,66.0,4095.0,1.0,144.0,1,2
2026-09-21T00:07:25.488111,esp32-may-1,20260921_000130_hoi_nuoc,215,29.3,66.0,4095.0,1.0,161.0,1,2
2026-09-21T00:07:26.308724,esp32-may-1,20260921_000130_hoi_nuoc,216,29.3,65.0,4095.0,1.0,156.0,1,2
2026-09-21T00:07:27.331894,esp32-may-1,20260921_000130_hoi_nuoc,217,29.3,65.0,4095.0,1.0,155.0,1,2
2026-09-21T00:07:28.304233,esp32-may-1,20260921_000130_hoi_nuoc,218,29.3,66.0,4095.0,1.0,157.0,1,2
2026-09-21T00:07:29.279291,esp32-may-1,20260921_000130_hoi_nuoc,219,29.3,66.0,4095.0,1.0,151.0,1,2
2026-09-21T00:07:30.300087,esp32-may-1,20260921_000130_hoi_nuoc,220,29.3,66.0,4095.0,1.0,144.0,1,2
2026-09-21T00:07:31.426432,esp32-may-1,20260921_000130_hoi_nuoc,221,29.3,66.0,4095.0,1.0,145.0,1,2
2026-09-21T00:07:32.450756,esp32-may-1,20260921_000130_hoi_nuoc,222,29.3,66.0,4095.0,1.0,159.0,1,2
2026-09-21T00:07:33.271736,esp32-may-1,20260921_000130_hoi_nuoc,223,29.3,66.0,4095.0,1.0,164.0,1,2
2026-09-21T00:07:34.498650,esp32-may-1,20260921_000130_hoi_nuoc,224,29.3,66.0,4095.0,1.0,159.0,1,2
2026-09-21T00:07:35.323061,esp32-may-1,20260921_000130_hoi_nuoc,225,29.3,66.0,4095.0,1.0,159.0,1,2
2026-09-21T00:07:36.342168,esp32-may-1,20260921_000130_hoi_nuoc,226,29.3,66.0,4095.0,1.0,159.0,1,2
2026-09-21T00:07:37.365509,esp32-may-1,20260921_000130_hoi_nuoc,227,29.3,66.0,4095.0,1.0,155.0,1,2
2026-09-21T00:07:38.286928,esp32-may-1,20260921_000130_hoi_nuoc,228,29.2,66.0,4095.0,1.0,159.0,1,2
2026-09-21T00:07:39.266420,esp32-may-1,20260921_000130_hoi_nuoc,229,29.2,66.0,4095.0,1.0,155.0,1,2
2026-09-21T00:07:40.695724,esp32-may-1,20260921_000130_hoi_nuoc,230,29.2,67.0,4095.0,1.0,158.0,1,2
2026-09-21T00:07:41.259486,esp32-may-1,20260921_000130_hoi_nuoc,231,29.2,67.0,4095.0,1.0,160.0,1,2
2026-09-21T00:07:42.285247,esp32-may-1,20260921_000130_hoi_nuoc,232,29.3,66.0,4095.0,1.0,161.0,1,2
2026-09-21T00:07:43.305979,esp32-may-1,20260921_000130_hoi_nuoc,233,29.3,66.0,4095.0,1.0,162.0,1,2
2026-09-21T00:07:44.331529,esp32-may-1,20260921_000130_hoi_nuoc,234,29.2,67.0,4095.0,1.0,160.0,1,2
2026-09-21T00:07:45.352488,esp32-may-1,20260921_000130_hoi_nuoc,235,29.2,67.0,4095.0,1.0,162.0,1,2
2026-09-21T00:07:46.319070,esp32-may-1,20260921_000130_hoi_nuoc,236,29.2,67.0,4095.0,1.0,159.0,1,2
2026-09-21T00:07:47.400133,esp32-may-1,20260921_000130_hoi_nuoc,237,29.2,67.0,4095.0,1.0,160.0,1,2
2026-09-21T00:07:48.317932,esp32-may-1,20260921_000130_hoi_nuoc,238,29.3,67.0,4095.0,1.0,159.0,1,2
2026-09-21T00:07:49.287958,esp32-may-1,20260921_000130_hoi_nuoc,239,29.3,67.0,4095.0,1.0,159.0,1,2
2026-09-21T00:07:50.313758,esp32-may-1,20260921_000130_hoi_nuoc,240,29.3,66.0,4095.0,1.0,157.0,1,2
2026-09-21T00:07:51.497090,esp32-may-1,20260921_000130_hoi_nuoc,241,29.3,66.0,4095.0,1.0,157.0,1,2
2026-09-21T00:07:52.520340,esp32-may-1,20260921_000130_hoi_nuoc,242,29.3,67.0,4095.0,1.0,157.0,1,2
2026-09-21T00:07:53.295468,esp32-may-1,20260921_000130_hoi_nuoc,243,29.3,67.0,4095.0,1.0,156.0,1,2
2026-09-21T00:07:54.467108,esp32-may-1,20260921_000130_hoi_nuoc,244,29.3,67.0,4095.0,1.0,156.0,1,2
2026-09-21T00:07:55.490529,esp32-may-1,20260921_000130_hoi_nuoc,245,29.3,67.0,4095.0,1.0,158.0,1,2
2026-09-21T00:07:56.515301,esp32-may-1,20260921_000130_hoi_nuoc,246,29.3,67.0,4095.0,1.0,156.0,1,2
2026-09-21T00:07:57.538638,esp32-may-1,20260921_000130_hoi_nuoc,247,29.3,67.0,4095.0,1.0,158.0,1,2
2026-09-21T00:07:58.562410,esp32-may-1,20260921_000130_hoi_nuoc,248,29.3,67.0,4095.0,1.0,158.0,1,2
2026-09-21T00:07:59.284282,esp32-may-1,20260921_000130_hoi_nuoc,249,29.3,67.0,4095.0,1.0,159.0,1,2
2026-09-21T00:08:00.611295,esp32-may-1,20260921_000130_hoi_nuoc,250,29.3,67.0,4095.0,1.0,158.0,1,2
2026-09-21T00:08:01.430357,esp32-may-1,20260921_000130_hoi_nuoc,251,29.3,67.0,4095.0,1.0,159.0,1,2
2026-09-21T00:08:02.453511,esp32-may-1,20260921_000130_hoi_nuoc,252,29.3,67.0,4095.0,1.0,157.0,1,2
2026-09-21T00:08:03.477436,esp32-may-1,20260921_000130_hoi_nuoc,253,29.3,67.0,4095.0,1.0,159.0,1,2
2026-09-21T00:08:04.505793,esp32-may-1,20260921_000130_hoi_nuoc,254,29.3,67.0,4095.0,1.0,160.0,1,2
2026-09-21T00:08:05.525100,esp32-may-1,20260921_000130_hoi_nuoc,255,29.3,67.0,4095.0,1.0,159.0,1,2
2026-09-21T00:08:06.348389,esp32-may-1,20260921_000130_hoi_nuoc,256,29.3,68.0,4095.0,1.0,156.0,1,2
2026-09-21T00:08:07.265113,esp32-may-1,20260921_000130_hoi_nuoc,257,29.3,68.0,4095.0,1.0,155.0,1,2
2026-09-21T00:08:08.294743,esp32-may-1,20260921_000130_hoi_nuoc,258,29.3,67.0,4095.0,1.0,156.0,1,2
2026-09-21T00:08:09.416335,esp32-may-1,20260921_000130_hoi_nuoc,259,29.3,67.0,4095.0,1.0,153.0,1,2
2026-09-21T00:08:10.440387,esp32-may-1,20260921_000130_hoi_nuoc,260,29.3,67.0,4095.0,1.0,158.0,1,2
2026-09-21T00:08:11.464756,esp32-may-1,20260921_000130_hoi_nuoc,261,29.3,67.0,4095.0,1.0,157.0,1,2
2026-09-21T00:08:12.488211,esp32-may-1,20260921_000130_hoi_nuoc,262,29.3,68.0,4095.0,1.0,157.0,1,2
2026-09-21T00:08:13.261712,esp32-may-1,20260921_000130_hoi_nuoc,263,29.3,68.0,4095.0,1.0,156.0,1,2
2026-09-21T00:08:14.541606,esp32-may-1,20260921_000130_hoi_nuoc,264,29.3,68.0,4095.0,1.0,159.0,1,2
2026-09-21T00:08:15.256374,esp32-may-1,20260921_000130_hoi_nuoc,265,29.3,68.0,4095.0,1.0,158.0,1,2
2026-09-21T00:08:16.386884,esp32-may-1,20260921_000130_hoi_nuoc,266,29.3,68.0,4095.0,1.0,160.0,1,2
2026-09-21T00:08:17.403349,esp32-may-1,20260921_000130_hoi_nuoc,267,29.3,68.0,4095.0,1.0,154.0,1,2
2026-09-21T00:08:18.426948,esp32-may-1,20260921_000130_hoi_nuoc,268,29.3,68.0,4095.0,1.0,160.0,1,2
2026-09-21T00:08:19.459795,esp32-may-1,20260921_000130_hoi_nuoc,269,29.3,68.0,4095.0,1.0,159.0,1,2
2026-09-21T00:08:20.476969,esp32-may-1,20260921_000130_hoi_nuoc,270,29.3,68.0,4095.0,1.0,160.0,1,2
2026-09-21T00:08:21.498921,esp32-may-1,20260921_000130_hoi_nuoc,271,29.3,68.0,4095.0,1.0,159.0,1,2
2026-09-21T00:08:22.528935,esp32-may-1,20260921_000130_hoi_nuoc,272,29.3,68.0,4095.0,1.0,161.0,1,2
2026-09-21T00:08:23.382253,esp32-may-1,20260921_000130_hoi_nuoc,273,29.3,68.0,4095.0,1.0,160.0,1,2
2026-09-21T00:08:26.626416,esp32-may-1,20260921_000130_hoi_nuoc,274,29.4,68.0,4095.0,1.0,161.0,1,2
2026-09-21T00:08:27.333342,esp32-may-1,20260921_000130_hoi_nuoc,275,29.4,68.0,4095.0,1.0,162.0,1,2
2026-09-21T00:08:28.666801,esp32-may-1,20260921_000130_hoi_nuoc,276,29.3,68.0,4095.0,1.0,161.0,1,2
2026-09-21T00:08:29.335323,esp32-may-1,20260921_000130_hoi_nuoc,277,29.3,68.0,4095.0,1.0,162.0,1,2
2026-09-21T00:08:30.511964,esp32-may-1,20260921_000130_hoi_nuoc,278,29.3,69.0,4095.0,1.0,158.0,1,2
2026-09-21T00:08:31.328916,esp32-may-1,20260921_000130_hoi_nuoc,279,29.3,69.0,4095.0,1.0,161.0,1,2
2026-09-21T00:08:32.561439,esp32-may-1,20260921_000130_hoi_nuoc,280,29.4,68.0,4095.0,1.0,162.0,1,2
2026-09-21T00:08:33.679966,esp32-may-1,20260921_000130_hoi_nuoc,281,29.4,68.0,4095.0,1.0,165.0,1,2
2026-09-21T00:08:34.455930,esp32-may-1,20260921_000130_hoi_nuoc,282,29.4,69.0,4095.0,1.0,163.0,1,2
2026-09-21T00:08:35.368126,esp32-may-1,20260921_000130_hoi_nuoc,283,29.4,69.0,4095.0,1.0,169.0,1,2
2026-09-21T00:08:36.693547,esp32-may-1,20260921_000130_hoi_nuoc,284,29.3,69.0,4095.0,1.0,167.0,1,2
2026-09-21T00:08:37.517443,esp32-may-1,20260921_000130_hoi_nuoc,285,29.3,69.0,4095.0,1.0,167.0,1,2
2026-09-21T00:08:38.348827,esp32-may-1,20260921_000130_hoi_nuoc,286,29.4,69.0,4095.0,1.0,167.0,1,2
2026-09-21T00:08:39.731530,esp32-may-1,20260921_000130_hoi_nuoc,287,29.4,69.0,4095.0,1.0,166.0,1,2
2026-09-21T00:08:40.597452,esp32-may-1,20260921_000130_hoi_nuoc,288,29.4,69.0,4095.0,1.0,165.0,1,2
2026-09-21T00:08:41.456159,esp32-may-1,20260921_000130_hoi_nuoc,289,29.4,69.0,4095.0,1.0,169.0,1,2
2026-09-21T00:08:42.798857,esp32-may-1,20260921_000130_hoi_nuoc,290,29.4,69.0,4095.0,1.0,145.0,1,2
2026-09-21T00:08:43.620497,esp32-may-1,20260921_000130_hoi_nuoc,291,29.4,69.0,4095.0,1.0,141.0,1,2
2026-09-21T00:08:44.335126,esp32-may-1,20260921_000130_hoi_nuoc,292,29.4,69.0,4095.0,1.0,155.0,1,2
2026-09-21T00:08:45.310381,esp32-may-1,20260921_000130_hoi_nuoc,293,29.4,69.0,4095.0,1.0,153.0,1,2
2026-09-21T00:08:46.487943,esp32-may-1,20260921_000130_hoi_nuoc,294,29.5,69.0,4095.0,1.0,157.0,1,2
2026-09-21T00:08:47.510043,esp32-may-1,20260921_000130_hoi_nuoc,295,29.5,69.0,4095.0,1.0,158.0,1,2
2026-09-21T00:08:48.531775,esp32-may-1,20260921_000130_hoi_nuoc,296,29.5,70.0,4095.0,1.0,160.0,1,2
2026-09-21T00:08:49.351354,esp32-may-1,20260921_000130_hoi_nuoc,297,29.5,70.0,4095.0,1.0,160.0,1,2
2026-09-21T00:08:50.326937,esp32-may-1,20260921_000130_hoi_nuoc,298,29.5,69.0,4095.0,1.0,163.0,1,2
2026-09-21T00:08:51.294702,esp32-may-1,20260921_000130_hoi_nuoc,299,29.5,69.0,4095.0,1.0,164.0,1,2
2026-09-21T00:08:52.326386,esp32-may-1,20260921_000130_hoi_nuoc,300,29.5,69.0,4095.0,1.0,166.0,1,2
2026-09-21T00:08:53.295416,esp32-may-1,20260921_000130_hoi_nuoc,301,29.5,69.0,4095.0,1.0,166.0,1,2
2026-09-21T00:08:54.470915,esp32-may-1,20260921_000130_hoi_nuoc,302,29.5,70.0,4095.0,1.0,167.0,1,2
2026-09-21T00:08:55.291433,esp32-may-1,20260921_000130_hoi_nuoc,303,29.5,70.0,4095.0,1.0,167.0,1,2
2026-09-21T00:08:56.319179,esp32-may-1,20260921_000130_hoi_nuoc,304,29.6,70.0,4095.0,1.0,171.0,1,2
2026-09-21T00:08:57.541969,esp32-may-1,20260921_000130_hoi_nuoc,305,29.6,70.0,4095.0,1.0,171.0,1,2
2026-09-21T00:08:58.356987,esp32-may-1,20260921_000130_hoi_nuoc,306,29.5,70.0,4095.0,1.0,161.0,1,2
2026-09-21T00:08:59.386027,esp32-may-1,20260921_000130_hoi_nuoc,307,29.5,70.0,4095.0,1.0,170.0,1,2
2026-09-21T00:09:00.352893,esp32-may-1,20260921_000130_hoi_nuoc,308,29.6,70.0,4095.0,1.0,171.0,1,2
2026-09-21T00:09:01.333066,esp32-may-1,20260921_000130_hoi_nuoc,309,29.6,70.0,4095.0,1.0,171.0,1,2
2026-09-21T00:09:02.457887,esp32-may-1,20260921_000130_hoi_nuoc,310,29.6,70.0,4095.0,1.0,173.0,1,2
2026-09-21T00:09:03.482008,esp32-may-1,20260921_000130_hoi_nuoc,311,29.6,70.0,4095.0,1.0,175.0,1,2
2026-09-21T00:09:04.709934,esp32-may-1,20260921_000130_hoi_nuoc,312,29.6,70.0,4095.0,1.0,176.0,1,2
2026-09-21T00:09:05.323735,esp32-may-1,20260921_000130_hoi_nuoc,313,29.6,70.0,4095.0,1.0,176.0,1,2
2026-09-21T00:09:06.553564,esp32-may-1,20260921_000130_hoi_nuoc,314,29.6,70.0,4095.0,1.0,176.0,1,2
2026-09-21T00:09:07.367966,esp32-may-1,20260921_000130_hoi_nuoc,315,29.6,70.0,4095.0,1.0,176.0,1,2
2026-09-21T00:09:08.343612,esp32-may-1,20260921_000130_hoi_nuoc,316,29.6,70.0,4095.0,1.0,177.0,1,2
2026-09-21T00:09:09.523680,esp32-may-1,20260921_000130_hoi_nuoc,317,29.6,70.0,4095.0,1.0,176.0,1,2
2026-09-21T00:09:10.341454,esp32-may-1,20260921_000130_hoi_nuoc,318,29.7,70.0,4095.0,1.0,178.0,1,2
2026-09-21T00:09:11.367262,esp32-may-1,20260921_000130_hoi_nuoc,319,29.7,70.0,4095.0,1.0,177.0,1,2
2026-09-21T00:09:12.341924,esp32-may-1,20260921_000130_hoi_nuoc,320,29.6,70.0,4095.0,1.0,179.0,1,2
2026-09-21T00:09:13.313204,esp32-may-1,20260921_000130_hoi_nuoc,321,29.6,70.0,4095.0,1.0,179.0,1,2
2026-09-21T00:09:14.438373,esp32-may-1,20260921_000130_hoi_nuoc,322,29.7,70.0,4095.0,1.0,179.0,1,2
2026-09-21T00:09:15.314215,esp32-may-1,20260921_000130_hoi_nuoc,323,29.7,70.0,4095.0,1.0,180.0,1,2
2026-09-21T00:09:16.486879,esp32-may-1,20260921_000130_hoi_nuoc,324,29.7,70.0,4095.0,1.0,181.0,1,2
2026-09-21T00:09:17.512445,esp32-may-1,20260921_000130_hoi_nuoc,325,29.7,70.0,4095.0,1.0,181.0,1,2
2026-09-21T00:09:18.329415,esp32-may-1,20260921_000130_hoi_nuoc,326,29.7,70.0,4095.0,1.0,183.0,1,2
2026-09-21T00:09:19.354973,esp32-may-1,20260921_000130_hoi_nuoc,327,29.7,70.0,4095.0,1.0,181.0,1,2
2026-09-21T00:09:20.377516,esp32-may-1,20260921_000130_hoi_nuoc,328,29.7,70.0,4095.0,1.0,183.0,1,2
2026-09-21T00:09:21.401682,esp32-may-1,20260921_000130_hoi_nuoc,329,29.7,70.0,4095.0,1.0,182.0,1,2
2026-09-21T00:09:22.323683,esp32-may-1,20260921_000130_hoi_nuoc,330,29.7,70.0,4095.0,1.0,183.0,1,2
2026-09-21T00:09:23.449538,esp32-may-1,20260921_000130_hoi_nuoc,331,29.7,70.0,4095.0,1.0,182.0,1,2
2026-09-21T00:09:24.321478,esp32-may-1,20260921_000130_hoi_nuoc,332,29.7,70.0,4095.0,1.0,183.0,1,2
2026-09-21T00:09:25.497315,esp32-may-1,20260921_000130_hoi_nuoc,333,29.7,70.0,4095.0,1.0,183.0,1,2
2026-09-21T00:09:26.522508,esp32-may-1,20260921_000130_hoi_nuoc,334,29.8,70.0,4095.0,1.0,185.0,1,2
2026-09-21T00:09:27.297453,esp32-may-1,20260921_000130_hoi_nuoc,335,29.8,70.0,4095.0,1.0,183.0,1,2
2026-09-21T00:09:28.314227,esp32-may-1,20260921_000130_hoi_nuoc,336,29.8,70.0,4095.0,1.0,183.0,1,2
2026-09-21T00:09:29.389237,esp32-may-1,20260921_000130_hoi_nuoc,337,29.8,70.0,4095.0,1.0,186.0,1,2
2026-09-21T00:09:30.355328,esp32-may-1,20260921_000130_hoi_nuoc,338,29.8,70.0,4095.0,1.0,186.0,1,2
2026-09-21T00:09:31.436729,esp32-may-1,20260921_000130_hoi_nuoc,339,29.8,70.0,4095.0,1.0,187.0,1,2
2026-09-21T00:09:32.459932,esp32-may-1,20260921_000130_hoi_nuoc,340,29.8,70.0,4095.0,1.0,187.0,1,2
2026-09-21T00:09:33.325445,esp32-may-1,20260921_000130_hoi_nuoc,341,29.8,70.0,4095.0,1.0,186.0,1,2
2026-09-21T00:09:34.508342,esp32-may-1,20260921_000130_hoi_nuoc,342,29.8,71.0,4095.0,1.0,187.0,1,2
2026-09-21T00:09:35.327072,esp32-may-1,20260921_000130_hoi_nuoc,343,29.8,71.0,4095.0,1.0,189.0,1,2
2026-09-21T00:09:36.556597,esp32-may-1,20260921_000130_hoi_nuoc,344,29.9,71.0,4095.0,1.0,187.0,1,2
2026-09-21T00:09:37.323409,esp32-may-1,20260921_000130_hoi_nuoc,345,29.9,71.0,4095.0,1.0,187.0,1,2
2026-09-21T00:09:38.609351,esp32-may-1,20260921_000130_hoi_nuoc,346,29.9,70.0,4095.0,1.0,188.0,1,2
2026-09-21T00:09:39.319668,esp32-may-1,20260921_000130_hoi_nuoc,347,29.9,70.0,4095.0,1.0,190.0,1,2
2026-09-21T00:09:40.350239,esp32-may-1,20260921_000130_hoi_nuoc,348,29.9,71.0,4095.0,1.0,188.0,1,2
2026-09-21T00:09:41.317572,esp32-may-1,20260921_000130_hoi_nuoc,349,29.9,71.0,4095.0,1.0,190.0,1,2
2026-09-21T00:09:42.499619,esp32-may-1,20260921_000130_hoi_nuoc,350,29.9,70.0,4095.0,1.0,187.0,1,2
2026-09-21T00:09:43.312932,esp32-may-1,20260921_000130_hoi_nuoc,351,29.9,70.0,4095.0,1.0,191.0,1,2
2026-09-21T00:09:44.634073,esp32-may-1,20260921_000130_hoi_nuoc,352,29.9,71.0,4095.0,1.0,189.0,1,2
2026-09-21T00:09:45.566517,esp32-may-1,20260921_000130_hoi_nuoc,353,29.9,71.0,4095.0,1.0,191.0,1,2
2026-09-21T00:09:46.386974,esp32-may-1,20260921_000130_hoi_nuoc,354,29.9,71.0,4095.0,1.0,179.0,1,2
2026-09-21T00:09:47.409940,esp32-may-1,20260921_000130_hoi_nuoc,355,29.9,71.0,4095.0,1.0,192.0,1,2
2026-09-21T00:09:48.434497,esp32-may-1,20260921_000130_hoi_nuoc,356,29.9,71.0,4095.0,1.0,192.0,1,2
2026-09-21T00:09:49.311554,esp32-may-1,20260921_000130_hoi_nuoc,357,29.9,71.0,4095.0,1.0,192.0,1,2
2026-09-21T00:09:50.482107,esp32-may-1,20260921_000130_hoi_nuoc,358,29.9,71.0,4095.0,1.0,192.0,1,2
2026-09-21T00:09:51.303883,esp32-may-1,20260921_000130_hoi_nuoc,359,29.9,71.0,4095.0,1.0,192.0,1,2
2026-09-21T00:09:52.323668,esp32-may-1,20260921_000130_hoi_nuoc,360,30.0,69.0,4095.0,1.0,193.0,1,2
2026-09-21T00:09:53.350268,esp32-may-1,20260921_000130_hoi_nuoc,361,30.0,69.0,4095.0,1.0,192.0,1,2
2026-09-21T00:09:54.322925,esp32-may-1,20260921_000130_hoi_nuoc,362,30.0,69.0,4095.0,1.0,192.0,1,2
2026-09-21T00:09:55.293678,esp32-may-1,20260921_000130_hoi_nuoc,363,30.0,69.0,4095.0,1.0,192.0,1,2
2026-09-21T00:09:56.420745,esp32-may-1,20260921_000130_hoi_nuoc,364,30.0,70.0,4095.0,1.0,192.0,1,2
2026-09-21T00:09:57.295802,esp32-may-1,20260921_000130_hoi_nuoc,365,30.0,70.0,4095.0,1.0,192.0,1,2
2026-09-21T00:09:58.469080,esp32-may-1,20260921_000130_hoi_nuoc,366,30.0,69.0,4095.0,1.0,192.0,1,2
2026-09-21T00:09:59.291230,esp32-may-1,20260921_000130_hoi_nuoc,367,30.0,69.0,4095.0,1.0,192.0,1,2
2026-09-21T00:10:00.355914,esp32-may-1,20260921_000130_hoi_nuoc,368,30.0,70.0,4095.0,1.0,192.0,1,2
2026-09-21T00:10:01.540612,esp32-may-1,20260921_000130_hoi_nuoc,369,30.0,70.0,4095.0,1.0,193.0,1,2
2026-09-21T00:10:02.313905,esp32-may-1,20260921_000130_hoi_nuoc,370,30.0,70.0,4095.0,1.0,193.0,1,2
2026-09-21T00:10:03.383382,esp32-may-1,20260921_000130_hoi_nuoc,371,30.0,70.0,4095.0,1.0,194.0,1,2
2026-09-21T00:10:04.407891,esp32-may-1,20260921_000130_hoi_nuoc,372,30.0,70.0,4095.0,1.0,194.0,1,2
2026-09-21T00:10:05.431543,esp32-may-1,20260921_000130_hoi_nuoc,373,30.0,70.0,4095.0,1.0,195.0,1,2
2026-09-21T00:10:06.349007,esp32-may-1,20260921_000130_hoi_nuoc,374,30.0,69.0,4095.0,1.0,193.0,1,2
2026-09-21T00:10:07.376765,esp32-may-1,20260921_000130_hoi_nuoc,375,30.0,69.0,4095.0,1.0,193.0,1,2
2026-09-21T00:10:08.347459,esp32-may-1,20260921_000130_hoi_nuoc,376,30.0,69.0,4095.0,1.0,193.0,1,2
2026-09-21T00:10:09.320993,esp32-may-1,20260921_000130_hoi_nuoc,377,30.0,69.0,4095.0,1.0,194.0,1,2
2026-09-21T00:10:10.605252,esp32-may-1,20260921_000130_hoi_nuoc,378,30.0,69.0,4095.0,1.0,196.0,1,2
2026-09-21T00:10:11.319727,esp32-may-1,20260921_000130_hoi_nuoc,379,30.0,69.0,4095.0,1.0,194.0,1,2
2026-09-21T00:10:12.345724,esp32-may-1,20260921_000130_hoi_nuoc,380,30.0,70.0,4095.0,1.0,195.0,1,2
2026-09-21T00:10:13.360196,esp32-may-1,20260921_000130_hoi_nuoc,381,30.0,70.0,4095.0,1.0,194.0,1,2
2026-09-21T00:10:14.340968,esp32-may-1,20260921_000130_hoi_nuoc,382,30.0,70.0,4095.0,1.0,194.0,1,2
2026-09-21T00:10:15.670915,esp32-may-1,20260921_000130_hoi_nuoc,383,30.0,70.0,4095.0,1.0,194.0,1,2
2026-09-21T00:10:16.490782,esp32-may-1,20260921_000130_hoi_nuoc,384,30.1,70.0,4095.0,1.0,194.0,1,2
2026-09-21T00:10:17.513947,esp32-may-1,20260921_000130_hoi_nuoc,385,30.1,70.0,4095.0,1.0,195.0,1,2
2026-09-21T00:10:18.538083,esp32-may-1,20260921_000130_hoi_nuoc,386,30.0,69.0,4095.0,1.0,197.0,1,2
2026-09-21T00:10:19.561682,esp32-may-1,20260921_000130_hoi_nuoc,387,30.0,69.0,4095.0,1.0,196.0,1,2
2026-09-21T00:10:20.435048,esp32-may-1,20260921_000130_hoi_nuoc,388,30.1,69.0,4095.0,1.0,196.0,1,2
2026-09-21T00:10:21.509294,esp32-may-1,20260921_000130_hoi_nuoc,389,30.1,69.0,4095.0,1.0,196.0,1,2
2026-09-21T00:10:22.532583,esp32-may-1,20260921_000130_hoi_nuoc,390,30.1,70.0,4095.0,1.0,197.0,1,2
2026-09-21T00:10:23.304994,esp32-may-1,20260921_000130_hoi_nuoc,391,30.1,70.0,4095.0,1.0,196.0,1,2
2026-09-21T00:10:24.381310,esp32-may-1,20260921_000130_hoi_nuoc,392,30.1,70.0,4095.0,1.0,197.0,1,2
2026-09-21T00:10:25.399425,esp32-may-1,20260921_000130_hoi_nuoc,393,30.1,70.0,4095.0,1.0,197.0,1,2
2026-09-21T00:10:26.424251,esp32-may-1,20260921_000130_hoi_nuoc,394,30.1,69.0,4095.0,1.0,197.0,1,2
2026-09-21T00:10:27.296116,esp32-may-1,20260921_000130_hoi_nuoc,395,30.1,69.0,4095.0,1.0,198.0,1,2
2026-09-21T00:10:28.320686,esp32-may-1,20260921_000130_hoi_nuoc,396,30.2,69.0,4095.0,1.0,198.0,1,2
2026-09-21T00:10:29.292389,esp32-may-1,20260921_000130_hoi_nuoc,397,30.2,69.0,4095.0,1.0,198.0,1,2
2026-09-21T00:10:30.519254,esp32-may-1,20260921_000130_hoi_nuoc,398,30.1,69.0,4095.0,1.0,199.0,1,2
2026-09-21T00:10:31.290680,esp32-may-1,20260921_000130_hoi_nuoc,399,30.1,69.0,4095.0,1.0,200.0,1,2
2026-09-21T00:10:32.316432,esp32-may-1,20260921_000130_hoi_nuoc,400,30.2,70.0,4095.0,1.0,200.0,1,2
2026-09-21T00:10:33.292876,esp32-may-1,20260921_000130_hoi_nuoc,401,30.2,70.0,4095.0,1.0,199.0,1,2
2026-09-21T00:10:34.410130,esp32-may-1,20260921_000130_hoi_nuoc,402,30.2,70.0,4095.0,1.0,199.0,1,2
2026-09-21T00:10:35.435878,esp32-may-1,20260921_000130_hoi_nuoc,403,30.2,70.0,4095.0,1.0,192.0,1,2
2026-09-21T00:10:36.458560,esp32-may-1,20260921_000130_hoi_nuoc,404,30.1,70.0,4095.0,1.0,197.0,1,2
2026-09-21T00:10:37.322026,esp32-may-1,20260921_000130_hoi_nuoc,405,30.1,70.0,4095.0,1.0,198.0,1,2
2026-09-21T00:10:38.351981,esp32-may-1,20260921_000130_hoi_nuoc,406,30.2,70.0,4095.0,1.0,198.0,1,2
2026-09-21T00:10:39.530711,esp32-may-1,20260921_000130_hoi_nuoc,407,30.2,70.0,4095.0,1.0,197.0,1,2
2026-09-21T00:10:40.554576,esp32-may-1,20260921_000130_hoi_nuoc,408,30.1,70.0,4095.0,1.0,197.0,1,2
2026-09-21T00:10:41.325830,esp32-may-1,20260921_000130_hoi_nuoc,409,30.1,70.0,4095.0,1.0,199.0,1,2
2026-09-21T00:10:42.909349,esp32-may-1,20260921_000130_hoi_nuoc,410,30.3,69.0,4095.0,1.0,187.0,1,2
2026-09-21T00:10:43.320429,esp32-may-1,20260921_000130_hoi_nuoc,411,30.3,69.0,4095.0,1.0,198.0,1,2
2026-09-21T00:10:44.447605,esp32-may-1,20260921_000130_hoi_nuoc,412,30.3,70.0,4095.0,1.0,201.0,1,2
2026-09-21T00:10:45.675925,esp32-may-1,20260921_000130_hoi_nuoc,413,30.3,70.0,4095.0,1.0,203.0,1,2
2026-09-21T00:10:46.542561,esp32-may-1,20260921_000130_hoi_nuoc,414,30.3,69.0,4095.0,1.0,201.0,1,2
2026-09-21T00:10:47.308543,esp32-may-1,20260921_000130_hoi_nuoc,415,30.3,69.0,4095.0,1.0,200.0,1,2
2026-09-21T00:10:48.337148,esp32-may-1,20260921_000130_hoi_nuoc,416,30.3,70.0,4095.0,1.0,201.0,1,2
2026-09-21T00:10:49.564866,esp32-may-1,20260921_000130_hoi_nuoc,417,30.3,70.0,4095.0,1.0,199.0,1,2
2026-09-21T00:10:50.384484,esp32-may-1,20260921_000130_hoi_nuoc,418,30.3,69.0,4095.0,1.0,200.0,1,2
2026-09-21T00:10:51.408007,esp32-may-1,20260921_000130_hoi_nuoc,419,30.3,69.0,4095.0,1.0,201.0,1,2
2026-09-21T00:10:52.325290,esp32-may-1,20260921_000130_hoi_nuoc,420,30.3,69.0,4095.0,1.0,199.0,1,2
2026-09-21T00:10:53.348997,esp32-may-1,20260921_000130_hoi_nuoc,421,30.3,69.0,4095.0,1.0,198.0,1,2
2026-09-21T00:10:54.480032,esp32-may-1,20260921_000130_hoi_nuoc,422,30.3,70.0,4095.0,1.0,199.0,1,2
2026-09-21T00:10:55.297831,esp32-may-1,20260921_000130_hoi_nuoc,423,30.3,70.0,4095.0,1.0,202.0,1,2
2026-09-21T00:10:56.433693,esp32-may-1,20260921_000130_hoi_nuoc,424,30.4,70.0,4095.0,1.0,199.0,1,2
2026-09-21T00:10:57.348186,esp32-may-1,20260921_000130_hoi_nuoc,425,30.4,70.0,4095.0,1.0,197.0,1,2
2026-09-21T00:10:58.321472,esp32-may-1,20260921_000130_hoi_nuoc,426,30.4,70.0,4095.0,1.0,199.0,1,2
2026-09-21T00:10:59.394855,esp32-may-1,20260921_000130_hoi_nuoc,427,30.4,70.0,4095.0,1.0,196.0,1,2
2026-09-21T00:11:00.424294,esp32-may-1,20260921_000130_hoi_nuoc,428,30.3,70.0,4095.0,1.0,198.0,1,2
2026-09-21T00:11:01.442792,esp32-may-1,20260921_000130_hoi_nuoc,429,30.3,70.0,4095.0,1.0,197.0,1,2
2026-09-21T00:11:02.466823,esp32-may-1,20260921_000130_hoi_nuoc,430,30.4,70.0,4095.0,1.0,197.0,1,2
2026-09-21T00:11:03.495362,esp32-may-1,20260921_000130_hoi_nuoc,431,30.4,70.0,4095.0,1.0,195.0,1,2
2026-09-21T00:11:04.514775,esp32-may-1,20260921_000130_hoi_nuoc,432,30.4,70.0,4095.0,1.0,198.0,1,2
2026-09-21T00:11:05.538989,esp32-may-1,20260921_000130_hoi_nuoc,433,30.4,70.0,4095.0,1.0,197.0,1,2
2026-09-21T00:11:06.315913,esp32-may-1,20260921_000130_hoi_nuoc,434,30.4,70.0,4095.0,1.0,195.0,1,2
2026-09-21T00:11:07.382702,esp32-may-1,20260921_000130_hoi_nuoc,435,30.4,70.0,4095.0,1.0,195.0,1,2
2026-09-21T00:11:08.348900,esp32-may-1,20260921_000130_hoi_nuoc,436,30.4,70.0,4095.0,1.0,198.0,1,2
2026-09-21T00:11:09.429473,esp32-may-1,20260921_000130_hoi_nuoc,437,30.4,70.0,4095.0,1.0,198.0,1,2
2026-09-21T00:11:10.658837,esp32-may-1,20260921_000130_hoi_nuoc,438,30.4,69.0,4095.0,1.0,199.0,1,2
2026-09-21T00:11:11.483836,esp32-may-1,20260921_000130_hoi_nuoc,439,30.4,69.0,4095.0,1.0,197.0,1,2
2026-09-21T00:11:12.501400,esp32-may-1,20260921_000130_hoi_nuoc,440,30.4,69.0,4095.0,1.0,198.0,1,2
2026-09-21T00:11:13.525242,esp32-may-1,20260921_000130_hoi_nuoc,441,30.4,69.0,4095.0,1.0,197.0,1,2
2026-09-21T00:11:16.802193,esp32-may-1,20260921_000130_hoi_nuoc,442,30.5,69.0,4095.0,1.0,198.0,1,2
2026-09-21T00:11:17.621989,esp32-may-1,20260921_000130_hoi_nuoc,443,30.5,69.0,4095.0,1.0,197.0,1,2
2026-09-21T00:11:18.440736,esp32-may-1,20260921_000130_hoi_nuoc,444,30.5,69.0,4095.0,1.0,197.0,1,2
2026-09-21T00:11:19.363500,esp32-may-1,20260921_000130_hoi_nuoc,445,30.5,69.0,4095.0,1.0,195.0,1,2
2026-09-21T00:11:20.488373,esp32-may-1,20260921_000130_hoi_nuoc,446,30.4,69.0,4095.0,1.0,197.0,1,2
2026-09-21T00:11:21.512698,esp32-may-1,20260921_000130_hoi_nuoc,447,30.4,69.0,4095.0,1.0,195.0,1,2
2026-09-21T00:11:22.385994,esp32-may-1,20260921_000130_hoi_nuoc,448,30.5,70.0,4095.0,1.0,196.0,1,2
2026-09-21T00:11:23.560098,esp32-may-1,20260921_000130_hoi_nuoc,449,30.5,70.0,4095.0,1.0,197.0,1,2
2026-09-21T00:11:24.584280,esp32-may-1,20260921_000130_hoi_nuoc,450,30.5,70.0,4095.0,1.0,196.0,1,2
2026-09-21T00:11:25.403317,esp32-may-1,20260921_000130_hoi_nuoc,451,30.5,70.0,4095.0,1.0,195.0,1,2
2026-09-21T00:11:26.633898,esp32-may-1,20260921_000130_hoi_nuoc,452,30.5,69.0,4095.0,1.0,196.0,1,2
2026-09-21T00:11:27.344552,esp32-may-1,20260921_000130_hoi_nuoc,453,30.5,69.0,4095.0,1.0,197.0,1,2
2026-09-21T00:11:28.371591,esp32-may-1,20260921_000130_hoi_nuoc,454,30.5,70.0,4095.0,1.0,197.0,1,2
2026-09-21T00:11:29.348431,esp32-may-1,20260921_000130_hoi_nuoc,455,30.5,70.0,4095.0,1.0,196.0,1,2
2026-09-21T00:11:30.523197,esp32-may-1,20260921_000130_hoi_nuoc,456,30.5,69.0,4095.0,1.0,197.0,1,2
2026-09-21T00:11:31.547026,esp32-may-1,20260921_000130_hoi_nuoc,457,30.5,69.0,4095.0,1.0,197.0,1,2
2026-09-21T00:11:32.365429,esp32-may-1,20260921_000130_hoi_nuoc,458,30.5,70.0,4095.0,1.0,197.0,1,2
2026-09-21T00:11:33.346156,esp32-may-1,20260921_000130_hoi_nuoc,459,30.5,70.0,4095.0,1.0,196.0,1,2
2026-09-21T00:11:34.364742,esp32-may-1,20260921_000130_hoi_nuoc,460,30.5,70.0,4095.0,1.0,197.0,1,2
2026-09-21T00:11:35.594816,esp32-may-1,20260921_000130_hoi_nuoc,461,30.5,70.0,4095.0,1.0,197.0,1,2
2026-09-21T00:11:36.565545,esp32-may-1,20260921_000130_hoi_nuoc,462,30.6,69.0,4095.0,1.0,198.0,1,2
2026-09-21T00:11:37.589418,esp32-may-1,20260921_000130_hoi_nuoc,463,30.6,69.0,4095.0,1.0,199.0,1,2
2026-09-21T00:11:38.408983,esp32-may-1,20260921_000130_hoi_nuoc,464,30.6,69.0,4095.0,1.0,198.0,1,2
2026-09-21T00:11:39.432267,esp32-may-1,20260921_000130_hoi_nuoc,465,30.6,69.0,4095.0,1.0,197.0,1,2
2026-09-21T00:11:40.355410,esp32-may-1,20260921_000130_hoi_nuoc,466,30.5,69.0,4095.0,1.0,198.0,1,2
2026-09-21T00:11:41.480521,esp32-may-1,20260921_000130_hoi_nuoc,467,30.5,69.0,4095.0,1.0,197.0,1,2
2026-09-21T00:11:42.610801,esp32-may-1,20260921_000130_hoi_nuoc,468,30.6,69.0,4095.0,1.0,143.0,1,2
2026-09-21T00:11:43.426070,esp32-may-1,20260921_000130_hoi_nuoc,469,30.6,69.0,4095.0,1.0,197.0,1,2
2026-09-21T00:11:44.449940,esp32-may-1,20260921_000130_hoi_nuoc,470,30.6,69.0,4095.0,1.0,199.0,1,2
2026-09-21T00:11:45.324819,esp32-may-1,20260921_000130_hoi_nuoc,471,30.6,69.0,4095.0,1.0,198.0,1,2
2026-09-21T00:11:46.498988,esp32-may-1,20260921_000130_hoi_nuoc,472,30.6,69.0,4095.0,1.0,189.0,1,2
2026-09-21T00:11:47.324762,esp32-may-1,20260921_000130_hoi_nuoc,473,30.6,69.0,4095.0,1.0,199.0,1,2
2026-09-21T00:11:48.545592,esp32-may-1,20260921_000130_hoi_nuoc,474,30.7,69.0,4095.0,1.0,197.0,1,2
2026-09-21T00:11:49.569505,esp32-may-1,20260921_000130_hoi_nuoc,475,30.7,69.0,4095.0,1.0,197.0,1,2
2026-09-21T00:11:50.593635,esp32-may-1,20260921_000130_hoi_nuoc,476,30.7,69.0,4095.0,1.0,198.0,1,2
2026-09-21T00:11:51.359300,esp32-may-1,20260921_000130_hoi_nuoc,477,30.7,69.0,4095.0,1.0,198.0,1,2
2026-09-21T00:11:52.436565,esp32-may-1,20260921_000130_hoi_nuoc,478,30.7,69.0,4095.0,1.0,198.0,1,2
2026-09-21T00:11:53.357999,esp32-may-1,20260921_000130_hoi_nuoc,479,30.7,69.0,4095.0,1.0,197.0,1,2
2026-09-21T00:11:54.384947,esp32-may-1,20260921_000130_hoi_nuoc,480,30.7,69.0,4095.0,1.0,197.0,1,2
2026-09-21T00:11:55.510716,esp32-may-1,20260921_000130_hoi_nuoc,481,30.7,69.0,4095.0,1.0,193.0,1,2
2026-09-21T00:11:56.533521,esp32-may-1,20260921_000130_hoi_nuoc,482,30.7,69.0,4095.0,1.0,208.0,1,2
2026-09-21T00:11:57.353066,esp32-may-1,20260921_000130_hoi_nuoc,483,30.7,69.0,4095.0,1.0,214.0,1,2
2026-09-21T00:11:58.580924,esp32-may-1,20260921_000130_hoi_nuoc,484,30.7,69.0,4095.0,1.0,217.0,1,2
2026-09-21T00:11:59.400007,esp32-may-1,20260921_000130_hoi_nuoc,485,30.7,69.0,4095.0,1.0,219.0,1,2
2026-09-21T00:12:00.423466,esp32-may-1,20260921_000130_hoi_nuoc,486,30.8,69.0,4095.0,1.0,219.0,1,2
2026-09-21T00:12:01.447287,esp32-may-1,20260921_000130_hoi_nuoc,487,30.8,69.0,4095.0,1.0,214.0,1,2
2026-09-21T00:12:02.475433,esp32-may-1,20260921_000130_hoi_nuoc,488,30.7,69.0,4095.0,1.0,213.0,1,2
2026-09-21T00:12:03.343403,esp32-may-1,20260921_000130_hoi_nuoc,489,30.7,69.0,4095.0,1.0,210.0,1,2
2026-09-21T00:12:04.520532,esp32-may-1,20260921_000130_hoi_nuoc,490,30.7,69.0,4095.0,1.0,208.0,1,2
2026-09-21T00:12:05.340161,esp32-may-1,20260921_000130_hoi_nuoc,491,30.7,69.0,4095.0,1.0,206.0,1,2
2026-09-21T00:12:06.568727,esp32-may-1,20260921_000130_hoi_nuoc,492,30.8,69.0,4095.0,1.0,202.0,1,2
2026-09-21T00:12:07.388380,esp32-may-1,20260921_000130_hoi_nuoc,493,30.8,69.0,4095.0,1.0,197.0,1,2
2026-09-21T00:12:08.363188,esp32-may-1,20260921_000130_hoi_nuoc,494,30.7,69.0,4095.0,1.0,186.0,1,2
2026-09-21T00:13:29.823857,esp32-may-1,20260921_001329_mac_dinh,1,30.1,64.0,3287.0,1.0,154.0,1,0
2026-09-21T00:13:30.792674,esp32-may-1,20260921_001329_mac_dinh,2,30.1,64.0,3253.0,1.0,153.0,1,0
2026-09-21T00:13:31.817628,esp32-may-1,20260921_001329_mac_dinh,3,30.1,64.0,3332.0,1.0,160.0,1,0
2026-09-21T00:13:32.887578,esp32-may-1,20260921_001329_mac_dinh,4,30.1,64.0,3330.0,1.0,161.0,1,0
2026-09-21T00:13:33.811642,esp32-may-1,20260921_001329_mac_dinh,5,30.1,64.0,3366.0,1.0,163.0,1,0
2026-09-21T00:13:34.944470,esp32-may-1,20260921_001329_mac_dinh,6,30.1,64.0,3437.0,1.0,169.0,1,0
2026-09-21T00:13:35.806861,esp32-may-1,20260921_001329_mac_dinh,7,30.0,63.0,4095.0,1.0,166.0,1,0
2026-09-21T00:13:36.991788,esp32-may-1,20260921_001336_test,1,30.0,63.0,4095.0,1.0,166.0,1,0
2026-09-21T00:13:38.007598,esp32-may-1,20260921_001336_test,2,30.1,64.0,3471.0,1.0,165.0,1,0
2026-09-21T00:13:39.052637,esp32-may-1,20260921_001336_test,3,30.1,64.0,3379.0,1.0,165.0,1,0
2026-09-21T00:13:39.846401,esp32-may-1,20260921_001336_test,4,30.0,63.0,3330.0,1.0,159.0,1,0
2026-09-21T00:13:40.773684,esp32-may-1,20260921_001336_test,5,30.0,63.0,3355.0,1.0,160.0,1,0
2026-09-21T00:13:42.001226,esp32-may-1,20260921_001336_test,6,30.0,64.0,3344.0,1.0,158.0,1,0
2026-09-21T00:13:42.769165,esp32-may-1,20260921_001336_test,7,30.0,64.0,3355.0,1.0,157.0,1,0
2026-09-21T00:13:43.796742,esp32-may-1,20260921_001336_test,8,30.0,64.0,3344.0,1.0,158.0,1,0
2026-09-21T00:13:44.868049,esp32-may-1,20260921_001336_test,9,30.0,64.0,3344.0,1.0,158.0,1,0
2026-09-21T00:13:45.790351,esp32-may-1,20260921_001336_test,10,30.0,64.0,3347.0,1.0,158.0,1,0
2026-09-21T00:13:46.916309,esp32-may-1,20260921_001336_test,11,30.0,64.0,3344.0,1.0,158.0,1,0
2026-09-21T00:13:47.939919,esp32-may-1,20260921_001336_test,12,30.0,63.0,3344.0,1.0,158.0,1,0
2026-09-21T00:13:48.964134,esp32-may-1,20260921_001336_test,13,30.0,63.0,3344.0,1.0,158.0,1,0
2026-09-21T00:13:49.782652,esp32-may-1,20260921_001336_test,14,30.0,64.0,3339.0,1.0,156.0,1,0
2026-09-21T00:13:50.760743,esp32-may-1,20260921_001336_test,15,30.0,64.0,3334.0,1.0,157.0,1,0
2026-09-21T00:13:52.035648,esp32-may-1,20260921_001336_test,16,30.0,64.0,3253.0,1.0,159.0,1,0
2026-09-21T00:13:53.059607,esp32-may-1,20260921_001336_test,17,30.0,64.0,3293.0,1.0,158.0,1,0
2026-09-21T00:13:53.880783,esp32-may-1,20260921_001336_test,18,29.9,65.0,3447.0,1.0,159.0,1,0
2026-09-21T00:13:54.904579,esp32-may-1,20260921_001336_test,19,29.9,65.0,3381.0,1.0,178.0,1,0
2026-09-21T00:13:55.820373,esp32-may-1,20260921_001336_test,20,29.9,65.0,3284.0,1.0,192.0,1,0
2026-09-21T00:13:56.797232,esp32-may-1,20260921_001336_test,21,29.9,65.0,3309.0,1.0,194.0,1,0
2026-09-21T00:13:57.974760,esp32-may-1,20260921_001336_test,22,29.9,66.0,3315.0,1.0,188.0,1,0
2026-09-21T00:13:58.792526,esp32-may-1,20260921_001336_test,23,29.9,66.0,3344.0,1.0,176.0,1,0
2026-09-21T00:14:00.022660,esp32-may-1,20260921_001336_test,24,29.9,67.0,3351.0,1.0,175.0,1,0
2026-09-21T00:14:00.945222,esp32-may-1,20260921_001336_test,25,29.9,67.0,3935.0,1.0,170.0,1,0
2026-09-21T00:14:01.969887,esp32-may-1,20260921_001336_test,26,29.8,67.0,4047.0,1.0,154.0,1,0
2026-09-21T00:14:02.793103,esp32-may-1,20260921_001336_test,27,29.8,67.0,3726.0,1.0,160.0,1,0
2026-09-21T00:14:04.018818,esp32-may-1,20260921_001336_test,28,29.9,67.0,3638.0,1.0,175.0,1,0
2026-09-21T00:14:05.040869,esp32-may-1,20260921_001336_test,29,29.9,67.0,3747.0,1.0,149.0,1,0
2026-09-21T00:14:05.860077,esp32-may-1,20260921_001336_test,30,29.8,67.0,3634.0,1.0,404.0,1,0
2026-09-21T00:14:06.784160,esp32-may-1,20260921_001336_test,31,29.8,67.0,3504.0,1.0,374.0,1,0
2026-09-21T00:14:07.907754,esp32-may-1,20260921_001336_test,32,29.8,67.0,3439.0,1.0,319.0,1,0
2026-09-21T00:14:08.779014,esp32-may-1,20260921_001336_test,33,29.8,67.0,3422.0,1.0,366.0,1,0
2026-09-21T00:14:09.802412,esp32-may-1,20260921_001336_test,34,29.9,69.0,3326.0,1.0,340.0,1,0
2026-09-21T00:14:10.980530,esp32-may-1,20260921_001336_test,35,29.9,69.0,3356.0,1.0,345.0,1,0
2026-09-21T00:14:12.004199,esp32-may-1,20260921_001336_test,36,30.0,67.0,3356.0,1.0,343.0,1,0
2026-09-21T00:14:12.773548,esp32-may-1,20260921_001336_test,37,30.0,67.0,3359.0,1.0,341.0,1,0
2026-09-21T00:14:13.797271,esp32-may-1,20260921_001336_test,38,29.9,68.0,3353.0,1.0,339.0,1,0
2026-09-21T00:14:14.871024,esp32-may-1,20260921_001336_test,39,29.9,68.0,3350.0,1.0,339.0,1,0
2026-09-21T00:14:15.791384,esp32-may-1,20260921_001336_test,40,29.9,68.0,3351.0,1.0,338.0,1,0
2026-09-21T00:14:16.771594,esp32-may-1,20260921_001336_test,41,29.9,68.0,3357.0,1.0,341.0,1,0
2026-09-21T00:14:18.001838,esp32-may-1,20260921_001336_test,42,30.0,66.0,3351.0,1.0,341.0,1,0
2026-09-21T00:14:18.763557,esp32-may-1,20260921_001336_test,43,30.0,66.0,3351.0,1.0,341.0,1,0
2026-09-21T00:14:20.048355,esp32-may-1,20260921_001336_test,44,30.0,65.0,3349.0,1.0,346.0,1,0
2026-09-21T00:14:20.758000,esp32-may-1,20260921_001336_test,45,30.0,65.0,3345.0,1.0,345.0,1,0
2026-09-21T00:14:21.833686,esp32-may-1,20260921_001336_test,46,29.9,68.0,3426.0,1.0,389.0,1,0
2026-09-21T00:14:22.756665,esp32-may-1,20260921_001336_test,47,29.9,68.0,3342.0,1.0,378.0,1,0
2026-09-21T00:14:23.899835,esp32-may-1,20260921_001336_test,48,29.9,67.0,3331.0,1.0,367.0,1,0
2026-09-21T00:14:24.805950,esp32-may-1,20260921_001336_test,49,29.9,67.0,3344.0,1.0,372.0,1,0
2026-09-21T00:14:25.823058,esp32-may-1,20260921_001336_test,50,29.9,67.0,3305.0,1.0,384.0,1,0
2026-09-21T00:14:26.953069,esp32-may-1,20260921_001336_test,51,29.9,67.0,3339.0,1.0,373.0,1,0
2026-09-21T00:14:27.818694,esp32-may-1,20260921_001336_test,52,29.9,67.0,3328.0,1.0,373.0,1,0
2026-09-21T00:14:29.001278,esp32-may-1,20260921_001336_test,53,29.9,67.0,3376.0,1.0,381.0,1,0
2026-09-21T00:14:29.816962,esp32-may-1,20260921_001336_test,54,29.9,67.0,3371.0,1.0,381.0,1,0
2026-09-21T00:14:31.053814,esp32-may-1,20260921_001336_test,55,29.9,67.0,3392.0,1.0,384.0,1,0
2026-09-21T00:14:31.819125,esp32-may-1,20260921_001336_test,56,29.9,66.0,3469.0,1.0,395.0,1,0
2026-09-21T00:14:32.791900,esp32-may-1,20260921_001336_test,57,29.9,66.0,3397.0,1.0,386.0,1,0
2026-09-21T00:14:33.916171,esp32-may-1,20260921_001336_test,58,29.9,67.0,3408.0,1.0,385.0,1,0
2026-09-21T00:14:34.782467,esp32-may-1,20260921_001336_test,59,29.9,67.0,3370.0,1.0,379.0,1,0
2026-09-21T00:14:35.964214,esp32-may-1,20260921_001336_test,60,29.8,67.0,3396.0,1.0,383.0,1,0
2026-09-21T00:14:36.988626,esp32-may-1,20260921_001336_test,61,29.8,67.0,3361.0,1.0,375.0,1,0
2026-09-21T00:14:37.809324,esp32-may-1,20260921_001336_test,62,29.8,66.0,3392.0,1.0,382.0,1,0
2026-09-21T00:14:39.038498,esp32-may-1,20260921_001336_test,63,29.8,66.0,3375.0,1.0,379.0,1,0
2026-09-21T00:14:39.805861,esp32-may-1,20260921_001336_test,64,29.8,66.0,3391.0,1.0,384.0,1,0
2026-09-21T00:14:40.775799,esp32-may-1,20260921_001336_test,65,29.8,66.0,3383.0,1.0,381.0,1,0
2026-09-21T00:14:41.848804,esp32-may-1,20260921_001336_test,66,29.8,66.0,3267.0,1.0,365.0,1,0
2026-09-21T00:14:42.928603,esp32-may-1,20260921_001336_test,67,29.8,66.0,3409.0,1.0,384.0,1,0
2026-09-21T00:14:43.804041,esp32-may-1,20260921_001336_test,68,29.7,66.0,3443.0,1.0,388.0,1,0
2026-09-21T00:14:44.768696,esp32-may-1,20260921_001336_test,69,29.7,66.0,3446.0,1.0,390.0,1,0
2026-09-21T00:14:46.001358,esp32-may-1,20260921_001336_test,70,29.7,66.0,3440.0,1.0,386.0,1,0
2026-09-21T00:14:46.767808,esp32-may-1,20260921_001336_test,71,29.7,66.0,3440.0,1.0,385.0,1,0
2026-09-21T00:14:47.848795,esp32-may-1,20260921_001336_test,72,29.7,66.0,3436.0,1.0,383.0,1,0
2026-09-21T00:14:48.762554,esp32-may-1,20260921_001336_test,73,29.7,66.0,3435.0,1.0,382.0,1,0
2026-09-21T00:14:49.891375,esp32-may-1,20260921_001336_test,74,29.7,66.0,3437.0,1.0,381.0,1,0
2026-09-21T00:14:50.760147,esp32-may-1,20260921_001336_test,75,29.7,66.0,3435.0,1.0,381.0,1,0
2026-09-21T00:14:51.789454,esp32-may-1,20260921_001336_test,76,29.7,66.0,3433.0,1.0,379.0,1,0
2026-09-21T00:14:52.759892,esp32-may-1,20260921_001336_test,77,29.7,66.0,3431.0,1.0,378.0,1,0
2026-09-21T00:14:53.820197,esp32-may-1,20260921_001336_test,78,29.6,66.0,3431.0,1.0,374.0,1,0
2026-09-21T00:14:54.760841,esp32-may-1,20260921_001336_test,79,29.6,66.0,3426.0,1.0,375.0,1,0
2026-09-21T00:14:55.820279,esp32-may-1,20260921_001336_test,80,29.6,66.0,3427.0,1.0,375.0,1,0
2026-09-21T00:14:56.755436,esp32-may-1,20260921_001336_test,81,29.6,66.0,3433.0,1.0,375.0,1,0
2026-09-21T00:14:57.821779,esp32-may-1,20260921_001336_test,82,29.6,66.0,3431.0,1.0,373.0,1,0
2026-09-21T00:14:58.900707,esp32-may-1,20260921_001336_test,83,29.6,66.0,3426.0,1.0,372.0,1,0
2026-09-21T00:14:59.924842,esp32-may-1,20260921_001336_test,84,29.5,66.0,3435.0,1.0,375.0,1,0
2026-09-21T00:15:00.847598,esp32-may-1,20260921_001336_test,85,29.5,66.0,3434.0,1.0,374.0,1,0
2026-09-21T00:15:01.824901,esp32-may-1,20260921_001336_test,86,29.5,66.0,3433.0,1.0,374.0,1,0
2026-09-21T00:15:02.791392,esp32-may-1,20260921_001336_test,87,29.5,66.0,3438.0,1.0,373.0,1,0
2026-09-21T00:15:03.816658,esp32-may-1,20260921_001336_test,88,29.4,66.0,3435.0,1.0,375.0,1,0
2026-09-21T00:15:04.797508,esp32-may-1,20260921_001336_test,89,29.4,66.0,3414.0,1.0,422.0,1,0
2026-09-21T00:15:05.814144,esp32-may-1,20260921_001336_test,90,29.4,66.0,3408.0,1.0,432.0,1,0
2026-09-21T00:15:06.785810,esp32-may-1,20260921_001336_test,91,29.4,66.0,3431.0,1.0,432.0,1,0
2026-09-21T00:15:07.809407,esp32-may-1,20260921_001336_test,92,29.3,66.0,3461.0,1.0,432.0,1,0
2026-09-21T00:15:08.787827,esp32-may-1,20260921_001336_test,93,29.3,66.0,3460.0,1.0,428.0,1,0
2026-09-21T00:15:09.810414,esp32-may-1,20260921_001336_test,94,29.3,66.0,3451.0,1.0,415.0,1,0
2026-09-21T00:15:10.778570,esp32-may-1,20260921_001336_test,95,29.3,66.0,3458.0,1.0,416.0,1,0
2026-09-21T00:15:11.807920,esp32-may-1,20260921_001336_test,96,29.4,66.0,3470.0,1.0,417.0,1,0
2026-09-21T00:15:13.031384,esp32-may-1,20260921_001336_test,97,29.4,66.0,3467.0,1.0,417.0,1,0
2026-09-21T00:15:13.955203,esp32-may-1,20260921_001336_test,98,29.2,66.0,3372.0,1.0,401.0,1,0
2026-09-21T00:15:14.771860,esp32-may-1,20260921_001336_test,99,29.2,66.0,3465.0,1.0,417.0,1,0
2026-09-21T00:15:16.003839,esp32-may-1,20260921_001336_test,100,29.2,66.0,3472.0,1.0,417.0,1,0
2026-09-21T00:15:16.821422,esp32-may-1,20260921_001336_test,101,29.2,66.0,3457.0,1.0,415.0,1,0
2026-09-21T00:15:17.840102,esp32-may-1,20260921_001336_test,102,29.2,66.0,3473.0,1.0,426.0,1,0
2026-09-21T00:15:18.767661,esp32-may-1,20260921_001336_test,103,29.2,66.0,3475.0,1.0,427.0,1,0
2026-09-21T00:15:19.790881,esp32-may-1,20260921_001336_test,104,29.3,66.0,3472.0,1.0,421.0,1,0
2026-09-21T00:15:20.918246,esp32-may-1,20260921_001336_test,105,29.3,66.0,3474.0,1.0,423.0,1,0
2026-09-21T00:15:21.941453,esp32-may-1,20260921_001336_test,106,29.2,66.0,3466.0,1.0,427.0,1,0
2026-09-21T00:15:22.759936,esp32-may-1,20260921_001336_test,107,29.2,66.0,3459.0,1.0,423.0,1,0
2026-09-21T00:15:23.791253,esp32-may-1,20260921_001336_test,108,29.2,66.0,3435.0,1.0,422.0,1,0
2026-09-21T00:15:24.764492,esp32-may-1,20260921_001336_test,109,29.2,66.0,3453.0,1.0,433.0,1,0
2026-09-21T00:15:26.040163,esp32-may-1,20260921_001336_test,110,29.1,66.0,3440.0,1.0,411.0,1,0
2026-09-21T00:15:26.855856,esp32-may-1,20260921_001336_test,111,29.1,66.0,3437.0,1.0,410.0,1,0
2026-09-21T00:15:27.816989,esp32-may-1,20260921_001336_test,112,29.0,66.0,3483.0,1.0,416.0,1,0
2026-09-21T00:15:28.903908,esp32-may-1,20260921_001336_test,113,29.0,66.0,3382.0,1.0,403.0,1,0
2026-09-21T00:15:29.928870,esp32-may-1,20260921_001336_test,114,29.1,66.0,3299.0,1.0,389.0,1,0
2026-09-21T00:15:30.958726,esp32-may-1,20260921_001336_test,115,29.1,66.0,3358.0,1.0,399.0,1,0
2026-09-21T00:15:31.816154,esp32-may-1,20260921_001336_test,116,29.0,66.0,3458.0,1.0,409.0,1,0
2026-09-21T00:15:33.001063,esp32-may-1,20260921_001336_test,117,29.0,66.0,3455.0,1.0,410.0,1,0
2026-09-21T00:15:33.814605,esp32-may-1,20260921_001336_test,118,29.1,66.0,3465.0,1.0,407.0,1,0
2026-09-21T00:15:35.047910,esp32-may-1,20260921_001336_test,119,29.1,66.0,3472.0,1.0,407.0,1,0
2026-09-21T00:15:36.071124,esp32-may-1,20260921_001336_test,120,29.0,66.0,3465.0,1.0,409.0,1,0
2026-09-21T00:15:36.890363,esp32-may-1,20260921_001336_test,121,29.0,66.0,3476.0,1.0,407.0,1,0
2026-09-21T00:15:37.815646,esp32-may-1,20260921_001336_test,122,29.0,66.0,3483.0,1.0,406.0,1,0
2026-09-21T00:15:38.786574,esp32-may-1,20260921_001336_test,123,29.0,66.0,3487.0,1.0,406.0,1,0
2026-09-21T00:15:39.811730,esp32-may-1,20260921_001336_test,124,29.0,66.0,3482.0,1.0,405.0,1,0
2026-09-21T00:15:40.782539,esp32-may-1,20260921_001336_test,125,29.0,66.0,3485.0,1.0,406.0,1,0
2026-09-21T00:15:42.626947,esp32-may-1,20260921_001336_test,126,29.0,66.0,3501.0,1.0,405.0,1,0
2026-09-21T00:15:43.446821,esp32-may-1,20260921_001336_test,127,29.0,66.0,3392.0,1.0,388.0,1,0
2026-09-21T00:15:44.365329,esp32-may-1,20260921_001336_test,128,29.0,67.0,3388.0,1.0,385.0,1,0
2026-09-21T00:15:44.928079,esp32-may-1,20260921_001336_test,129,29.0,67.0,3475.0,1.0,400.0,1,0
2026-09-21T00:15:46.108305,esp32-may-1,20260921_001336_test,130,29.0,67.0,3474.0,1.0,400.0,1,0
2026-09-21T00:15:46.923763,esp32-may-1,20260921_001336_test,131,29.0,67.0,3450.0,1.0,400.0,1,0
2026-09-21T00:15:47.948423,esp32-may-1,20260921_001336_test,132,29.0,67.0,3455.0,1.0,400.0,1,0
2026-09-21T00:15:48.924661,esp32-may-1,20260921_001336_test,133,29.0,67.0,3453.0,1.0,400.0,1,0
2026-09-21T00:15:49.948745,esp32-may-1,20260921_001336_test,134,28.9,67.0,3472.0,1.0,400.0,1,0
2026-09-21T00:15:50.918586,esp32-may-1,20260921_001336_test,135,28.9,67.0,3482.0,1.0,400.0,1,0
2026-09-21T00:15:52.046869,esp32-may-1,20260921_001336_test,136,28.8,67.0,3459.0,1.0,395.0,1,0
2026-09-21T00:15:53.069016,esp32-may-1,20260921_001336_test,137,28.8,67.0,3325.0,1.0,379.0,1,0
2026-09-21T00:15:53.989281,esp32-may-1,20260921_001336_test,138,28.8,67.0,3323.0,1.0,384.0,1,0
2026-09-21T00:15:55.117215,esp32-may-1,20260921_001336_test,139,28.8,67.0,3425.0,1.0,400.0,1,0
2026-09-21T00:15:55.980681,esp32-may-1,20260921_001336_test,140,28.8,67.0,3419.0,1.0,397.0,1,0
2026-09-21T00:15:57.164471,esp32-may-1,20260921_001336_test,141,28.8,67.0,3439.0,1.0,395.0,1,0
2026-09-21T00:15:57.983799,esp32-may-1,20260921_001336_test,142,28.8,67.0,3450.0,1.0,400.0,1,0
2026-09-21T00:15:59.008325,esp32-may-1,20260921_001336_test,143,28.8,67.0,3467.0,1.0,406.0,1,0
2026-09-21T00:15:59.982147,esp32-may-1,20260921_001336_test,144,28.8,67.0,3433.0,1.0,420.0,1,0
2026-09-21T00:16:01.153809,esp32-may-1,20260921_001336_test,145,28.8,67.0,3427.0,1.0,417.0,1,0
2026-09-21T00:16:01.976527,esp32-may-1,20260921_001336_test,146,28.7,67.0,3431.0,1.0,416.0,1,0
2026-09-21T00:16:03.104901,esp32-may-1,20260921_001336_test,147,28.7,67.0,3430.0,1.0,417.0,1,0
2026-09-21T00:16:04.130844,esp32-may-1,20260921_001336_test,148,28.6,67.0,3431.0,1.0,416.0,1,0
2026-09-21T00:16:04.949087,esp32-may-1,20260921_001336_test,149,28.6,67.0,3431.0,1.0,417.0,1,0
2026-09-21T00:16:05.973244,esp32-may-1,20260921_001336_test,150,28.7,67.0,3431.0,1.0,417.0,1,0
2026-09-21T00:16:06.950879,esp32-may-1,20260921_001336_test,151,28.7,67.0,3434.0,1.0,418.0,1,0
2026-09-21T00:16:08.223996,esp32-may-1,20260921_001336_test,152,28.6,67.0,3431.0,1.0,418.0,1,0
2026-09-21T00:16:09.043130,esp32-may-1,20260921_001336_test,153,28.6,67.0,3435.0,1.0,415.0,1,0
2026-09-21T00:16:09.969558,esp32-may-1,20260921_001336_test,154,28.6,67.0,3439.0,1.0,417.0,1,0
2026-09-21T00:16:10.937862,esp32-may-1,20260921_001336_test,155,28.6,67.0,3440.0,1.0,416.0,1,0
2026-09-21T00:16:12.115467,esp32-may-1,20260921_001336_test,156,28.6,67.0,3437.0,1.0,415.0,1,0
2026-09-21T00:16:13.139195,esp32-may-1,20260921_001336_test,157,28.6,67.0,3440.0,1.0,416.0,1,0
2026-09-21T00:16:14.163955,esp32-may-1,20260921_001336_test,158,28.6,67.0,3440.0,1.0,415.0,1,0
2026-09-21T00:16:14.984741,esp32-may-1,20260921_001336_test,159,28.6,67.0,3440.0,1.0,415.0,1,0
2026-09-21T00:16:16.023804,esp32-may-1,20260921_001336_test,160,28.5,67.0,3440.0,1.0,414.0,1,0
2026-09-21T00:16:16.935649,esp32-may-1,20260921_001336_test,161,28.5,67.0,3440.0,1.0,413.0,1,0
2026-09-21T00:16:18.056204,esp32-may-1,20260921_001336_test,162,28.6,67.0,3439.0,1.0,415.0,1,0
2026-09-21T00:16:19.083092,esp32-may-1,20260921_001336_test,163,28.6,67.0,3440.0,1.0,414.0,1,0
2026-09-21T00:16:19.957253,esp32-may-1,20260921_001336_test,164,28.5,67.0,3439.0,1.0,412.0,1,0
2026-09-21T00:16:20.924606,esp32-may-1,20260921_001336_test,165,28.5,67.0,3438.0,1.0,413.0,1,0
2026-09-21T00:16:22.150532,esp32-may-1,20260921_001336_test,166,28.5,67.0,3438.0,1.0,411.0,1,0
2026-09-21T00:16:22.923183,esp32-may-1,20260921_001336_test,167,28.5,67.0,3437.0,1.0,410.0,1,0
2026-09-21T00:16:23.993759,esp32-may-1,20260921_001336_test,168,28.5,67.0,3438.0,1.0,407.0,1,0
2026-09-21T00:16:24.959349,esp32-may-1,20260921_001336_test,169,28.5,67.0,3439.0,1.0,411.0,1,0
2026-09-21T00:16:26.041252,esp32-may-1,20260921_001336_test,170,28.5,67.0,3440.0,1.0,408.0,1,0
2026-09-21T00:16:27.015869,esp32-may-1,20260921_001336_test,171,28.5,67.0,3338.0,1.0,394.0,1,0
2026-09-21T00:16:28.192337,esp32-may-1,20260921_001336_test,172,28.5,67.0,3441.0,1.0,407.0,1,0
2026-09-21T00:16:28.954440,esp32-may-1,20260921_001336_test,173,28.5,67.0,3442.0,1.0,406.0,1,0
2026-09-21T00:16:30.041037,esp32-may-1,20260921_001336_test,174,28.4,67.0,3445.0,1.0,405.0,1,0
2026-09-21T00:16:30.959675,esp32-may-1,20260921_001336_test,175,28.4,67.0,3457.0,1.0,405.0,1,0
2026-09-21T00:16:32.088219,esp32-may-1,20260921_001336_test,176,28.3,67.0,4095.0,1.0,406.0,1,0
2026-09-21T00:16:33.005257,esp32-may-1,20260921_001336_test,177,28.3,67.0,4095.0,1.0,406.0,1,0
2026-09-21T00:16:34.132822,esp32-may-1,20260921_001336_test,178,28.4,67.0,3471.0,1.0,405.0,1,0
2026-09-21T00:16:35.052212,esp32-may-1,20260921_001336_test,179,28.4,67.0,3456.0,1.0,403.0,1,0
2026-09-21T00:16:35.975087,esp32-may-1,20260921_001336_test,180,28.3,67.0,3455.0,1.0,403.0,1,0
2026-09-21T00:16:36.946425,esp32-may-1,20260921_001336_test,181,28.3,67.0,3454.0,1.0,405.0,1,0
2026-09-21T00:16:38.026345,esp32-may-1,20260921_001336_test,182,28.3,67.0,3472.0,1.0,406.0,1,0
2026-09-21T00:16:39.046983,esp32-may-1,20260921_001336_test,183,28.3,67.0,4095.0,1.0,437.0,1,0
2026-09-21T00:16:40.071597,esp32-may-1,20260921_001336_test,184,28.3,68.0,4095.0,1.0,405.0,1,0
2026-09-21T00:16:41.094535,esp32-may-1,20260921_001336_test,185,28.3,68.0,4095.0,1.0,408.0,1,0
2026-09-21T00:16:42.221855,esp32-may-1,20260921_001336_test,186,28.2,67.0,4095.0,1.0,465.0,1,0
2026-09-21T00:16:42.976662,esp32-may-1,20260921_001336_test,187,28.2,67.0,4095.0,1.0,400.0,1,0
2026-09-21T00:16:43.965989,esp32-may-1,20260921_001336_test,188,28.2,68.0,3427.0,1.0,400.0,1,0
2026-09-21T00:16:45.089454,esp32-may-1,20260921_001336_test,189,28.2,68.0,3419.0,1.0,414.0,1,0
2026-09-21T00:16:45.964574,esp32-may-1,20260921_001336_test,190,28.2,68.0,3045.0,1.0,351.0,1,0
2026-09-21T00:16:47.185305,esp32-may-1,20260921_001336_test,191,28.2,68.0,3413.0,1.0,395.0,1,0
2026-09-21T00:16:48.159706,esp32-may-1,20260921_001336_test,192,28.2,68.0,3421.0,1.0,391.0,1,0
2026-09-21T00:16:48.935204,esp32-may-1,20260921_001336_test,193,28.2,68.0,3415.0,1.0,398.0,1,0
2026-09-21T00:16:50.208420,esp32-may-1,20260921_001336_test,194,28.2,67.0,3423.0,1.0,400.0,1,0
2026-09-21T00:16:50.922923,esp32-may-1,20260921_001336_test,195,28.2,67.0,3464.0,1.0,411.0,1,0
2026-09-21T00:16:51.952983,esp32-may-1,20260921_001336_test,196,28.1,68.0,3461.0,1.0,414.0,1,0
2026-09-21T00:16:52.925462,esp32-may-1,20260921_001336_test,197,28.1,68.0,3456.0,1.0,415.0,1,0
2026-09-21T00:16:54.097774,esp32-may-1,20260921_001336_test,198,28.1,67.0,3418.0,1.0,407.0,1,0
2026-09-21T00:16:55.123736,esp32-may-1,20260921_001336_test,199,28.1,67.0,3427.0,1.0,411.0,1,0
2026-09-21T00:16:56.147963,esp32-may-1,20260921_001336_test,200,28.1,68.0,3454.0,1.0,421.0,1,0
2026-09-21T00:16:56.961226,esp32-may-1,20260921_001336_test,201,28.1,68.0,3440.0,1.0,421.0,1,0
2026-09-21T00:16:57.984694,esp32-may-1,20260921_001336_test,202,28.1,68.0,3470.0,1.0,425.0,1,0
2026-09-21T00:16:58.954969,esp32-may-1,20260921_001336_test,203,28.1,68.0,3441.0,1.0,422.0,1,0
2026-09-21T00:16:59.981329,esp32-may-1,20260921_001336_test,204,28.0,67.0,3493.0,1.0,432.0,1,0
2026-09-21T00:17:01.061075,esp32-may-1,20260921_001336_test,205,28.0,67.0,3436.0,1.0,429.0,1,0
2026-09-21T00:17:01.982055,esp32-may-1,20260921_001336_test,206,28.0,68.0,3467.0,1.0,432.0,1,0
2026-09-21T00:17:03.109163,esp32-may-1,20260921_001336_test,207,28.0,68.0,3440.0,1.0,431.0,1,0
2026-09-21T00:17:03.981534,esp32-may-1,20260921_001336_test,208,28.0,67.0,3440.0,1.0,431.0,1,0
2026-09-21T00:17:05.157004,esp32-may-1,20260921_001336_test,209,28.0,67.0,3483.0,1.0,434.0,1,0
2026-09-21T00:17:06.181348,esp32-may-1,20260921_001336_test,210,28.0,68.0,3445.0,1.0,434.0,1,0
2026-09-21T00:17:07.207271,esp32-may-1,20260921_001336_test,211,28.0,68.0,3477.0,1.0,438.0,1,0
2026-09-21T00:17:08.433473,esp32-may-1,20260921_001336_test,212,28.0,68.0,3435.0,1.0,434.0,1,0
2026-09-21T00:17:09.047733,esp32-may-1,20260921_001336_test,213,28.0,68.0,3415.0,1.0,432.0,1,0
2026-09-21T00:17:10.072598,esp32-may-1,20260921_001336_test,214,28.0,68.0,3440.0,1.0,432.0,1,0
2026-09-21T00:17:11.096027,esp32-may-1,20260921_001336_test,215,28.0,68.0,3390.0,1.0,422.0,1,0
2026-09-21T00:17:11.975025,esp32-may-1,20260921_001336_test,216,28.0,68.0,3439.0,1.0,427.0,1,0
2026-09-21T00:17:13.144180,esp32-may-1,20260921_001336_test,217,28.0,68.0,3476.0,1.0,433.0,1,0
2026-09-21T00:17:13.962907,esp32-may-1,20260921_001336_test,218,27.9,68.0,3472.0,1.0,433.0,1,0
2026-09-21T00:17:14.987219,esp32-may-1,20260921_001336_test,219,27.9,68.0,3457.0,1.0,432.0,1,0
2026-09-21T00:17:15.962249,esp32-may-1,20260921_001336_test,220,28.0,68.0,3510.0,1.0,442.0,1,0
2026-09-21T00:17:19.897511,esp32-may-1,20260921_001336_test,221,28.0,68.0,3488.0,1.0,439.0,1,0
2026-09-21T00:17:20.197761,esp32-may-1,20260921_001336_test,222,27.8,68.0,3303.0,1.0,417.0,1,0
2026-09-21T00:17:21.130900,esp32-may-1,20260921_001336_test,223,27.8,68.0,3506.0,1.0,443.0,1,0
2026-09-21T00:17:22.002907,esp32-may-1,20260921_001336_test,224,28.0,68.0,3509.0,1.0,446.0,1,0
2026-09-21T00:17:22.972837,esp32-may-1,20260921_001336_test,225,28.0,68.0,3498.0,1.0,437.0,1,0
2026-09-21T00:17:24.204582,esp32-may-1,20260921_001336_test,226,27.9,68.0,3937.0,1.0,439.0,1,0
2026-09-21T00:17:24.974101,esp32-may-1,20260921_001336_test,227,27.9,68.0,3779.0,1.0,538.0,1,0
2026-09-21T00:17:26.255923,esp32-may-1,20260921_001336_test,228,27.8,68.0,3639.0,1.0,511.0,1,0
2026-09-21T00:17:27.069156,esp32-may-1,20260921_001336_test,229,27.8,68.0,4095.0,1.0,538.0,1,0
2026-09-21T00:17:27.999263,esp32-may-1,20260921_001336_test,230,27.9,68.0,4095.0,1.0,544.0,1,0
2026-09-21T00:17:29.116135,esp32-may-1,20260921_001336_test,231,27.9,68.0,4095.0,1.0,544.0,1,0
2026-09-21T00:17:30.143708,esp32-may-1,20260921_001336_test,232,27.8,68.0,4095.0,1.0,543.0,1,0
2026-09-21T00:17:31.165524,esp32-may-1,20260921_001336_test,233,27.8,68.0,4095.0,1.0,543.0,1,0
2026-09-21T00:17:32.028018,esp32-may-1,20260921_001336_test,234,27.8,68.0,3793.0,1.0,530.0,1,0
2026-09-21T00:17:33.009036,esp32-may-1,20260921_001336_test,235,27.8,68.0,3801.0,1.0,529.0,1,0
2026-09-21T00:17:34.238238,esp32-may-1,20260921_001336_test,236,27.8,68.0,3803.0,1.0,528.0,1,0
2026-09-21T00:17:35.056070,esp32-may-1,20260921_001336_test,237,27.8,68.0,3808.0,1.0,528.0,1,0
2026-09-21T00:17:36.032519,esp32-may-1,20260921_001336_test,238,27.8,68.0,3815.0,1.0,523.0,1,0
2026-09-21T00:17:37.002103,esp32-may-1,20260921_001336_test,239,27.8,68.0,3815.0,1.0,523.0,1,0
2026-09-21T00:17:38.127578,esp32-may-1,20260921_001336_test,240,27.7,68.0,3818.0,1.0,511.0,1,0
2026-09-21T00:17:39.152099,esp32-may-1,20260921_001336_test,241,27.7,68.0,3824.0,1.0,511.0,1,0
2026-09-21T00:17:40.175703,esp32-may-1,20260921_001336_test,242,27.8,68.0,3825.0,1.0,511.0,1,0
2026-09-21T00:17:41.098377,esp32-may-1,20260921_001336_test,243,27.8,68.0,4095.0,1.0,508.0,1,0
2026-09-21T00:17:42.018666,esp32-may-1,20260921_001336_test,244,27.8,68.0,4095.0,1.0,508.0,1,0
2026-09-21T00:17:42.997972,esp32-may-1,20260921_001336_test,245,27.8,68.0,4095.0,1.0,506.0,1,0
2026-09-21T00:17:44.063220,esp32-may-1,20260921_001336_test,246,27.8,68.0,4095.0,1.0,505.0,1,0
2026-09-21T00:17:44.992490,esp32-may-1,20260921_001336_test,247,27.8,68.0,3898.0,1.0,509.0,1,0
2026-09-21T00:17:46.217870,esp32-may-1,20260921_001336_test,248,27.8,69.0,3546.0,1.0,295.0,1,0
2026-09-21T00:17:46.987955,esp32-may-1,20260921_001336_test,249,27.8,69.0,3995.0,1.0,382.0,1,0
2026-09-21T00:17:48.016109,esp32-may-1,20260921_001336_test,250,27.8,68.0,4095.0,1.0,262.0,1,0
2026-09-21T00:17:48.984236,esp32-may-1,20260921_001336_test,251,27.8,68.0,4095.0,1.0,210.0,1,0
2026-09-21T00:17:50.008234,esp32-may-1,20260921_001336_test,252,27.8,69.0,4095.0,1.0,191.0,1,0
2026-09-21T00:17:51.132461,esp32-may-1,20260921_001336_test,253,27.8,69.0,4095.0,1.0,224.0,1,0
2026-09-21T00:17:52.155940,esp32-may-1,20260921_001336_test,254,27.8,68.0,4095.0,1.0,210.0,1,0
2026-09-21T00:17:53.180254,esp32-may-1,20260921_001336_test,255,27.8,68.0,4095.0,1.0,149.0,1,0
2026-09-21T00:17:53.999001,esp32-may-1,20260921_001336_test,256,27.7,69.0,4095.0,1.0,222.0,1,0
2026-09-21T00:17:55.012553,esp32-may-1,20260921_001336_test,257,27.7,69.0,3301.0,1.0,142.0,1,0
2026-09-21T00:17:56.032786,esp32-may-1,20260921_001336_test,258,27.7,69.0,3352.0,1.0,143.0,1,0
2026-09-21T00:17:56.968195,esp32-may-1,20260921_001336_test,259,27.7,69.0,3280.0,1.0,158.0,1,0
2026-09-21T00:17:57.997471,esp32-may-1,20260921_001336_test,260,27.8,69.0,3490.0,1.0,146.0,1,0
2026-09-21T00:17:59.120135,esp32-may-1,20260921_001336_test,261,27.8,69.0,3503.0,1.0,134.0,1,0
2026-09-21T00:18:00.145348,esp32-may-1,20260921_001336_test,262,27.7,69.0,3606.0,1.0,128.0,1,0
2026-09-21T00:18:00.972544,esp32-may-1,20260921_001336_test,263,27.7,69.0,3743.0,1.0,129.0,1,0
2026-09-21T00:18:02.034721,esp32-may-1,20260921_001336_test,264,27.7,68.0,3498.0,1.0,128.0,1,0
2026-09-21T00:18:03.215767,esp32-may-1,20260921_001336_test,265,27.7,68.0,3440.0,1.0,125.0,1,0
2026-09-21T00:18:04.031311,esp32-may-1,20260921_001336_test,266,27.7,69.0,3453.0,1.0,125.0,1,0
2026-09-21T00:18:05.007450,esp32-may-1,20260921_001336_test,267,27.7,69.0,3477.0,1.0,118.0,1,0
2026-09-21T00:18:06.082996,esp32-may-1,20260921_001336_test,268,27.6,69.0,3247.0,1.0,119.0,1,0
2026-09-21T00:18:07.108205,esp32-may-1,20260921_001336_test,269,27.6,69.0,3248.0,1.0,115.0,1,0
2026-09-21T00:18:08.131154,esp32-may-1,20260921_001336_test,270,27.7,69.0,3248.0,1.0,114.0,1,0
2026-09-21T00:18:09.004049,esp32-may-1,20260921_001336_test,271,27.7,69.0,3253.0,1.0,113.0,1,0
2026-09-21T00:18:10.178760,esp32-may-1,20260921_001336_test,272,27.6,69.0,3258.0,1.0,112.0,1,0
2026-09-21T00:18:11.000882,esp32-may-1,20260921_001336_test,273,27.6,69.0,3262.0,1.0,110.0,1,0
2026-09-21T00:18:12.227004,esp32-may-1,20260921_001336_test,274,27.7,69.0,3262.0,1.0,112.0,1,0
2026-09-21T00:18:12.995834,esp32-may-1,20260921_001336_test,275,27.7,69.0,3266.0,1.0,110.0,1,0
2026-09-21T00:18:14.025623,esp32-may-1,20260921_001336_test,276,27.7,69.0,3267.0,1.0,111.0,1,0
2026-09-21T00:18:15.093833,esp32-may-1,20260921_001336_test,277,27.7,69.0,3450.0,1.0,109.0,1,0
2026-09-21T00:18:16.117875,esp32-may-1,20260921_001336_test,278,27.6,69.0,4095.0,1.0,109.0,1,0
2026-09-21T00:18:17.141310,esp32-may-1,20260921_001336_test,279,27.6,69.0,4095.0,1.0,110.0,1,0
2026-09-21T00:18:18.165871,esp32-may-1,20260921_001336_test,280,27.6,69.0,3694.0,1.0,107.0,1,0
2026-09-21T00:18:19.189490,esp32-may-1,20260921_001336_test,281,27.6,69.0,3251.0,1.0,108.0,1,0
2026-09-21T00:18:20.008186,esp32-may-1,20260921_001336_test,282,27.6,69.0,3253.0,1.0,107.0,1,0
2026-09-21T00:18:21.027646,esp32-may-1,20260921_001336_test,283,27.6,69.0,3262.0,1.0,107.0,1,0
2026-09-21T00:18:22.005621,esp32-may-1,20260921_001336_test,284,27.6,69.0,3265.0,1.0,104.0,1,0
2026-09-21T00:18:23.080293,esp32-may-1,20260921_001336_test,285,27.6,69.0,3267.0,1.0,109.0,1,0
2026-09-21T00:18:24.104152,esp32-may-1,20260921_001336_test,286,27.6,69.0,3266.0,1.0,106.0,1,0
2026-09-21T00:18:24.982303,esp32-may-1,20260921_001336_test,287,27.6,69.0,3269.0,1.0,105.0,1,0
2026-09-21T00:18:25.996677,esp32-may-1,20260921_001336_test,288,27.6,69.0,3261.0,1.0,103.0,1,0
2026-09-21T00:18:26.967548,esp32-may-1,20260921_001336_test,289,27.6,69.0,3265.0,1.0,106.0,1,0
2026-09-21T00:18:27.999004,esp32-may-1,20260921_001336_test,290,27.6,69.0,3263.0,1.0,107.0,1,0
2026-09-21T00:18:29.026035,esp32-may-1,20260921_001336_test,291,27.6,69.0,3260.0,1.0,105.0,1,0
2026-09-21T00:18:29.995401,esp32-may-1,20260921_001336_test,292,27.5,69.0,3263.0,1.0,105.0,1,0
2026-09-21T00:18:31.067107,esp32-may-1,20260921_001336_test,293,27.5,69.0,2917.0,1.0,68.0,1,0
2026-09-21T00:18:31.994754,esp32-may-1,20260921_001336_test,294,27.5,69.0,3071.0,1.0,69.0,1,0
2026-09-21T00:18:33.115657,esp32-may-1,20260921_001336_test,295,27.5,69.0,3104.0,1.0,69.0,1,0
2026-09-21T00:18:34.138972,esp32-may-1,20260921_001336_test,296,27.6,69.0,2933.0,1.0,83.0,1,0
2026-09-21T00:18:35.165477,esp32-may-1,20260921_001336_test,297,27.6,69.0,3184.0,1.0,102.0,1,0
2026-09-21T00:18:36.190479,esp32-may-1,20260921_001336_test,298,27.5,69.0,3214.0,1.0,105.0,1,0
2026-09-21T00:18:37.214217,esp32-may-1,20260921_001336_test,299,27.5,69.0,3205.0,1.0,109.0,1,0
2026-09-21T00:18:38.235274,esp32-may-1,20260921_001336_test,300,27.5,69.0,3185.0,1.0,112.0,1,0
2026-09-21T00:18:39.000566,esp32-may-1,20260921_001336_test,301,27.5,69.0,3175.0,1.0,110.0,1,0
2026-09-21T00:18:40.183589,esp32-may-1,20260921_001336_test,302,27.5,69.0,3197.0,1.0,112.0,1,0
2026-09-21T00:18:41.000103,esp32-may-1,20260921_001336_test,303,27.5,69.0,3177.0,1.0,109.0,1,0
2026-09-21T00:18:42.128150,esp32-may-1,20260921_001336_test,304,27.5,70.0,3138.0,1.0,111.0,1,0
2026-09-21T00:18:43.145378,esp32-may-1,20260921_001336_test,305,27.5,70.0,3066.0,1.0,103.0,1,0
2026-09-21T00:18:44.071981,esp32-may-1,20260921_001336_test,306,27.6,69.0,3214.0,1.0,114.0,1,0
2026-09-21T00:18:45.098573,esp32-may-1,20260921_001336_test,307,27.6,69.0,3017.0,1.0,98.0,1,0
2026-09-21T00:18:46.119601,esp32-may-1,20260921_001336_test,308,27.5,70.0,2938.0,1.0,94.0,1,0
2026-09-21T00:18:47.021934,esp32-may-1,20260921_001336_test,309,27.5,70.0,3104.0,1.0,106.0,1,0
2026-09-21T00:18:48.167766,esp32-may-1,20260921_001336_test,310,27.5,69.0,2992.0,1.0,94.0,1,0
2026-09-21T00:18:48.984895,esp32-may-1,20260921_001336_test,311,27.5,69.0,3007.0,1.0,98.0,1,0
2026-09-21T00:18:50.016642,esp32-may-1,20260921_001336_test,312,27.5,70.0,3071.0,1.0,111.0,1,0
2026-09-21T00:18:51.041577,esp32-may-1,20260921_001336_test,313,27.5,70.0,3070.0,1.0,110.0,1,0
2026-09-21T00:18:52.060883,esp32-may-1,20260921_001336_test,314,27.5,70.0,3014.0,1.0,106.0,1,0
2026-09-21T00:18:53.185978,esp32-may-1,20260921_001336_test,315,27.5,70.0,2935.0,1.0,102.0,1,0
2026-09-21T00:18:54.211246,esp32-may-1,20260921_001336_test,316,27.5,70.0,3152.0,1.0,121.0,1,0
2026-09-21T00:18:54.979849,esp32-may-1,20260921_001336_test,317,27.5,70.0,3114.0,1.0,117.0,1,0
2026-09-21T00:18:56.011750,esp32-may-1,20260921_001336_test,318,27.4,69.0,3120.0,1.0,121.0,1,0
2026-09-21T00:18:56.982089,esp32-may-1,20260921_001336_test,319,27.4,69.0,3152.0,1.0,120.0,1,0
2026-09-21T00:18:58.101933,esp32-may-1,20260921_001336_test,320,27.4,69.0,3099.0,1.0,119.0,1,0
2026-09-21T00:18:59.124979,esp32-may-1,20260921_001336_test,321,27.4,69.0,3009.0,1.0,111.0,1,0
2026-09-21T00:19:00.003216,esp32-may-1,20260921_001336_test,322,27.4,69.0,2975.0,1.0,108.0,1,0
2026-09-21T00:19:00.969047,esp32-may-1,20260921_001336_test,323,27.4,69.0,3061.0,1.0,114.0,1,0
2026-09-21T00:19:02.402875,esp32-may-1,20260921_001336_test,324,27.5,69.0,3015.0,1.0,112.0,1,0
2026-09-21T00:19:03.226318,esp32-may-1,20260921_001336_test,325,27.5,69.0,3089.0,1.0,119.0,1,0
2026-09-21T00:19:03.995410,esp32-may-1,20260921_001336_test,326,27.4,70.0,3126.0,1.0,126.0,1,0
2026-09-21T00:19:05.063413,esp32-may-1,20260921_001336_test,327,27.4,70.0,3158.0,1.0,129.0,1,0
2026-09-21T00:19:06.036914,esp32-may-1,20260921_001336_test,328,27.4,70.0,3151.0,1.0,129.0,1,0
2026-09-21T00:19:07.011394,esp32-may-1,20260921_001336_test,329,27.4,70.0,2989.0,1.0,128.0,1,0
2026-09-21T00:19:08.032156,esp32-may-1,20260921_001336_test,330,27.4,70.0,3103.0,1.0,127.0,1,0
2026-09-21T00:19:09.160414,esp32-may-1,20260921_001336_test,331,27.4,70.0,3170.0,1.0,128.0,1,0
2026-09-21T00:19:10.023052,esp32-may-1,20260921_001336_test,332,27.4,69.0,3181.0,1.0,128.0,1,0
2026-09-21T00:19:11.003118,esp32-may-1,20260921_001336_test,333,27.4,69.0,3183.0,1.0,128.0,1,0
2026-09-21T00:19:12.231687,esp32-may-1,20260921_001336_test,334,27.4,70.0,3195.0,1.0,128.0,1,0
2026-09-21T00:19:13.056513,esp32-may-1,20260921_001336_test,335,27.4,70.0,3209.0,1.0,129.0,1,0
2026-09-21T00:19:14.021253,esp32-may-1,20260921_001336_test,336,27.4,70.0,3216.0,1.0,129.0,1,0
2026-09-21T00:19:15.098918,esp32-may-1,20260921_001336_test,337,27.4,70.0,3222.0,1.0,128.0,1,0
2026-09-21T00:19:16.019000,esp32-may-1,20260921_001336_test,338,27.4,70.0,3229.0,1.0,128.0,1,0
2026-09-21T00:19:17.147722,esp32-may-1,20260921_001336_test,339,27.4,70.0,3175.0,1.0,122.0,1,0
2026-09-21T00:19:18.021311,esp32-may-1,20260921_001336_test,340,27.4,70.0,3200.0,1.0,119.0,1,0
2026-09-21T00:19:18.992802,esp32-may-1,20260921_001336_test,341,27.4,70.0,3216.0,1.0,123.0,1,0
2026-09-21T00:19:20.224060,esp32-may-1,20260921_001336_test,342,27.4,69.0,3226.0,1.0,123.0,1,0
2026-09-21T00:19:20.991567,esp32-may-1,20260921_001336_test,343,27.4,69.0,3222.0,1.0,122.0,1,0
2026-09-21T00:19:22.061444,esp32-may-1,20260921_001336_test,344,27.3,70.0,3222.0,1.0,120.0,1,0
2026-09-21T00:19:22.988491,esp32-may-1,20260921_001336_test,345,27.3,70.0,3227.0,1.0,121.0,1,0
2026-09-21T00:19:24.116133,esp32-may-1,20260921_001336_test,346,27.4,69.0,3217.0,1.0,119.0,1,0
2026-09-21T00:19:24.982317,esp32-may-1,20260921_001336_test,347,27.4,69.0,3229.0,1.0,118.0,1,0
2026-09-21T00:19:26.008229,esp32-may-1,20260921_001336_test,348,27.3,70.0,3223.0,1.0,118.0,1,0
2026-09-21T00:19:26.974587,esp32-may-1,20260921_001336_test,349,27.3,70.0,3231.0,1.0,119.0,1,0
2026-09-21T00:19:28.000436,esp32-may-1,20260921_001336_test,350,27.3,69.0,3232.0,1.0,118.0,1,0
2026-09-21T00:19:29.012679,esp32-may-1,20260921_001336_test,351,27.3,69.0,3231.0,1.0,117.0,1,0
2026-09-21T00:19:30.003185,esp32-may-1,20260921_001336_test,352,27.3,70.0,3232.0,1.0,115.0,1,0
2026-09-21T00:19:30.968369,esp32-may-1,20260921_001336_test,353,27.3,70.0,3230.0,1.0,114.0,1,0
2026-09-21T00:19:31.994384,esp32-may-1,20260921_001336_test,354,27.4,70.0,3243.0,1.0,116.0,1,0
2026-09-21T00:19:33.120106,esp32-may-1,20260921_001336_test,355,27.4,70.0,3243.0,1.0,113.0,1,0
2026-09-21T00:19:33.991364,esp32-may-1,20260921_001336_test,356,27.3,69.0,3264.0,1.0,114.0,1,0
2026-09-21T00:19:35.168264,esp32-may-1,20260921_001336_test,357,27.3,69.0,3242.0,1.0,115.0,1,0
2026-09-21T00:19:35.987295,esp32-may-1,20260921_001336_test,358,27.3,69.0,3251.0,1.0,114.0,1,0
2026-09-21T00:19:36.999500,esp32-may-1,20260921_001336_test,359,27.3,69.0,3281.0,1.0,115.0,1,0
2026-09-21T00:19:38.444995,esp32-may-1,20260921_001336_test,360,27.3,70.0,3248.0,1.0,113.0,1,0
2026-09-21T00:19:39.000968,esp32-may-1,20260921_001336_test,361,27.3,70.0,3245.0,1.0,113.0,1,0
2026-09-21T00:19:40.029167,esp32-may-1,20260921_001336_test,362,27.3,69.0,3248.0,1.0,114.0,1,0
2026-09-21T00:19:41.000814,esp32-may-1,20260921_001336_test,363,27.3,69.0,3242.0,1.0,113.0,1,0
2026-09-21T00:19:42.132612,esp32-may-1,20260921_001336_test,364,27.3,69.0,3247.0,1.0,115.0,1,0
2026-09-21T00:19:43.667006,esp32-may-1,20260921_001336_test,365,27.3,69.0,3243.0,1.0,114.0,1,0
2026-09-21T00:19:44.589290,esp32-may-1,20260921_001336_test,366,27.4,69.0,3120.0,1.0,101.0,1,0
2026-09-21T00:19:45.509772,esp32-may-1,20260921_001336_test,367,27.4,69.0,3041.0,1.0,109.0,1,0
2026-09-21T00:19:46.127344,esp32-may-1,20260921_001336_test,368,27.3,70.0,3199.0,1.0,115.0,1,0
2026-09-21T00:19:47.251435,esp32-may-1,20260921_001336_test,369,27.3,70.0,3258.0,1.0,118.0,1,0
2026-09-21T00:19:48.121399,esp32-may-1,20260921_001336_test,370,27.3,70.0,3258.0,1.0,117.0,1,0
2026-09-21T00:19:49.089185,esp32-may-1,20260921_001336_test,371,27.3,70.0,3250.0,1.0,118.0,1,0
2026-09-21T00:19:50.120546,esp32-may-1,20260921_001336_test,372,27.3,69.0,3254.0,1.0,116.0,1,0
2026-09-21T00:19:51.141553,esp32-may-1,20260921_001336_test,373,27.3,69.0,3263.0,1.0,118.0,1,0
2026-09-21T00:19:52.166792,esp32-may-1,20260921_001336_test,374,27.2,70.0,3257.0,1.0,117.0,1,0
2026-09-21T00:19:53.189397,esp32-may-1,20260921_001336_test,375,27.2,70.0,3346.0,1.0,115.0,1,0
2026-09-21T00:19:54.213232,esp32-may-1,20260921_001336_test,376,27.3,70.0,3266.0,1.0,118.0,1,0
2026-09-21T00:19:55.083802,esp32-may-1,20260921_001336_test,377,27.3,70.0,3259.0,1.0,114.0,1,0
2026-09-21T00:19:56.110059,esp32-may-1,20260921_001336_test,378,27.2,70.0,3248.0,1.0,113.0,1,0
2026-09-21T00:19:57.087469,esp32-may-1,20260921_001336_test,379,27.2,70.0,3262.0,1.0,113.0,1,0
2026-09-21T00:19:58.375754,esp32-may-1,20260921_001336_test,380,27.3,70.0,3278.0,1.0,114.0,1,0
2026-09-21T00:19:59.333322,esp32-may-1,20260921_001336_test,381,27.3,70.0,3227.0,1.0,110.0,1,0
2026-09-21T00:20:00.152665,esp32-may-1,20260921_001336_test,382,27.2,70.0,3267.0,1.0,112.0,1,0
2026-09-21T00:20:01.074512,esp32-may-1,20260921_001336_test,383,27.2,70.0,3270.0,1.0,112.0,1,0
2026-09-21T00:20:02.104202,esp32-may-1,20260921_001336_test,384,27.3,70.0,3274.0,1.0,113.0,1,0
2026-09-21T00:20:03.227064,esp32-may-1,20260921_001336_test,385,27.3,70.0,3262.0,1.0,112.0,1,0
2026-09-21T00:20:04.248670,esp32-may-1,20260921_001336_test,386,27.2,69.0,3261.0,1.0,112.0,1,0
2026-09-21T00:20:05.065765,esp32-may-1,20260921_001336_test,387,27.2,69.0,3263.0,1.0,112.0,1,0
2026-09-21T00:20:06.092089,esp32-may-1,20260921_001336_test,388,27.2,70.0,3266.0,1.0,112.0,1,0
2026-09-21T00:20:07.218746,esp32-may-1,20260921_001336_test,389,27.2,70.0,3265.0,1.0,112.0,1,0
2026-09-21T00:20:08.142395,esp32-may-1,20260921_001336_test,390,27.2,70.0,3262.0,1.0,111.0,1,0
2026-09-21T00:20:09.266884,esp32-may-1,20260921_001336_test,391,27.2,70.0,3315.0,1.0,113.0,1,0
2026-09-21T00:20:10.084449,esp32-may-1,20260921_001336_test,392,27.3,70.0,3319.0,1.0,113.0,1,0
2026-09-21T00:20:11.064100,esp32-may-1,20260921_001336_test,393,27.3,70.0,3329.0,1.0,112.0,1,0
2026-09-21T00:20:12.134875,esp32-may-1,20260921_001336_test,394,27.2,70.0,3344.0,1.0,112.0,1,0
2026-09-21T00:20:13.061058,esp32-may-1,20260921_001336_test,395,27.2,70.0,3354.0,1.0,112.0,1,0
2026-09-21T00:20:14.232591,esp32-may-1,20260921_001336_test,396,27.3,70.0,3371.0,1.0,113.0,1,0
2026-09-21T00:20:15.205873,esp32-may-1,20260921_001336_test,397,27.3,70.0,3366.0,1.0,105.0,1,0
2026-09-21T00:20:16.229907,esp32-may-1,20260921_001336_test,398,27.2,69.0,3278.0,1.0,106.0,1,0
2026-09-21T00:20:17.054442,esp32-may-1,20260921_001336_test,399,27.2,69.0,3341.0,1.0,112.0,1,0
2026-09-21T00:20:18.279184,esp32-may-1,20260921_001336_test,400,27.2,70.0,3347.0,1.0,112.0,1,0
2026-09-21T00:20:19.098490,esp32-may-1,20260921_001336_test,401,27.2,70.0,3321.0,1.0,111.0,1,0
2026-09-21T00:20:20.325405,esp32-may-1,20260921_001336_test,402,27.2,69.0,3323.0,1.0,114.0,1,0
2026-09-21T00:20:21.086009,esp32-may-1,20260921_001336_test,403,27.2,69.0,3325.0,1.0,112.0,1,0
2026-09-21T00:20:22.168520,esp32-may-1,20260921_001336_test,404,27.2,70.0,3322.0,1.0,112.0,1,0
2026-09-21T00:20:23.089158,esp32-may-1,20260921_001336_test,405,27.2,70.0,3329.0,1.0,112.0,1,0
2026-09-21T00:20:24.216160,esp32-may-1,20260921_001336_test,406,27.2,69.0,3329.0,1.0,112.0,1,0
2026-09-21T00:20:25.241211,esp32-may-1,20260921_001336_test,407,27.2,69.0,3333.0,1.0,112.0,1,0
2026-09-21T00:20:26.268772,esp32-may-1,20260921_001336_test,408,27.2,70.0,3329.0,1.0,112.0,1,0
2026-09-21T00:20:27.086892,esp32-may-1,20260921_001336_test,409,27.2,70.0,3334.0,1.0,112.0,1,0
2026-09-21T00:20:28.312016,esp32-may-1,20260921_001336_test,410,27.2,70.0,3332.0,1.0,112.0,1,0
2026-09-21T00:20:29.337931,esp32-may-1,20260921_001336_test,411,27.2,70.0,3335.0,1.0,112.0,1,0
2026-09-21T00:20:30.360058,esp32-may-1,20260921_001336_test,412,27.2,70.0,3335.0,1.0,112.0,1,0
2026-09-21T00:20:31.076137,esp32-may-1,20260921_001336_test,413,27.2,70.0,3312.0,1.0,109.0,1,0
2026-09-21T00:20:32.099402,esp32-may-1,20260921_001336_test,414,27.2,70.0,3303.0,1.0,107.0,1,0
2026-09-21T00:20:33.078909,esp32-may-1,20260921_001336_test,415,27.2,70.0,3504.0,1.0,110.0,1,0
2026-09-21T00:20:34.251284,esp32-may-1,20260921_001336_test,416,27.2,70.0,4095.0,1.0,108.0,1,0
2026-09-21T00:20:35.069464,esp32-may-1,20260921_001336_test,417,27.2,70.0,4095.0,1.0,107.0,1,0
2026-09-21T00:20:36.299668,esp32-may-1,20260921_001336_test,418,27.2,69.0,3183.0,1.0,95.0,1,0
2026-09-21T00:20:37.119853,esp32-may-1,20260921_001336_test,419,27.2,69.0,3296.0,1.0,107.0,1,0
2026-09-21T00:20:38.246508,esp32-may-1,20260921_001336_test,420,27.2,69.0,3136.0,1.0,99.0,1,0
2026-09-21T00:20:39.072237,esp32-may-1,20260921_001336_test,421,27.2,69.0,3296.0,1.0,112.0,1,0
2026-09-21T00:20:40.087897,esp32-may-1,20260921_001336_test,422,27.2,70.0,3310.0,1.0,113.0,1,0
2026-09-21T00:20:41.067560,esp32-may-1,20260921_001336_test,423,27.2,70.0,3315.0,1.0,112.0,1,0
2026-09-21T00:20:42.135878,esp32-may-1,20260921_001336_test,424,27.1,70.0,3328.0,1.0,115.0,1,0
2026-09-21T00:20:43.116322,esp32-may-1,20260921_001336_test,425,27.1,70.0,3235.0,1.0,109.0,1,0
2026-09-21T00:20:44.491098,esp32-may-1,20260921_001336_test,426,27.1,69.0,3244.0,1.0,105.0,1,0
2026-09-21T00:20:45.415114,esp32-may-1,20260921_001336_test,427,27.1,69.0,3366.0,1.0,114.0,1,0
2026-09-21T00:20:46.232466,esp32-may-1,20260921_001336_test,428,27.2,70.0,3366.0,1.0,113.0,1,0
2026-09-21T00:20:47.053208,esp32-may-1,20260921_001336_test,429,27.2,70.0,3353.0,1.0,119.0,1,0
2026-09-21T00:20:48.280900,esp32-may-1,20260921_001336_test,430,27.2,70.0,3337.0,1.0,118.0,1,0
2026-09-21T00:20:49.303402,esp32-may-1,20260921_001336_test,431,27.2,70.0,3351.0,1.0,118.0,1,0
2026-09-21T00:20:50.327624,esp32-may-1,20260921_001336_test,432,27.1,70.0,3357.0,1.0,117.0,1,0
2026-09-21T00:20:51.088219,esp32-may-1,20260921_001336_test,433,27.1,70.0,3344.0,1.0,115.0,1,0
2026-09-21T00:20:52.174363,esp32-may-1,20260921_001336_test,434,27.1,70.0,3353.0,1.0,114.0,1,0
2026-09-21T00:20:53.194425,esp32-may-1,20260921_001336_test,435,27.1,70.0,3358.0,1.0,114.0,1,0
2026-09-21T00:20:54.115284,esp32-may-1,20260921_001336_test,436,27.1,70.0,3358.0,1.0,113.0,1,0
2026-09-21T00:20:55.242542,esp32-may-1,20260921_001336_test,437,27.1,70.0,3363.0,1.0,117.0,1,0
2026-09-21T00:20:56.267589,esp32-may-1,20260921_001336_test,438,27.2,70.0,3359.0,1.0,115.0,1,0
2026-09-21T00:20:57.093844,esp32-may-1,20260921_001336_test,439,27.2,70.0,3369.0,1.0,114.0,1,0
2026-09-21T00:20:58.314512,esp32-may-1,20260921_001336_test,440,27.1,70.0,3353.0,1.0,114.0,1,0
2026-09-21T00:20:59.081560,esp32-may-1,20260921_001336_test,441,27.1,70.0,3355.0,1.0,114.0,1,0
2026-09-21T00:21:00.157560,esp32-may-1,20260921_001336_test,442,27.1,70.0,3326.0,1.0,117.0,1,0
2026-09-21T00:21:01.079374,esp32-may-1,20260921_001336_test,443,27.1,70.0,3373.0,1.0,114.0,1,0
2026-09-21T00:21:02.307293,esp32-may-1,20260921_001336_test,444,27.1,70.0,3377.0,1.0,115.0,1,0
2026-09-21T00:21:03.074402,esp32-may-1,20260921_001336_test,445,27.1,70.0,3378.0,1.0,114.0,1,0
2026-09-21T00:21:04.394808,esp32-may-1,20260921_001336_test,446,27.2,70.0,3397.0,1.0,112.0,1,0
2026-09-21T00:21:05.230004,esp32-may-1,20260921_001336_test,447,27.2,70.0,3380.0,1.0,115.0,1,0
2026-09-21T00:21:06.097333,esp32-may-1,20260921_001336_test,448,27.1,70.0,3383.0,1.0,113.0,1,0
2026-09-21T00:21:07.069259,esp32-may-1,20260921_001336_test,449,27.1,70.0,3379.0,1.0,113.0,1,0
2026-09-21T00:21:08.097527,esp32-may-1,20260921_001336_test,450,27.2,70.0,3378.0,1.0,114.0,1,0
2026-09-21T00:21:09.065252,esp32-may-1,20260921_001336_test,451,27.2,70.0,3385.0,1.0,112.0,1,0
2026-09-21T00:21:10.294445,esp32-may-1,20260921_001336_test,452,27.1,70.0,3376.0,1.0,113.0,1,0
2026-09-21T00:21:11.065280,esp32-may-1,20260921_001336_test,453,27.1,70.0,3374.0,1.0,112.0,1,0
2026-09-21T00:21:12.138257,esp32-may-1,20260921_001336_test,454,27.1,70.0,3379.0,1.0,114.0,1,0
2026-09-21T00:21:13.366569,esp32-may-1,20260921_001336_test,455,27.1,70.0,3380.0,1.0,113.0,1,0
2026-09-21T00:21:14.084548,esp32-may-1,20260921_001336_test,456,27.2,70.0,3382.0,1.0,112.0,1,0
2026-09-21T00:21:15.209313,esp32-may-1,20260921_001336_test,457,27.2,70.0,3387.0,1.0,113.0,1,0
2026-09-21T00:21:16.083062,esp32-may-1,20260921_001336_test,458,27.1,69.0,3392.0,1.0,113.0,1,0
2026-09-21T00:21:17.264275,esp32-may-1,20260921_001336_test,459,27.1,69.0,3397.0,1.0,112.0,1,0
2026-09-21T00:21:18.082569,esp32-may-1,20260921_001336_test,460,27.1,69.0,3408.0,1.0,114.0,1,0
2026-09-21T00:21:19.408415,esp32-may-1,20260921_001336_test,461,27.1,69.0,3412.0,1.0,115.0,1,0
2026-09-21T00:21:20.228421,esp32-may-1,20260921_001336_test,462,27.1,70.0,3414.0,1.0,106.0,1,0
2026-09-21T00:21:21.299857,esp32-may-1,20260921_001336_test,463,27.1,70.0,3427.0,1.0,112.0,1,0
2026-09-21T00:21:22.275492,esp32-may-1,20260921_001336_test,464,27.1,70.0,3427.0,1.0,112.0,1,0
2026-09-21T00:21:23.198032,esp32-may-1,20260921_001336_test,465,27.1,70.0,3338.0,1.0,113.0,1,0
2026-09-21T00:21:24.221594,esp32-may-1,20260921_001336_test,466,27.1,70.0,3402.0,1.0,113.0,1,0
2026-09-21T00:21:25.246078,esp32-may-1,20260921_001336_test,467,27.1,70.0,3441.0,1.0,114.0,1,0
2026-09-21T00:21:26.116719,esp32-may-1,20260921_001336_test,468,27.1,70.0,3453.0,1.0,112.0,1,0
2026-09-21T00:21:27.087533,esp32-may-1,20260921_001336_test,469,27.1,70.0,3454.0,1.0,114.0,1,0
2026-09-21T00:21:28.111976,esp32-may-1,20260921_001336_test,470,27.1,69.0,3453.0,1.0,112.0,1,0
2026-09-21T00:21:29.346519,esp32-may-1,20260921_001336_test,471,27.1,69.0,3451.0,1.0,112.0,1,0
2026-09-21T00:21:30.366038,esp32-may-1,20260921_001336_test,472,27.1,69.0,3447.0,1.0,114.0,1,0
2026-09-21T00:21:31.084257,esp32-may-1,20260921_001336_test,473,27.1,69.0,3450.0,1.0,114.0,1,0
2026-09-21T00:21:32.412869,esp32-may-1,20260921_001336_test,474,27.1,69.0,3454.0,1.0,114.0,1,0
2026-09-21T00:21:33.079162,esp32-may-1,20260921_001336_test,475,27.1,69.0,3455.0,1.0,112.0,1,0
2026-09-21T00:21:34.256010,esp32-may-1,20260921_001336_test,476,27.1,70.0,3456.0,1.0,113.0,1,0
2026-09-21T00:21:35.073746,esp32-may-1,20260921_001336_test,477,27.1,70.0,3463.0,1.0,112.0,1,0
2026-09-21T00:21:36.101270,esp32-may-1,20260921_001336_test,478,27.1,69.0,3466.0,1.0,112.0,1,0
2026-09-21T00:21:37.078534,esp32-may-1,20260921_001336_test,479,27.1,69.0,3471.0,1.0,112.0,1,0
2026-09-21T00:21:38.351595,esp32-may-1,20260921_001336_test,480,27.1,69.0,3472.0,1.0,112.0,1,0
2026-09-21T00:21:39.067732,esp32-may-1,20260921_001336_test,481,27.1,69.0,3472.0,1.0,113.0,1,0
2026-09-21T00:21:40.201725,esp32-may-1,20260921_001336_test,482,27.1,69.0,3472.0,1.0,112.0,1,0
2026-09-21T00:21:41.220839,esp32-may-1,20260921_001336_test,483,27.1,69.0,3477.0,1.0,112.0,1,0
2026-09-21T00:21:42.246220,esp32-may-1,20260921_001336_test,484,27.0,69.0,3490.0,1.0,113.0,1,0
2026-09-21T00:21:43.270882,esp32-may-1,20260921_001336_test,485,27.0,69.0,3493.0,1.0,112.0,1,0
2026-09-21T00:21:44.291323,esp32-may-1,20260921_001336_test,486,27.0,69.0,3501.0,1.0,112.0,1,0
2026-09-21T00:21:45.105551,esp32-may-1,20260921_001336_test,487,27.0,69.0,3504.0,1.0,112.0,1,0
2026-09-21T00:21:46.140890,esp32-may-1,20260921_001336_test,488,27.1,70.0,3511.0,1.0,112.0,1,0
2026-09-21T00:21:47.164778,esp32-may-1,20260921_001336_test,489,27.1,70.0,3514.0,1.0,112.0,1,0
2026-09-21T00:21:48.078252,esp32-may-1,20260921_001336_test,490,27.0,70.0,3519.0,1.0,112.0,1,0
2026-09-21T00:21:49.210699,esp32-may-1,20260921_001336_test,491,27.0,70.0,3513.0,1.0,112.0,1,0
2026-09-21T00:21:50.081123,esp32-may-1,20260921_001336_test,492,27.0,69.0,3518.0,1.0,112.0,1,0
2026-09-21T00:21:51.256405,esp32-may-1,20260921_001336_test,493,27.0,69.0,3522.0,1.0,112.0,1,0
2026-09-21T00:21:52.131831,esp32-may-1,20260921_001336_test,494,27.0,70.0,3536.0,1.0,112.0,1,0
2026-09-21T00:21:53.048811,esp32-may-1,20260921_001336_test,495,27.0,70.0,3535.0,1.0,111.0,1,0
2026-09-21T00:21:54.325586,esp32-may-1,20260921_001336_test,496,27.0,70.0,3534.0,1.0,110.0,1,0
2026-09-21T00:21:55.098254,esp32-may-1,20260921_001336_test,497,27.0,70.0,3543.0,1.0,111.0,1,0
2026-09-21T00:21:56.112750,esp32-may-1,20260921_001336_test,498,27.0,70.0,3541.0,1.0,112.0,1,0
2026-09-21T00:21:57.194847,esp32-may-1,20260921_001336_test,499,27.0,70.0,3550.0,1.0,112.0,1,0
2026-09-21T00:21:58.117014,esp32-may-1,20260921_001336_test,500,27.0,70.0,3549.0,1.0,112.0,1,0
2026-09-21T00:21:59.080522,esp32-may-1,20260921_001336_test,501,27.0,70.0,3556.0,1.0,111.0,1,0
2026-09-21T00:22:00.265570,esp32-may-1,20260921_001336_test,502,27.0,70.0,3555.0,1.0,112.0,1,0
2026-09-21T00:22:01.082222,esp32-may-1,20260921_001336_test,503,27.0,70.0,3560.0,1.0,112.0,1,0
2026-09-21T00:22:02.110396,esp32-may-1,20260921_001336_test,504,27.0,70.0,3562.0,1.0,112.0,1,0
2026-09-21T00:22:03.133615,esp32-may-1,20260921_001336_test,505,27.0,70.0,3567.0,1.0,112.0,1,0
2026-09-21T00:22:04.361094,esp32-may-1,20260921_001336_test,506,27.0,69.0,3568.0,1.0,112.0,1,0
2026-09-21T00:22:05.181217,esp32-may-1,20260921_001336_test,507,27.0,69.0,3575.0,1.0,112.0,1,0
2026-09-21T00:22:06.203570,esp32-may-1,20260921_001336_test,508,27.0,69.0,3575.0,1.0,112.0,1,0
2026-09-21T00:22:07.076328,esp32-may-1,20260921_001336_test,509,27.0,69.0,3579.0,1.0,112.0,1,0
2026-09-21T00:22:08.253638,esp32-may-1,20260921_001336_test,510,27.0,69.0,3597.0,1.0,112.0,1,0
2026-09-21T00:22:09.070066,esp32-may-1,20260921_001336_test,511,27.0,69.0,3604.0,1.0,111.0,1,0
2026-09-21T00:22:10.101255,esp32-may-1,20260921_001336_test,512,27.0,70.0,3603.0,1.0,111.0,1,0
2026-09-21T00:22:11.322674,esp32-may-1,20260921_001336_test,513,27.0,70.0,3617.0,1.0,112.0,1,0
2026-09-21T00:22:12.347268,esp32-may-1,20260921_001336_test,514,27.0,70.0,3625.0,1.0,112.0,1,0
2026-09-21T00:22:13.371644,esp32-may-1,20260921_001336_test,515,27.0,70.0,3631.0,1.0,111.0,1,0
2026-09-21T00:22:14.193492,esp32-may-1,20260921_001336_test,516,27.0,69.0,3627.0,1.0,111.0,1,0
2026-09-21T00:22:15.214166,esp32-may-1,20260921_001336_test,517,27.0,69.0,3633.0,1.0,111.0,1,0
2026-09-21T00:22:16.241233,esp32-may-1,20260921_001336_test,518,27.0,69.0,3638.0,1.0,111.0,1,0
2026-09-21T00:22:17.269277,esp32-may-1,20260921_001336_test,519,27.0,69.0,3633.0,1.0,112.0,1,0
2026-09-21T00:22:18.286461,esp32-may-1,20260921_001336_test,520,27.0,69.0,3685.0,1.0,112.0,1,0
2026-09-21T00:22:19.059709,esp32-may-1,20260921_001336_test,521,27.0,69.0,4095.0,1.0,99.0,1,0
2026-09-21T00:22:20.079872,esp32-may-1,20260921_001336_test,522,27.0,70.0,4095.0,1.0,71.0,1,0
2026-09-21T00:22:21.050163,esp32-may-1,20260921_001336_test,523,27.0,70.0,4095.0,1.0,80.0,1,0
2026-09-21T00:22:22.074277,esp32-may-1,20260921_001336_test,524,27.0,70.0,4095.0,1.0,98.0,1,0
2026-09-21T00:22:23.049002,esp32-may-1,20260921_001336_test,525,27.0,70.0,4095.0,1.0,80.0,1,0
2026-09-21T00:22:24.225702,esp32-may-1,20260921_001336_test,526,27.0,70.0,4095.0,1.0,85.0,1,0
2026-09-21T00:22:25.249092,esp32-may-1,20260921_001336_test,527,27.0,70.0,4095.0,1.0,112.0,1,0
2026-09-21T00:22:26.477534,esp32-may-1,20260921_001336_test,528,27.0,70.0,4095.0,1.0,123.0,1,0
2026-09-21T00:22:27.298719,esp32-may-1,20260921_001336_test,529,27.0,70.0,4095.0,1.0,128.0,1,0
2026-09-21T00:22:28.321694,esp32-may-1,20260921_001336_test,530,27.0,70.0,4095.0,1.0,128.0,1,0
2026-09-21T00:22:29.086018,esp32-may-1,20260921_001336_test,531,27.0,70.0,4095.0,1.0,133.0,1,0
2026-09-21T00:22:30.368672,esp32-may-1,20260921_001336_test,532,27.0,70.0,4095.0,1.0,130.0,1,0
2026-09-21T00:22:31.392459,esp32-may-1,20260921_001336_test,533,27.0,70.0,4095.0,1.0,128.0,1,0
2026-09-21T00:22:32.212135,esp32-may-1,20260921_001336_test,534,27.0,70.0,4095.0,1.0,127.0,1,0
2026-09-21T00:22:35.275791,esp32-may-1,20260921_001336_test,535,27.0,70.0,4095.0,1.0,125.0,1,0
2026-09-21T00:22:36.205868,esp32-may-1,20260921_001336_test,536,27.0,70.0,4095.0,1.0,122.0,1,0
2026-09-21T00:22:37.230443,esp32-may-1,20260921_001336_test,537,27.0,69.0,4095.0,1.0,118.0,1,0
2026-09-21T00:22:38.093880,esp32-may-1,20260921_001336_test,538,27.0,69.0,4095.0,1.0,116.0,1,0
2026-09-21T00:22:39.124831,esp32-may-1,20260921_001336_test,539,27.0,69.0,4095.0,1.0,116.0,1,0
2026-09-21T00:22:40.302430,esp32-may-1,20260921_001336_test,540,27.0,69.0,4095.0,1.0,114.0,1,0
2026-09-21T00:22:41.120307,esp32-may-1,20260921_001336_test,541,27.0,70.0,3661.0,1.0,109.0,1,0
2026-09-21T00:22:42.145285,esp32-may-1,20260921_001336_test,542,27.0,70.0,3410.0,1.0,87.0,1,0
2026-09-21T00:22:43.171880,esp32-may-1,20260921_001336_test,543,27.0,69.0,3686.0,1.0,96.0,1,0
2026-09-21T00:22:44.398262,esp32-may-1,20260921_001336_test,544,27.0,69.0,3774.0,1.0,93.0,1,0
2026-09-21T00:22:45.219704,esp32-may-1,20260921_001336_test,545,27.0,70.0,3653.0,1.0,87.0,1,0
